input,normalized,correct_label,time_context,location_context
thereis the giraffe,there's the giraffe,giraffe,afternoon,hospital
i am hurt,i am hurt,i am hurt,evening,restaurant
i need medicine,i need medicine,capsule,afternoon,hospital
i am hungry,i am hungry,breakfast,morning,home
i want to sleep,i want to sleep,nap,morning,home
crumble t,crumble t,crumble,midday,school
 am sorry,am sorry,i am sorry,morning,home
happy birthday,happy birthday,grandpa's birthday,evening,restaurant
i want food,i want food,lunch,midday,school
i feel cold,i feel cold,coat,night,community
strangers-beware!,strangers- beware!,strangers- beware!,morning,home
blow my ns,blow my ns,blow nose,night,community
no pshng please,no pushing please,no pushing please,morning,home
can you make a sandwcih for me,can you make a sandwich for me,sandwich,morning,home
addsome mustard,addsome mustard,mustard,evening,restaurant
i wantsome hotdog,i wantsome hotdog,hotdog,midday,school
its a buffalo,its a buffalo,buffalo,afternoon,hospital
i feel cold,i feel cold,jacket,midday,school
i want to sleep,i want to sleep,rest,evening,restaurant
good evening,good evening,good evening,midday,school
itsso golden,its golden,golden,night,community
excuse me pls,excuse me pls,excuse me,afternoon,hospital
i want to change my t-shirt,i want to change my t-shirt,change t-shirt,morning,home
i want to sleap,i want to sleap,rest,evening,restaurant
cn w go to ice hockey,can w go to ice hockey,ice hockey,midday,school
there is the pegio,there is the pegion,pigeon,afternoon,hospital
i love glb jamun,i love gulab jamun,gulab jamun,afternoon,hospital
give me apple juiec,give me apple juice,apple juice,afternoon,hospital
ti??s bat,this bat,bat,afternoon,hospital
i wan a drink,i wan a drink,water,morning,home
i want to change my footwear,i want to change my footwear,change footwear,afternoon,hospital
cn you roast beef,can you roast beef,roast beef,morning,home
i want some snack mix,i want some snack mix,snack mix,night,community
lets go to grocery shop,lets go to grocery shop,grocery shop,evening,restaurant
i wan a drink,i wan a drink,juice,midday,school
its a rabbit,its a rabbit,rabbit,afternoon,hospital
i am hungry,i am hungry,snack,afternoon,hospital
i want to dnc,i want to dance,dance,night,community
its a diamond,its a diamond,diamond,evening,restaurant
i want shampo,i want shampoo,shampoo,night,community
i wantto change my innerwear,i want change my innerwear,change innerwear,night,community
give m pencil,give m pencil,pencil,afternoon,hospital
its italian,its italian,italian,evening,restaurant
i wantto change my footwear,i want change my footwear,change footwear,afternoon,hospital
i wantpav bhaji,i wantpav bhaji,pav bhaji,evening,restaurant
h grandpa,h grandpa,grandfather,midday,school
i ws pinched,i was pinched,i was pinched,midday,school
i am thirsty,i am thirsty,juice,evening,restaurant
i watn cuppa noodles,i what cuppa noodles,cuppa noodles,night,community
give me gajarhalwa,give me gajarhalwa,gajarhalwa,morning,home
i want to wtch cricket,i want to watch cricket,cricket,evening,restaurant
i was pinche,i was pinched,i was pinched,midday,school
i wantstapler,i stapler,stapler,morning,home
i feel pain,i feel pain,clinic,night,community
add some maple syrup,add some maple syrup,maple syrup,evening,restaurant
its in kitchen,its in kitchen,kitchen,afternoon,hospital
its my hbt,its my habit,habits,morning,home
i want strawberry milkshake,i want strawberry milkshake,strawberry milkshake,afternoon,hospital
its inside the fridge,its inside the fridge,fridge,afternoon,hospital
gv me pencil,gve me pencil,pencil,midday,school
its thepeach,its peach,peach,afternoon,hospital
its rde,its ride,red,morning,home
i want some stmd veggies,i want some stmd veggies,steamed veggies,evening,restaurant
i lk sports,i lk sports,sports,afternoon,hospital
i want jackfruit,i want jackfruit,jackfruit,midday,school
i lik chicken wings,i like chicken wings,chicken wings,night,community
this is my caregiver,this is my caregiver,caregiver,midday,school
i want a drnk,i want a drnk,coca-cola,evening,restaurant
i want aalo poori,i want aaloo poori,aaloo poori,evening,restaurant
cn w go to ice hockey,can w go to ice hockey,ice hockey,morning,home
i am hurt,i am hurt,i am hurt,morning,home
i want ikwi,i want kiwi,kiwi,night,community
give me some chutney,give me some chutney,chutney,afternoon,hospital
i see a crocodile,i see a crocodile,crocodile,evening,restaurant
where is the bal pit,where is the ball pit,ball pit,night,community
i lk chocolate milkshake,i lk chocolate milkshake,chocolate milkshake,morning,home
i wantjackfruit,i jackfruit,jackfruit,midday,school
i want some soup,i want some soup,soup,afternoon,hospital
is thisthe standing line,is thisthe standing line,standing line,afternoon,hospital
happy birthda,happy birthday,grandpa's birthday,morning,home
there is the sheep,there is the sheep,sheep,night,community
 want burger,want burger,burger,morning,home
can yo make me some scrambled eggs,can you make me some scrambled eggs,scrambled eggs,midday,school
i am thirsty,i am thirsty,juice,evening,restaurant
 like sports,like sports,sports,midday,school
i m all done,i m all done,i am all done,night,community
i wan to sleep,i wan to sleep,sleep,night,community
i want food,i want food,dinner,night,community
give me custard,give me custard,custard,morning,home
add some mustard,add some mustard,mustard,afternoon,hospital
i wan a drink,i wan a drink,coca-cola,evening,restaurant
i want toplay seesasw,i want play seesasw,see-saw,night,community
be safety,be safety,safety,midday,school
i want some hotdog,i want some hotdog,hotdog,morning,home
i want to brush my teeth,i want to brush my teeth,brush teeth,morning,home
take me tobalcony,take me balcony,balcony,afternoon,hospital
i want to go in bike,i want to go in bike,bike,night,community
i want a drnk,i want a drnk,soda,night,community
take me to stffrm,take me to staffroom,staffroom,night,community
i feel pain,i feel pain,clinic,night,community
i am hungry,i am hungry,snack,afternoon,hospital
shall weplay a puzzle,shall play a puzzle,puzzle,evening,restaurant
good friday,good friday,good friday,evening,restaurant
i am hungry,i am hungry,snack,afternoon,hospital
happy ganesh chaturthi,happy ganesh chaturthi,ganesh chaturthi,midday,school
lts go to the mall,lets go to the mall,mall,afternoon,hospital
"""please give me a dosa.""","""please give me a dosa.""",dosa,midday,school
i want to change my frock,i want to change my frock,change frock,midday,school
take my drwng book,take my drawing book,drawing book,afternoon,hospital
give me cooki,give me cookie,cookie,afternoon,hospital
giev me bear,give me bear,bear,night,community
come lets dance,come lets dance,lets dance,midday,school
i want fud,i want fud,breakfast,morning,home
happybirthday,birthday,birthdays,morning,home
lets go to grocery sho,lets go to grocery show,grocery shop,evening,restaurant
go to the meetshop,go to the meat shop,meat shop,night,community
its purlpe,its purple,purple,evening,restaurant
welcome,welcome,greetings,midday,school
go to the meet shop,go to the meet shop,meat shop,evening,restaurant
this i my house,this i my house,my house,afternoon,hospital
i wan food,i wan food,tiffin,evening,restaurant
i have my mrnng routine,i have my morning routine,morning routine,morning,home
i wantto change my footwear,i want change my footwear,change footwear,evening,restaurant
i feel pain,i feel pain,nurse,midday,school
i need medicine,i need medicine,capsule,afternoon,hospital
i need medicin,i need medicin,capsule,afternoon,hospital
i want to sleep,i want to sleep,nap,afternoon,hospital
can you help me remove clothes,can you help me remove clothes,help remove clothes,evening,restaurant
i want a drink,i want a drink,water,afternoon,hospital
i wan a drink,i wan a drink,coca-cola,evening,restaurant
ts red,its red,red,midday,school
i wan some hotdog,i want some hotdog,hotdog,night,community
i want somerice,i want somerice,rice,evening,restaurant
there's the pengiun,there's the penguin,penguin,morning,home
i love dragonfruit,i love dragonfruit,dragonfruit,afternoon,hospital
i want cherry,i want cherry,cherry,evening,restaurant
i want a drnk,i want a drnk,soda,night,community
hello nty,hello aunty,aunt,morning,home
itscloudy,cloudy,cloudy,night,community
i want to rd bicycle,i want to red bicycle,bicycle,evening,restaurant
there are some garbage in the bin,there are some garbage in the bin,garbage in the bin,evening,restaurant
can you rst beef,can you roast beef,roast beef,midday,school
it is blu,it is blue,blue,evening,restaurant
i am thirsty,i am thirsty,water,afternoon,hospital
i am hungry,i am hungry,snack,afternoon,hospital
howare you,howare you,how are you,afternoon,hospital
i am hungry,i am hungry,tiffin,evening,restaurant
i like chees,i like cheese,cheese,morning,home
i want a drnk,i want a drnk,water,afternoon,hospital
i want chrery,i want cherry,cherry,evening,restaurant
i want to sleep,i want to sleep,rest,evening,restaurant
i want to wea watch,i want to wear watch,watch,evening,restaurant
mynose,nose,nose,night,community
i want to change,i want to change,change,night,community
i want fud,i want fud,tiffin,evening,restaurant
m hat,m hat,hat,evening,restaurant
give me some dips,give me some dips,dips,midday,school
i want some rt,i want some rt,raita,morning,home
make me a protien shake,make me a protien shake,protien shake,evening,restaurant
 want donut,want donut,donut,night,community
i like bracelet,i like bracelet,bracelet,morning,home
i wan to sleep,i wan to sleep,nap,morning,home
m ankle aches,m ankle aches,ankle,night,community
its in m cupboard,its in m cupboard,cupboard,afternoon,hospital
i wan a drink,i wan a drink,juice,midday,school
there is a lio,there is a lion,lion,night,community
cover me with blnkts,cover me with blankets,blanket,evening,restaurant
mk some porridge,mk some porridge,porridge,night,community
give me some unts,give me some nuts,nuts,afternoon,hospital
i wan food,i wan food,snack,afternoon,hospital
its italian,its italian,italian,night,community
i wan to sleep,i wan to sleep,nap,morning,home
i want coffee,i want coffee,coffee,midday,school
ti??s bat,this bat,bat,morning,home
give mesome chutney,give some chutney,chutney,evening,restaurant
can you make me some scrambled eggs,can you make me some scrambled eggs,scrambled eggs,evening,restaurant
i am afraid,i am afraid,afraid,morning,home
i want croissant,i want croissant,croissant,evening,restaurant
cover me with blnkts,cover me with blankets,blanket,midday,school
add some chill flakes,add some chilli flakes,chilli flakes,evening,restaurant
take me to the park,take me to the park,park,midday,school
i am hungry,i am hungry,dinner,night,community
i want oatmea,i want oatmeal,oatmeal,morning,home
i like popcorrn,i like popcorrn,popcorn,morning,home
my hip,my hip,hip,midday,school
i wan a drink,i wan a drink,water,morning,home
give me flavoured milk,give me flavoured milk,flavoured milk,afternoon,hospital
gveme some idli,gve some idli,idli,evening,restaurant
this isbrown,this brown,brown,morning,home
i want my lunch bx,i want my lunch box,lunch box,evening,restaurant
where s the baby,where s the baby,baby,night,community
hppy dussehra,happy dussehra,dussehra,afternoon,hospital
i want to sleep,i want to sleep,nap,midday,school
hppy birthday,happy birthday,birthdays,afternoon,hospital
i want cuppa noodles,i want cuppa noodles,cuppa noodles,midday,school
hi mo,hi mom,mother,morning,home
i want a drink,i want a drink,water,morning,home
add some chilli flakes,add some chilli flakes,chilli flakes,midday,school
cn we go ice skating,can we go ice skating,iceskating,night,community
bye,bye,bye,evening,restaurant
giev me some jam,give me some jam,jam,evening,restaurant
i want myscarf,i want scarf,scarf,morning,home
i am hungry,i am hungry,dinner,night,community
i want food,i want food,dinner,night,community
use paepr clip,use paper clip,paper clip,midday,school
i wnt some grapes,i want some grapes,grapes,evening,restaurant
give me cooki,give me cookie,cookie,night,community
i am thirsty,i am thirsty,water,morning,home
i am hungry,i am hungry,snack,afternoon,hospital
thereis a dog,there's a dog,dog,night,community
nice to meet oyu,nice to meet oyu,nice to meet you,night,community
add some chilli flakes,add some chilli flakes,chilli flakes,evening,restaurant
no hands in underpant,no hands in underpants,no hands in underpants,afternoon,hospital
i want food,i want food,snack,afternoon,hospital
what is the current month,what is the current month,current month,evening,restaurant
add mr sause,add mr sause,sauce,evening,restaurant
its a cuckoo,its a cuckoo,cuckoo,midday,school
letsgo to fun zone,lets to fun zone,fun zone,night,community
salsataste good,salsataste good,salsa,night,community
i need mttn,i need mutton,mutton,night,community
i want a drink,i want a drink,coca-cola,evening,restaurant
i amin pain,i pain pain,i am in pain,night,community
i want to sleep,i want to sleep,nap,midday,school
there is the fox,there is the fox,fox,morning,home
htere is a duck,here is a duck,duck,evening,restaurant
iwant fish,want fish,fish,afternoon,hospital
i want fis,i want fish,fish,evening,restaurant
blow my nose,blow my nose,blow nose,afternoon,hospital
use paepr clip,use paper clip,paper clip,morning,home
i wa pushed,i want pushed,i was pushed,afternoon,hospital
iwant dal,want dal,dal,night,community
where is my plat,where is my plate,plate,night,community
tis my habit,this my habit,habits,afternoon,hospital
give me bnn,give me bnn,banana,night,community
i want to sleep,i want to sleep,nap,midday,school
i see a crocodile,i see a crocodile,crocodile,night,community
its acube,its cube,cube,midday,school
i want food,i want food,dinner,night,community
i want a drnk,i want a drnk,water,afternoon,hospital
its an owl,its an owl,owl,afternoon,hospital
take me to museu,take me to museum,museum,night,community
i want to eat,i want to eat,tiffin,evening,restaurant
no pickin nose please,no picking nose please,no picking nose please,morning,home
i wan to eat,i wan to eat,dinner,night,community
i wan food,i wan food,snack,afternoon,hospital
add som salt,add some salt,salt,midday,school
please tell me agai,please tell me again,please tell me again,afternoon,hospital
i wan to sleep,i wan to sleep,rest,evening,restaurant
giveme some chocolates,give some chocolates,chocolate,night,community
my hd,my hd,head,night,community
shall we go to playground,shall we go to playground,playground,afternoon,hospital
my elbow,my elbow,elbow,morning,home
i feel pain,i feel pain,nurse,midday,school
i am hungry,i am hungry,snack,afternoon,hospital
i want to bath,i want to bathe,bathing,evening,restaurant
its spring itme,its spring time,spring,afternoon,hospital
i want sheera,i want sheera,sheera,afternoon,hospital
i feel pain,i feel pain,clinic,night,community
i feel pain,i feel pain,doctor,afternoon,hospital
great job,great job,great job!!!,evening,restaurant
no biting please,no biting please,no biting please,afternoon,hospital
it is the place of worship,it is the place of worship,places of worship,morning,home
can y comb my hair,can y comb my hair,comb hair,midday,school
i want to eat,i want to eat,breakfast,morning,home
i wnat to change my frock,i what to change my frock,change frock,midday,school
can you repeat that question,can you repeat that question,questions,afternoon,hospital
 want to change my t-shirt,want to change my t-shirt,change t-shirt,morning,home
there is the english obok,there is the english book,english book,night,community
i want mango milkshake,i want mango milkshake,mango milkshake,night,community
is htis the standing line,is this the standing line,standing line,afternoon,hospital
i feel cold,i feel cold,jacket,midday,school
gv me some chutney,gve me some chutney,chutney,night,community
greatjob,great job!!!,great job!!!,morning,home
give me appel juice,give me apple juice,apple juice,evening,restaurant
i want a drink,i want a drink,water,morning,home
i want to eat,i want to eat,snack,afternoon,hospital
take me todoctor,take me doctor,doctor,midday,school
i am feeling ashmed,i am feeling ashmed,ashamed,afternoon,hospital
gd afternoon,gd afternoon,good afternoon,midday,school
i am hungry,i am hungry,lunch,midday,school
i wa pushed,i want pushed,i was pushed,evening,restaurant
i lik softball,i like softball,softball,night,community
it is my school notebook,it is my school notebook,school notebook,midday,school
pu bandage,put bandage,bandage,afternoon,hospital
i want to change my shoe,i want to change my shoe,change shoes,evening,restaurant
give m some food,give m some food,food,midday,school
there is a bsn,there is a bison,bison,morning,home
i want a drink,i want a drink,coca-cola,evening,restaurant
i want hard boiled eggs,i want hard boiled eggs,hard boiled eggs,morning,home
i want to change my shorts,i want to change my shorts,change shorts,evening,restaurant
make m some french toast,make m some french toast,french toast,midday,school
i am doneeating,i am eating,eating,night,community
there is pand,there is panda,panda,night,community
"""pleas give me a dosa.""","""please give me a dosa.""",kabab,midday,school
i want pudding,i want pudding,pudding,midday,school
its the donkey,its the donkey,donkey,midday,school
i watn to go to bed,i what to go to bed,bed,morning,home
i like kabaddi,i like kabaddi,kabaddi,morning,home
there is th shark,there is the shark,shark,midday,school
i need medicin,i need medicin,capsule,afternoon,hospital
my ahnds,my hands,hands,morning,home
i wnat pineapple,i what pineapple,pineapple,morning,home
open the doo,open the door,door,night,community
i want hard boiled ggs,i want hard boiled eggs,hard boiled eggs,afternoon,hospital
i want to eat,i want to eat,tiffin,evening,restaurant
i want a drink,i want a drink,water,afternoon,hospital
happy easter,happy easter,easter,night,community
i want to eat,i want to eat,dinner,night,community
my heart,my heart,heart,evening,restaurant
i am thirsty,i am thirsty,soda,night,community
good friday,good friday,good friday,morning,home
i want coca-cola,i want coca-cola,coca-cola,afternoon,hospital
switch on the heater,switch on the heater,heater,night,community
give me sm fruit,give me sm fruit,fruit,afternoon,hospital
crumbl it,crumble it,crumble,morning,home
pleasetell me again,please me again,please tell me again,afternoon,hospital
there is a lion,there is a lion,lion,evening,restaurant
where is the muffi,where is the muffin,muffin,midday,school
i want donut,i want donut,donut,afternoon,hospital
its awesome,its awesome,awesome!,afternoon,hospital
i want to change my short,i want to change my shorts,change shorts,morning,home
i want to play scrabble,i want to play scrabble,scrabble,morning,home
its an owl,its an owl,owl,evening,restaurant
i am in dngr,i am in danger,danger,night,community
i wan food,i wan food,dinner,night,community
i want some bns on toast,i want some beans on toast,beans on toast,midday,school
its a buffal,its a buffalo,buffalo,morning,home
iwant to wear salwar kameez,want to wear salwar kameez,salwar kameez,midday,school
i wanthoney,i wanthoney,honey,midday,school
i see the cow,i see the cow,cow,night,community
giveme gajarhalwa,give gajarhalwa,gajarhalwa,night,community
its in red light please stop,its in red light please stop,red light- wait,morning,home
i wantmiranda,i miranda,mirinda,midday,school
tis my birthday,this my birthday,my birthday,afternoon,hospital
take me to staffroom,take me to staffroom,staffroom,night,community
theer is an ant,these is an ant,ant,midday,school
i have an mrgncy,i have an emergency,emergency,night,community
i wnt to change my frock,i want to change my frock,change frock,night,community
canyou repeat that question,canyou repeat that question,questions,night,community
i want macaroons,i want macaroons,macaroons,midday,school
i am stressed out,i am stressed out,stressed,night,community
take me to food court,take me to food court,food court,evening,restaurant
be safety,be safety,safety,afternoon,hospital
cn we go ice skating,can we go ice skating,iceskating,midday,school
itsgreen,green,green,midday,school
itsgreen,green,green,morning,home
i ws scolded,i was scolded,i was scolded,midday,school
 want to eat with small bites,want to eat with small bites,eat with small bites,morning,home
its teh dolphin,its teeth dolphin,dolphin,evening,restaurant
i am thirsty,i am thirsty,juice,evening,restaurant
i need medicin,i need medicin,syrup,evening,restaurant
i want to wtch cricket,i want to watch cricket,cricket,midday,school
i lkie kabaddi,i line kabaddi,kabaddi,night,community
give me some unts,give me some nuts,nuts,morning,home
the color is wht,the color is what,white,afternoon,hospital
i needsome sambhar,i needsome sambhar,sambhar,afternoon,hospital
g back,g back,back,midday,school
i want my scarf,i want my scarf,scarf,morning,home
give mypillows,give pillows,pillows,night,community
i like barfi,i like barfi,barfi,morning,home
i need medicine,i need medicine,syrup,night,community
iwant soda,want soda,soda,afternoon,hospital
i am doing leg exercise,i am doing leg exercise,leg exercises,afternoon,hospital
i feel cold,i feel cold,blanket,morning,home
my stomach aches,my stomach aches,stomach,midday,school
switch on the light,switch on the light,light,afternoon,hospital
shall we play board game,shall we play board game,board game,midday,school
i am thirsty,i am thirsty,soda,night,community
shall we play snake & ladder,shall we play snake & ladder,snakes & ladders,evening,restaurant
i love bowling,i love bowling,bowling,night,community
i want smth,i want smth,smoothie,morning,home
ther is a lion,there is a lion,lion,evening,restaurant
i want m gloves,i want m gloves,gloves,midday,school
i wan food,i wan food,tiffin,evening,restaurant
they are myfriends,they are friends,friends,midday,school
i am doing lg exercise,i am doing leg exercise,leg exercises,evening,restaurant
 want shampoo,want shampoo,shampoo,night,community
i want fud,i want fud,dinner,night,community
noodles pls,noodles pls,noodles,morning,home
give me brd,give me bread,bread,evening,restaurant
give me for,give me for,fork,morning,home
i am thirsty,i am thirsty,water,morning,home
myshoulder aches,shoulder aches,shoulder,evening,restaurant
i wan food,i wan food,breakfast,morning,home
take al the books,take dal the books,books,afternoon,hospital
i want ginger ale,i want ginger ale,ginger ale,morning,home
i feel pain,i feel pain,clinic,night,community
i want to eat,i want to eat,lunch,midday,school
please tell me again,please tell me again,please tell me again,night,community
 like basket ball,like basket ball,basketball,midday,school
i wan a drink,i wan a drink,water,afternoon,hospital
where is my rrngs,where is my errings,earrings,afternoon,hospital
i want to dnc,i want to dance,dance,evening,restaurant
i wan ginger ale,i want ginger ale,ginger ale,morning,home
gveme some idli,gve some idli,idli,morning,home
i feel cold,i feel cold,blanket,morning,home
my elbow,my elbow,elbow,evening,restaurant
give me bread,give me bread,bread,evening,restaurant
i want some rt,i want some rt,raita,afternoon,hospital
its my legos,its my legos,legos,midday,school
i am sick,i am sick,sick,night,community
i feel pain,i feel pain,nurse,midday,school
i want tochange my innerwear,i want change my innerwear,change innerwear,evening,restaurant
i want to play seesasw,i want to play seesasw,see-saw,afternoon,hospital
tis snowy,this snowy,snowy,evening,restaurant
i wan to sleep,i wan to sleep,nap,afternoon,hospital
happy hallowee,happy halloween,halloween,evening,restaurant
i want to drw,i want to draw,draw,midday,school
plesae slow down,please slow down,please slow down,midday,school
my eyes,my eyes,eyes,midday,school
i want pzz,i want pizza,pizza,midday,school
my nck,my neck,neck,evening,restaurant
i want shr,i want shirt,sheera,morning,home
can you repeat that question,can you repeat that question,questions,night,community
ts a snake,its a snake,snake,morning,home
i want a drink,i want a drink,water,afternoon,hospital
i see a crocodile,i see a crocodile,crocodile,afternoon,hospital
i want paple,i want paper,apple,evening,restaurant
i wan a drink,i wan a drink,juice,midday,school
there ispanda,there panda,panda,morning,home
give m an eraser,give m an eraser,eraser,morning,home
good evenin,good evening,good evening,evening,restaurant
ther is the mug,there is the mug,mug,afternoon,hospital
i need medicine,i need medicine,syrup,evening,restaurant
i want blueberry,i want blueberry,blueberry,morning,home
there is the pegion,there is the pegion,pigeon,afternoon,hospital
can yo read this for me,can you read this for me,read,midday,school
i need medicine,i need medicine,capsule,afternoon,hospital
i need medicin,i need medicin,tablet,midday,school
i want to sleap,i want to sleap,rest,evening,restaurant
give mesome figs,give some figs,figs,afternoon,hospital
gv me gajarhalwa,gve me gajarhalwa,gajarhalwa,afternoon,hospital
i want to play frisbee,i want to play frisbee,frisbee,morning,home
can you change music,can you change music,change music,night,community
i want to sleap,i want to sleap,nap,midday,school
no pinchin please,no pinching please,no pinching please,midday,school
it a star,it a star,star,night,community
i lkie cheese pudding,i line cheese pudding,cheese pudding,morning,home
i need medicin,i need medicin,tablet,morning,home
i want to sleap,i want to sleap,sleep,night,community
its my lgs,its my legs,legos,morning,home
i like to watchrollerskating,i like to rollerskating,rollerskating,afternoon,hospital
letsgo to grocery shop,lets to grocery shop,grocery shop,afternoon,hospital
give me somefood,give me somefood,food,night,community
ogod morning,good morning,morning,evening,restaurant
i want to eat,i want to eat,dinner,night,community
i need medicine,i need medicine,syrup,night,community
it is 500 rupee,it is 500 rupees,inr 500,evening,restaurant
its green,its green,green,midday,school
i want some soup,i want some soup,soup,evening,restaurant
i want fud,i want fud,breakfast,morning,home
i am thirsty,i am thirsty,water,afternoon,hospital
its snwoy,its snowy,snowy,afternoon,hospital
shall we go in ship,shall we go in ship,ship,morning,home
i want to sleap,i want to sleap,nap,morning,home
catch-cathc,catch-catch,catch-catch,afternoon,hospital
can you keep distancewhile talking,can you keep distance talking,keep distance while talking,evening,restaurant
i need some chikoo,i need some chikoo,chikoo,evening,restaurant
give me some foo,give me some food,food,night,community
i feel cold,i feel cold,sweater,evening,restaurant
i wan to eat,i wan to eat,lunch,midday,school
i feel cold,i feel cold,shawl,afternoon,hospital
i wnt pomegranate,i want pomegranate,pomegranate,evening,restaurant
please shr,please shirt,please share,morning,home
i am thirsty,i am thirsty,water,afternoon,hospital
it is 10rupees,it is rupees,inr 10,afternoon,hospital
hi mo,hi mom,mother,afternoon,hospital
there is a parrot,there is a parrot,parrot,afternoon,hospital
give memuseli,give museli,muesli,evening,restaurant
can y cut my nails,can y cut my nails,cut nails,night,community
i need medicin,i need medicin,syrup,evening,restaurant
myfingers,fingers,fingers,morning,home
i need medicin,i need medicin,syrup,night,community
ca we play hide and seek,cat we play hide and seek,hide and seek,evening,restaurant
i wan to eat,i wan to eat,breakfast,morning,home
there is the pegio,there is the pegion,pigeon,midday,school
give me cookie,give me cookie,cookie,evening,restaurant
give me pencil,give me pencil,pencil,midday,school
i want to eat,i want to eat,dinner,night,community
there is an ant,there is an ant,ant,morning,home
my fingers,my fingers,fingers,afternoon,hospital
i need a chalk,i need a chalk,chalk,afternoon,hospital
lets go to clothes shop,lets go to clothes shop,clothes shop,morning,home
i feel isck,i feel sick,i feel sick,night,community
godo night,good night,good night,afternoon,hospital
its gree,its green,green,evening,restaurant
its cldy,its cloudy,cloudy,morning,home
its my lego,its my legos,legos,evening,restaurant
i watn to change my leggins,i what to change my leggins,change leggings,afternoon,hospital
i want to eat,i want to eat,tiffin,evening,restaurant
give me fruit punc,give me fruit punch,fruit punch,evening,restaurant
i want to changethe slacks,i want to change slacks,change slacks,afternoon,hospital
can you repeat that questio,can you repeat that question,questions,night,community
add some peppe,add some pepper,pepper,night,community
i need some avacado,i need some avacado,avacado,midday,school
i want a drink,i want a drink,juice,midday,school
i needa break,i need break,i need a break,afternoon,hospital
i wan to eat,i wan to eat,tiffin,evening,restaurant
i want a drink,i want a drink,water,afternoon,hospital
giev me energy drink,give me energy drink,energy drink,evening,restaurant
i want a drnk,i want a drnk,soda,night,community
hi-fiev,hi-five,hi-five,midday,school
there is a dog,there is a dog,dog,afternoon,hospital
give me somefanta,give me somefanta,fanta,afternoon,hospital
i want mango juice,i want mango juice,mango juice,afternoon,hospital
rn,run,run,midday,school
i want to sleep,i want to sleep,nap,afternoon,hospital
i feel cold,i feel cold,coat,night,community
no btng please,no biting please,no biting please,morning,home
thereis the giraffe,there's the giraffe,giraffe,night,community
mkae me a protien shake,make me a protien shake,protien shake,night,community
i like cake,i like cake,cake,afternoon,hospital
i want to eat,i want to eat,dinner,night,community
i want fud,i want fud,snack,afternoon,hospital
i want to dnc,i want to dance,dance,morning,home
i love chicken,i love chicken,chicken,morning,home
can you keep distance while talking,can you keep distance while talking,keep distance while talking,afternoon,hospital
i amfeeling cold,i feeling cold,feeling cold,evening,restaurant
where isthe ball pit,where the ball pit,ball pit,midday,school
i wan croissant,i want croissant,croissant,evening,restaurant
i am thirsty,i am thirsty,water,morning,home
i feel cold,i feel cold,jacket,midday,school
please shr,please shirt,please share,night,community
ilike guava,like guava,guava,midday,school
its the green light,its the green light,green light- go,morning,home
its inside hte fridge,its inside white fridge,fridge,evening,restaurant
gvie me cornflakes,gve me cornflakes,cornflakes,evening,restaurant
give me flavoured milk,give me flavoured milk,flavoured milk,night,community
shallwe play cards,shall play cards,playing cards,midday,school
i lovekhichidi,i khichidi,khichdi,night,community
i want to watch foobtall,i want to watch football,football,afternoon,hospital
i want bhakri,i want bhakri,bhakri,evening,restaurant
goodevening,good evening,good evening,night,community
i need medicine,i need medicine,tablet,morning,home
take me t balcony,take me t balcony,balcony,morning,home
i want to eat,i want to eat,breakfast,morning,home
i wan a drink,i wan a drink,water,morning,home
i am hppy,i am happy,happy,evening,restaurant
where is th muffin,where is the muffin,muffin,morning,home
iam bored,am bored,bored,afternoon,hospital
ilike guava,like guava,guava,morning,home
i wan food,i wan food,breakfast,morning,home
i love chaat,i love chaat,chaat,afternoon,hospital
i need medicin,i need medicin,tablet,morning,home
give me a cake slic,give me a cake slice,cake slice,midday,school
happy new year,happy new year,new year,midday,school
i want chikoo milkshake,i want chikoo milkshake,chikoo milkshake,afternoon,hospital
i love bowling,i love bowling,bowling,night,community
there is a lion,there is a lion,lion,evening,restaurant
there isthe horse,there the horse,horse,night,community
take all the books,take all the books,books,morning,home
i want some grps,i want some grapes,grapes,afternoon,hospital
ogod morning,good morning,morning,night,community
 like bracelet,like bracelet,bracelet,midday,school
i am thirsty,i am thirsty,water,morning,home
i feel pain,i feel pain,sit,evening,restaurant
this isbrown,this brown,brown,evening,restaurant
i wantpomegranate,i pomegranate,pomegranate,midday,school
take my ocat,take my cat,coat,afternoon,hospital
i want some snack mix,i want some snack mix,snack mix,afternoon,hospital
i want food,i want food,tiffin,evening,restaurant
i needhelp,i i need help,i need help,afternoon,hospital
i want to eat,i want to eat,tiffin,evening,restaurant
how,how,how,morning,home
i want food,i want food,breakfast,morning,home
there is the mug,there is the mug,mug,evening,restaurant
its th donkey,its the donkey,donkey,morning,home
add some pepper,add some pepper,pepper,afternoon,hospital
i wan roast lamb,i want roast lamb,roast lamb,midday,school
can w go ice skating,can w go ice skating,iceskating,morning,home
i lovebowling,i bowling,bowling,evening,restaurant
i want to sleep,i want to sleep,nap,afternoon,hospital
giveme some jam,give some jam,jam,afternoon,hospital
i want to play ipad games,i want to play ipad games,ipad games,evening,restaurant
this hurts,this hurts,hurt,night,community
i was pinche,i was pinched,i was pinched,night,community
gve me sm idli,gve me sm idli,idli,midday,school
dd some butter,add some butter,butter,night,community
make me somefrench toast,make me french toast,french toast,morning,home
i want a drink,i want a drink,coca-cola,evening,restaurant
"""please give me  dosa.""","""please give me dosa.""",dosa,night,community
i??ts a circle,its a circle,circle,evening,restaurant
i need medicine,i need medicine,tablet,morning,home
i am in danger,i am in danger,danger,morning,home
i lk chocolate milkshake,i lk chocolate milkshake,chocolate milkshake,afternoon,hospital
no kckng please,no kicking please,no kicking please,evening,restaurant
my stomahc aches,my stomach aches,stomach,evening,restaurant
i want to sleep,i want to sleep,nap,morning,home
hsall we go to playground,small we go to playground,playground,night,community
shall wego in ship,shall wego in ship,ship,evening,restaurant
it snowy,it snowy,snowy,morning,home
itis 100 rupees,its 100 rupees,inr 100,afternoon,hospital
i wan food,i wan food,dinner,night,community
iam sick,am sick,sick,morning,home
i want pineapple,i want pineapple,pineapple,afternoon,hospital
its a cockroach,its a cockroach,cockroach,morning,home
"""please give me a dosa.""","""please give me a dosa.""",dosa,afternoon,hospital
ho,how,how,afternoon,hospital
get the key,get the key,key,midday,school
blowmy nose,blow nose,blow nose,night,community
i see the cwo,i see the cwo,cow,afternoon,hospital
make some pasta,make some pasta,pasta,afternoon,hospital
i want to ply seesasw,i want to play seesasw,see-saw,afternoon,hospital
give some piclke,give some pickle,pickle,evening,restaurant
i se birds,i use birds,birds,evening,restaurant
switchon the heater,switch the heater,heater,morning,home
i wantroast chicken,i wantroast chicken,roast chicken,midday,school
it is 2000 rupees,it is 2000 rupees,inr 2000,afternoon,hospital
give e milkshake,give e milkshake,milkshake,afternoon,hospital
give me appel juice,give me apple juice,apple juice,midday,school
i watn to change my leggins,i what to change my leggins,change leggings,midday,school
i want a drink,i want a drink,water,morning,home
give me somebiscuit,give me biscuit,biscuits,afternoon,hospital
i want food,i want food,tiffin,evening,restaurant
i wan to sleep,i wan to sleep,nap,afternoon,hospital
hi,hi,hi,night,community
there is an ant,there is an ant,ant,midday,school
i want to sleep,i want to sleep,nap,morning,home
i want to reques you,i want to request you,requests,morning,home
where ismy errings,where ismy errings,earrings,midday,school
give me some frozen yogurt,give me some frozen yogurt,frozen yogurt,afternoon,hospital
hello grandma,hello grandma,grandmother,evening,restaurant
give me maaza,give me maaza,maaza,morning,home
its in my cupbaord,its in my cupboard,cupboard,morning,home
i feel pain,i feel pain,doctor,afternoon,hospital
i need medicin,i need medicin,capsule,afternoon,hospital
i wantpudding,i pudding,pudding,night,community
i love khichidi,i love khichidi,khichdi,morning,home
i have abed time routine,i have bed time routine,bed time routine,midday,school
make me banana milkshake,make me banana milkshake,banana milkshake,night,community
take my drawin book,take my drawing book,drawing book,morning,home
i wan to eat,i wan to eat,dinner,night,community
happ holi,happy holi,holi,afternoon,hospital
take me to the park,take me to the park,park,afternoon,hospital
i want to go to bed,i want to go to bed,bed,midday,school
my hr,my hr,hair,morning,home
tak me to doctor,take me to doctor,doctor,evening,restaurant
i want food,i want food,dinner,night,community
shall we play cards,shall we play cards,playing cards,afternoon,hospital
i am bore,i am bored,bored,midday,school
hello,hello,hello,evening,restaurant
gv me some milk,gve me some milk,milk,morning,home
i am hungry,i am hungry,tiffin,evening,restaurant
i want t play frisbee,i want t play frisbee,frisbee,night,community
i want pnppl juice,i want pnppl juice,pineapple juice,evening,restaurant
take that bowl,take that bowl,bowl,afternoon,hospital
howare you,howare you,how are you,morning,home
i want a drink,i want a drink,water,afternoon,hospital
i am sa,i am sad,sad,evening,restaurant
help me with my shirt,help me with my shirt,shirt,afternoon,hospital
i wan to sleep,i wan to sleep,nap,afternoon,hospital
i want towatch cricket,i want watch cricket,cricket,night,community
i want medu wada,i want medu wada,medu wada,night,community
there is the skipin rope,there is the skiping rope,skipping rope,night,community
no pinching please,no pinching please,no pinching please,night,community
gv me a cup,gve me a cup,cup,morning,home
there isthe skunk,there the skunk,skunk,morning,home
switch to nxt channel,switch to next channel,next channel,afternoon,hospital
can you amke a sandwich for me,can you take a sandwich for me,sandwich,night,community
they are my friends,they are my friends,friends,evening,restaurant
ilove bowling,love bowling,bowling,afternoon,hospital
there is the horse,there is the horse,horse,morning,home
its a cck,its a cck,cuckoo,evening,restaurant
give m fruit punch,give m fruit punch,fruit punch,night,community
ineed more time,need more time,i need more time,afternoon,hospital
give orange,give orange,orange,night,community
happy birtdhay,happy birthday,friend's birthday,afternoon,hospital
i am thirsty,i am thirsty,water,morning,home
beautiful colors,beautiful colors,colors,morning,home
i want to wr socks,i want to wr socks,socks,midday,school
can we play indoor gms,can we play indoor games,indoor games,morning,home
i feel pain,i feel pain,nurse,midday,school
can you mk me poached eggs,can you mk me poached eggs,poached eggs,morning,home
i am hungry,i am hungry,tiffin,evening,restaurant
no pinchin please,no pinching please,no pinching please,evening,restaurant
i want a drnk,i want a drnk,juice,midday,school
i feel pain,i feel pain,sit,evening,restaurant
there is a duck,there is a duck,duck,midday,school
i wnat some rice,i what some rice,rice,afternoon,hospital
i want to sleap,i want to sleap,nap,afternoon,hospital
itsin kitchen,its kitchen,kitchen,night,community
i want food,i want food,breakfast,morning,home
htere is the lamp,here is the lamp,lamp,night,community
this ismy caregiver,this ismy caregiver,caregiver,midday,school
itsbat,itsbat,bat,midday,school
i want to sleap,i want to sleap,nap,morning,home
b safety,b safety,safety,midday,school
i want a drnk,i want a drnk,juice,midday,school
there isthe skunk,there the skunk,skunk,afternoon,hospital
i want someraita,i want someraita,raita,evening,restaurant
i want a drink,i want a drink,water,afternoon,hospital
i needcable,i needcable,cable,evening,restaurant
i like to play chess,i like to play chess,chess,midday,school
happy easte,happy easter,easter,afternoon,hospital
i wan poha,i want poha,poha,night,community
can yo play with me,can you play with me,play with me,evening,restaurant
no picking onse please,no picking zone please,no picking nose please,night,community
i want to wear watch,i want to wear watch,watch,afternoon,hospital
i want to eat,i want to eat,lunch,midday,school
i like strwbrry,i like strawberry,strawberry,morning,home
i want to sleep,i want to sleep,nap,midday,school
iwas hit,was hit,i was hit,afternoon,hospital
i lkie kabaddi,i line kabaddi,kabaddi,midday,school
take my coat,take my coat,coat,afternoon,hospital
i wan a drink,i wan a drink,water,afternoon,hospital
i am hungry,i am hungry,dinner,night,community
there is some mone,there is some money,money,midday,school
i am thirsty,i am thirsty,soda,night,community
i want to eat,i want to eat,dinner,night,community
my ht,my hot,hat,night,community
buy me a mountain dw,buy me a mountain dew,mountain dew,afternoon,hospital
i am strssd out,i am stressed out,stressed,afternoon,hospital
happy ganesh chtrth,happy ganesh chaturthi,ganesh chaturthi,morning,home
there is the eagle,there is the eagle,eagle,afternoon,hospital
b safety,b safety,safety,afternoon,hospital
i want to eat,i want to eat,dinner,night,community
m shoulder aches,m shoulder aches,shoulder,afternoon,hospital
i needhelp,i i need help,i need help,night,community
it?? a rabbit,its a rabbit,rabbit,afternoon,hospital
i am done eating,i am done eating,eating,midday,school
where ismy raincoat,where ismy raincoat,raincoat,evening,restaurant
there is the mg,there is the mug,mug,evening,restaurant
i want shampoo,i want shampoo,shampoo,morning,home
i feel cold,i feel cold,coat,night,community
noodles pls,noodles pls,noodles,afternoon,hospital
i want to slide,i want to slide,slide,night,community
give m some frozen yogurt,give m some frozen yogurt,frozen yogurt,evening,restaurant
where is the scl,where is the scale,scale,night,community
its ver hazards,its very hazards,hazards,midday,school
i love mango,i love mango,mango,afternoon,hospital
lets go to fruit shop,lets go to fruit shop,fruit shop,evening,restaurant
i feel pain,i feel pain,sit,evening,restaurant
can youroast beef,can roast beef,roast beef,midday,school
my clothes are loose,my clothes are loose,my clothes are loose,night,community
give me energy drikn,give me energy drink,energy drink,evening,restaurant
giv me something to drink,give me something to drink,drinks,evening,restaurant
blowmy nose,blow nose,blow nose,afternoon,hospital
give my pillows,give my pillows,pillows,midday,school
three is the pig,these is the pig,pig,night,community
i want food,i want food,dinner,night,community
its the dnokey,its the donkey,donkey,morning,home
switch onthe heater,switch month heater,heater,morning,home
thecolor is white,color is white,white,night,community
give mypillows,give pillows,pillows,midday,school
goodnight,good night,good night,night,community
take that book,take that book,book,evening,restaurant
i wan food,i wan food,tiffin,evening,restaurant
ineed mutton,need mutton,mutton,morning,home
can you comb m hair,can you comb m hair,comb hair,morning,home
i want to sleep,i want to sleep,sleep,night,community
i want food,i want food,tiffin,evening,restaurant
its an owl,its an owl,owl,midday,school
what is th current time,what is the current time,current time,morning,home
iwant to sleep,want to sleep,sleep,evening,restaurant
i need medicine,i need medicine,syrup,evening,restaurant
i am hungry,i am hungry,tiffin,evening,restaurant
no talking whil eating please!,no talking while eating please!,no talking while eating please!,morning,home
i want to eat,i want to eat,breakfast,morning,home
atke a blank paper,take a blank paper,blank paper,evening,restaurant
i want food,i want food,snack,afternoon,hospital
my kn,my kn,knee,midday,school
i need medicine,i need medicine,tablet,morning,home
there isa monkey,there is monkey,monkey,afternoon,hospital
i wan food,i wan food,tiffin,evening,restaurant
i want to sleep,i want to sleep,nap,midday,school
i need medicin,i need medicin,capsule,afternoon,hospital
i wan to eat,i wan to eat,dinner,night,community
ther is a divider,there is a divider,divider,evening,restaurant
i want some laddoo,i want some laddoo,laddoo,evening,restaurant
where isthe ball pit,where the ball pit,ball pit,afternoon,hospital
i lv gulab jamun,i lv gulab jamun,gulab jamun,midday,school
i don't undersatnd,i don't understand,i don't understand,afternoon,hospital
i was made fun o,i was made fun o,i was made fun of,midday,school
i want to change my skirts,i want to change my skirts,change skirt,midday,school
makesome pasta,awesome pasta,pasta,night,community
give me coloured ppr,give me coloured paper,coloured paper,evening,restaurant
i am stressed t,i am stressed t,stressed,midday,school
i wan to eat,i wan to eat,tiffin,evening,restaurant
i want roast chckn,i want roast chicken,roast chicken,night,community
there is a monkey,there is a monkey,monkey,evening,restaurant
whereis my spectacles,where my spectacles,spectacles,night,community
make some prth,make some prth,paratha,night,community
its the dolphin,its the dolphin,dolphin,night,community
i want hot chocolate,i want hot chocolate,hot chocolate,night,community
salad is nic,salad is nice,salad,morning,home
i feel pain,i feel pain,sit,evening,restaurant
i want food,i want food,lunch,midday,school
i want pineapple juice,i want pineapple juice,pineapple juice,evening,restaurant
my lgs,my legs,legs,midday,school
i am feeling warm,i am feeling warm,feeling warm,midday,school
there is my frock,there is my frock,frock,afternoon,hospital
it is hte place of worship,it is white place of worship,places of worship,evening,restaurant
i wan to sleep,i wan to sleep,nap,midday,school
i want dal,i want dal,dal,afternoon,hospital
i want to eat,i want to eat,tiffin,evening,restaurant
i want some stmd veggies,i want some stmd veggies,steamed veggies,afternoon,hospital
give m an eraser,give m an eraser,eraser,evening,restaurant
itsa snake,its snake,snake,morning,home
i have my mrnng routine,i have my morning routine,morning routine,midday,school
i want to sleep,i want to sleep,sleep,night,community
where is the pelican,where is the pelican,pelican,midday,school
i want to lpay with friend,i want to play with friend,play with friend,midday,school
draw aslanting line,draw slanting line,slanting line,morning,home
give me aneraser,give me eraser,eraser,midday,school
there is the mug,there is the mug,mug,morning,home
gooddrama,gooddrama,drama,evening,restaurant
greatjob,great job!!!,great job!!!,night,community
i want macaronos,i want macaroons,macaroons,midday,school
i want honey,i want honey,honey,midday,school
ihave allergy,have allergy,allergy,evening,restaurant
i want to eat,i want to eat,breakfast,morning,home
i lk to play chess,i lk to play chess,chess,morning,home
i want to eat,i want to eat,dinner,night,community
i feel pain,i feel pain,clinic,night,community
i am feelingcold,i am feeling cold,feeling cold,afternoon,hospital
i want fud,i want fud,dinner,night,community
give some piclke,give some pickle,pickle,morning,home
i want food,i want food,snack,afternoon,hospital
make some prth,make some prth,paratha,morning,home
i want to sleep,i want to sleep,nap,morning,home
strangers- beware,strangers- beware!,strangers- beware!,morning,home
ahppy christmas,happy christmas,christmas,morning,home
i feel cold,i feel cold,jacket,midday,school
i want to brushmy teeth,i want to brush teeth,brush teeth,midday,school
take me to rltvs house,take me to rltvs house,relative's house,midday,school
i want to sleap,i want to sleap,nap,afternoon,hospital
thr is a dog,there is a dog,dog,afternoon,hospital
i need medicine,i need medicine,syrup,night,community
i wan to eat,i wan to eat,breakfast,morning,home
i wantbhakri,i bhakri,bhakri,evening,restaurant
letsgo to fun zone,lets to fun zone,fun zone,afternoon,hospital
i wnt some rice,i want some rice,rice,afternoon,hospital
i feel pain,i feel pain,doctor,afternoon,hospital
i want poha,i want poha,poha,night,community
go to medicalshop,go to medical,medical shop-chemist's shop-pharmacy,afternoon,hospital
i want toplay with friend,i want play with friend,play with friend,evening,restaurant
ineed cold drinks,need cold drinks,cold drinks,morning,home
add some butter,add some butter,butter,night,community
give me enregy drink,give me energy drink,energy drink,afternoon,hospital
i am sa,i am sad,sad,night,community
i want to eat,i want to eat,dinner,night,community
give me salad,give me salad,fruit salad,evening,restaurant
i want bournvita,i want bournvita,bournvita,midday,school
strngr,stranger,stranger,midday,school
tk that book,tk that book,book,night,community
i like to watchrollerskating,i like to rollerskating,rollerskating,midday,school
its on the edsk,its on the desk,desk,evening,restaurant
i want a drink,i want a drink,water,morning,home
i want to do some exercise,i want to do some exercise,exercises,afternoon,hospital
i want some snacks,i want some snacks,snacks,afternoon,hospital
i want to sleap,i want to sleap,sleep,night,community
i wan a drink,i wan a drink,water,afternoon,hospital
i wan to eat,i wan to eat,tiffin,evening,restaurant
happy labour day,happy labour day,labour day,night,community
this is my father,this is my father,father,night,community
i feel pain,i feel pain,doctor,afternoon,hospital
i want pi,i want pit,pie,night,community
i wanta soft toy,i want soft toy,soft toy,midday,school
nice to mee you,nice to meet you,nice to meet you,morning,home
iwant fish,want fish,fish,evening,restaurant
take me to the shop,take me to the shop,shop,midday,school
i want to change my footwear,i want to change my footwear,change footwear,night,community
i want ice cream,i want ice cream,ice cream,afternoon,hospital
i want to go to churc,i want to go to church,church,night,community
myfingers,fingers,fingers,night,community
i wan to eat,i wan to eat,lunch,midday,school
i feel pain,i feel pain,rest,morning,home
i want to sleep,i want to sleep,nap,afternoon,hospital
it is black,it is black,black,night,community
i want to sleap,i want to sleap,nap,morning,home
its snowy,its snowy,snowy,morning,home
happy easte,happy easter,easter,midday,school
i wnat to eat with small bites,i what to eat with small bites,eat with small bites,afternoon,hospital
can you make me poached eggs,can you make me poached eggs,poached eggs,midday,school
i wan to change my shoe,i want to change my shoe,change shoes,morning,home
i was touhced inappropriately,i was touched inappropriately,i was touched inappropriately,afternoon,hospital
i wan a drink,i wan a drink,water,morning,home
its my sopa,its my stop,soap,night,community
i lik chicken wings,i like chicken wings,chicken wings,midday,school
my hta,my hta,hat,evening,restaurant
i need medicine,i need medicine,capsule,afternoon,hospital
take my abg,take my abg,bag,afternoon,hospital
i awnt medu wada,i ant medu wada,medu wada,morning,home
i want some lmn juice,i want some lemon juice,lemon juice,afternoon,hospital
 want my gloves,want my gloves,gloves,evening,restaurant
its a str,its a star,star,afternoon,hospital
i need medicin,i need medicin,syrup,evening,restaurant
i wan to sleep,i wan to sleep,sleep,night,community
i feel cold,i feel cold,coat,night,community
giveme some jam,give some jam,jam,midday,school
tell me a stor,tell me a story,bed time story book,morning,home
i love dragonfrui,i love dragonfruit,dragonfruit,evening,restaurant
there is the dove,there is the dove,dove,midday,school
hi-fiv,hi-five,hi-five,morning,home
i want to sleep,i want to sleep,nap,midday,school
i want t watch handball,i want t watch handball,handball,evening,restaurant
gvie me cornflakes,gve me cornflakes,cornflakes,afternoon,hospital
 am angry,am angry,angry,evening,restaurant
i lovekhichidi,i khichidi,khichdi,evening,restaurant
these are my favouritse,these are my favourites,favourites,evening,restaurant
sabzi is nc,sabzi is nc,sabzi,afternoon,hospital
ltes go in escalator,lets go in escalator,escalator,night,community
take me to hospital,take me to hospital,hospital,afternoon,hospital
i want to go in bike,i want to go in bike,bike,midday,school
lets go to fun zone,lets go to fun zone,fun zone,afternoon,hospital
i want mango milkshake,i want mango milkshake,mango milkshake,evening,restaurant
can you mk me poached eggs,can you mk me poached eggs,poached eggs,afternoon,hospital
grnd it,grind it,grinder,night,community
gv me flavoured milk,gve me flavoured milk,flavoured milk,morning,home
i want plum,i want plum,plum,morning,home
i want food,i want food,snack,afternoon,hospital
g to medical shop,g to medical shop,medical shop-chemist's shop-pharmacy,morning,home
give me pencil,give me pencil,pencil,night,community
iwant to sleep,want to sleep,sleep,morning,home
no spittign please,no spitting please,no spitting please,evening,restaurant
i like barfi,i like barfi,barfi,night,community
i want to wear belt,i want to wear belt,belt,night,community
i feel pain,i feel pain,clinic,night,community
i want to go snowboarding,i want to go snowboarding,snowboarding,evening,restaurant
i am stressed t,i am stressed t,stressed,morning,home
can you make me poached eggs,can you make me poached eggs,poached eggs,night,community
i am stressed out,i am stressed out,stressed,morning,home
i want to eat,i want to eat,breakfast,morning,home
i want ice cream,i want ice cream,icecream,night,community
give m fruit punch,give m fruit punch,fruit punch,midday,school
i want food,i want food,tiffin,evening,restaurant
happy independence day,happy independence day,independence day,midday,school
the color is whit,the color is white,white,evening,restaurant
i want chocolate cookie,i want chocolate cookie,chocolate cookies,morning,home
happy ganesh chtrth,happy ganesh chaturthi,ganesh chaturthi,night,community
addsome mustard,addsome mustard,mustard,night,community
give m some fanta,give m some fanta,fanta,morning,home
i want to go to churc,i want to go to church,church,morning,home
i love ssg,i love ssg,sausage,afternoon,hospital
give me banana,give me banana,banana,afternoon,hospital
iam disappointed,am disappointed,disappointed,afternoon,hospital
 like softball,like softball,softball,night,community
i want food,i want food,dinner,night,community
hwo,hwo,how,midday,school
i want some laddoo,i want some laddoo,laddoo,midday,school
i want to change the slacks,i want to change the slacks,change slacks,afternoon,hospital
i want a drnk,i want a drnk,water,morning,home
i want to play frisbee,i want to play frisbee,frisbee,evening,restaurant
 want some grapes,want some grapes,grapes,midday,school
takeme to hospital,take to hospital,hospital,afternoon,hospital
i want fruit plttr,i want fruit platter,fruit platter,evening,restaurant
i need cold drinks,i need cold drinks,cold drinks,midday,school
i like chocolate milkshake,i like chocolate milkshake,chocolate milkshake,afternoon,hospital
can you ctu my nails,can you ctu my nails,cut nails,evening,restaurant
i feel cold,i feel cold,jacket,midday,school
where is my plate,where is my plate,plate,morning,home
i want to eat,i want to eat,snack,afternoon,hospital
i wnat to eat with small bites,i what to eat with small bites,eat with small bites,morning,home
i need cable,i need cable,cable,night,community
this ismy house,this ismy house,my house,evening,restaurant
menu pls,menu pls,menu,midday,school
take thatbook,take thatbook,book,morning,home
ilike sports,like sports,sports,evening,restaurant
hppy birthday,happy birthday,father's birthday,evening,restaurant
i need some sambhar,i need some sambhar,sambhar,midday,school
switch on the air conditioner,switch on the air conditioner,air conditioner,evening,restaurant
ogod morning,good morning,morning,morning,home
come lets dance,come lets dance,lets dance,afternoon,hospital
i wan food,i wan food,breakfast,morning,home
what is th current time,what is the current time,current time,midday,school
there i a mouse,there i a mouse,mouse,afternoon,hospital
i am sd,i am sad,sad,night,community
there is th lock and key,there is the lock and key,lock and key,morning,home
i want to eat,i want to eat,breakfast,morning,home
where ismy raincoat,where ismy raincoat,raincoat,night,community
good dram,good drama,drama,afternoon,hospital
acn you read this for me,an you read this for me,read,midday,school
its my body,its my body,body,evening,restaurant
happyeaster,happyeaster,easter,midday,school
i have feelings,i have feelings,feelings,night,community
please show me,please show me,please show me,morning,home
i want to eat,i want to eat,snack,afternoon,hospital
i wan to eat,i wan to eat,dinner,night,community
i want food,i want food,breakfast,morning,home
i want to eat,i want to eat,dinner,night,community
i want macaroons,i want macaroons,macaroons,evening,restaurant
there is the giraffe,there is the giraffe,giraffe,night,community
i want food,i want food,lunch,midday,school
its my legos,its my legos,legos,afternoon,hospital
i wan food,i wan food,tiffin,evening,restaurant
i want to sleap,i want to sleap,nap,midday,school
its my birthday,its my birthday,my birthday,morning,home
i need saniatry napkins,i need sanitary napkins,sanitary napkins,evening,restaurant
take me to play orom,take me to play room,play room,night,community
there i a mouse,there i a mouse,mouse,evening,restaurant
i feel pain,i feel pain,clinic,night,community
take me to foo court,take me to food court,food court,morning,home
i loev mango,i love mango,mango,night,community
i see a crocodil,i see a crocodile,crocodile,afternoon,hospital
what is the current month,what is the current month,current month,morning,home
take my cap,take my cap,cap,afternoon,hospital
wehre is the sellotape,where is the sellotape,sellotape,morning,home
give me crnflks,give me cornflakes,cornflakes,night,community
salad is nic,salad is nice,salad,night,community
i feel cold,i feel cold,sweater,evening,restaurant
giv me some milk,give me some milk,milk,night,community
thereis a duck,there's a duck,duck,morning,home
i feel pain,i feel pain,clinic,night,community
cover me with blankets,cover me with blankets,blanket,midday,school
three is the english book,these is the english book,english book,midday,school
this is brow,this is brown,brown,afternoon,hospital
i want a drnk,i want a drnk,water,morning,home
no talking whil eating please!,no talking while eating please!,no talking while eating please!,midday,school
gv me cookie,gve me cookie,cookie,evening,restaurant
welocme,welcome,greetings,night,community
where is the scssrs,where is the scissors,scissors,morning,home
give e milkshake,give e milkshake,milkshake,night,community
i want food,i want food,dinner,night,community
i wantsome steamed veggies,i wantsome steamed veggies,steamed veggies,afternoon,hospital
i feel pain,i feel pain,doctor,afternoon,hospital
my fingers,my fingers,fingers,night,community
i am feeling warm,i am feeling warm,feeling warm,afternoon,hospital
i want pizza,i want pizza,pizza,evening,restaurant
hi omm,hi omm,mother,midday,school
i like strawberry,i like strawberry,strawberry,afternoon,hospital
happydiwali,happydiwali,diwali,evening,restaurant
goodnight,good night,good night,afternoon,hospital
i want a drink,i want a drink,coca-cola,evening,restaurant
 am sorry,am sorry,i am sorry,night,community
i am hungry,i am hungry,breakfast,morning,home
i need medicine,i need medicine,tablet,midday,school
its a cucko,its a cuckoo,cuckoo,evening,restaurant
ca we play hide and seek,cat we play hide and seek,hide and seek,night,community
add some butter,add some butter,butter,midday,school
i lk basket ball,i lk basket ball,basketball,evening,restaurant
these are my favourites,these are my favourites,favourites,evening,restaurant
i need medicine,i need medicine,syrup,evening,restaurant
it?? bat,its bat,bat,midday,school
i need a break,i need a break,i need a break,morning,home
give me a cu,give me a cut,cup,morning,home
i want pudding,i want pudding,pudding,afternoon,hospital
i want my scarf,i want my scarf,scarf,afternoon,hospital
hi omm,hi omm,mother,evening,restaurant
i want a drink,i want a drink,soda,night,community
give memuseli,give museli,muesli,midday,school
what is thecurrent time,what is current time,current time,morning,home
i want honey,i want honey,honey,morning,home
tis snowy,this snowy,snowy,night,community
i want smoothie,i want smoothie,smoothie,night,community
i feel pain,i feel pain,rest,morning,home
happy edi,happy edi,eid,evening,restaurant
ist italian,it italian,italian,midday,school
i watn to go to bed,i what to go to bed,bed,evening,restaurant
i wan to eat,i wan to eat,lunch,midday,school
i love glb jamun,i love gulab jamun,gulab jamun,night,community
i watn cuppa noodles,i what cuppa noodles,cuppa noodles,evening,restaurant
i need medicine,i need medicine,capsule,afternoon,hospital
i want some soup,i want some soup,soup,evening,restaurant
the color is whit,the color is white,white,midday,school
there is an ant,there is an ant,ant,morning,home
iwant cherry,want cherry,cherry,evening,restaurant
happybirthday,birthday,father's birthday,night,community
i need medicin,i need medicin,tablet,morning,home
mltt pls,mltt pls,omelette,night,community
i want mango juic,i want mango juice,mango juice,midday,school
i want to eat,i want to eat,snack,afternoon,hospital
i am getting read,i am getting read,getting ready,midday,school
i love mango,i love mango,mango,evening,restaurant
higrandpa,grandpa,grandfather,midday,school
i want to watch football,i want to watch football,football,night,community
happy labourday,happy labour day,labour day,night,community
i wan chocolate cookie,i want chocolate cookie,chocolate cookies,night,community
where is the pencil lead,where is the pencil lead,pencil lead,night,community
give me some pancakes,give me some pancakes,pancakes,midday,school
i wan a drink,i wan a drink,juice,midday,school
it is black,it is black,black,afternoon,hospital
give m something to drink,give m something to drink,drinks,midday,school
good morning,good morning,morning,morning,home
add some chill flakes,add some chilli flakes,chilli flakes,afternoon,hospital
take me to the shop,take me to the shop,shop,evening,restaurant
where ismy spectacles,where ismy spectacles,spectacles,midday,school
ther is the horse,there is the horse,horse,night,community
giev me bear,give me bear,bear,evening,restaurant
my lgs,my legs,legs,evening,restaurant
i want some lemon ujice,i want some lemon juice,lemon juice,night,community
help m pls,help m pls,help,evening,restaurant
its the green light,its the green light,green light- go,night,community
omelette pls,omelette pls,omelette,evening,restaurant
i want mac and cheese,i want mac and cheese,mac and cheese,night,community
please slow down,please slow down,please slow down,evening,restaurant
take me to blcny,take me to balcony,balcony,midday,school
m shoulder aches,m shoulder aches,shoulder,morning,home
i need cmptr,i need computer,computer,night,community
i want food,i want food,tiffin,evening,restaurant
shall we go i car,shall we go i car,car,night,community
i want to wash my face,i want to wash my face,face wash,midday,school
i am thirsty,i am thirsty,water,morning,home
it is 200 rupee,it is 200 rupees,inr 200,midday,school
it is 50 rupees,it is 50 rupees,inr 50,night,community
i want cocac-ola,i want coca-cola,coca-cola,night,community
i feel pain,i feel pain,doctor,afternoon,hospital
i watn to slide,i what to slide,slide,afternoon,hospital
there isthe horse,there the horse,horse,morning,home
ineed mutton,need mutton,mutton,midday,school
i want to eat,i want to eat,dinner,night,community
switch on the air cndtnr,switch on the air cndtnr,air conditioner,night,community
i wantstapler,i stapler,stapler,night,community
i wantstrawberry milkshake,i strawberry milkshake,strawberry milkshake,evening,restaurant
give me a cp,give me a cup,cup,night,community
i want to eat,i want to eat,breakfast,morning,home
i want tochange my socks,i want change my socks,change socks,midday,school
its a square,its a square,square,morning,home
i want roast chicken,i want roast chicken,roast chicken,morning,home
give me fork,give me fork,fork,afternoon,hospital
thi is brown,this is brown,brown,afternoon,hospital
give me paint,give me paint,paint,morning,home
i want breakfast,i want breakfast,breakfast,afternoon,hospital
give me paint,give me paint,paint,midday,school
lets go t the mall,lets go t the mall,mall,night,community
i am hungry,i am hungry,snack,afternoon,hospital
hwo,hwo,how,evening,restaurant
i feel cold,i feel cold,blanket,morning,home
i want to see my  school,i want to see my school,school,night,community
take the bat an ball,take the bat an ball,bat and ball,morning,home
happy hl,happy hl,holi,evening,restaurant
i am thirsty,i am thirsty,juice,evening,restaurant
i want dalkhichidi,i want dal khichdi,dal khichdi,morning,home
it is 10 rupees,it is 10 rupees,inr 10,midday,school
give m some frozen yogurt,give m some frozen yogurt,frozen yogurt,afternoon,hospital
hpapy holi,happy holi,holi,midday,school
give me eclaris,give me eclairs,eclairs,evening,restaurant
i want bhakri,i want bhakri,bhakri,afternoon,hospital
give me peanu butter,give me peanut butter,peanut butter,night,community
i feel cold,i feel cold,jacket,midday,school
shall we go i car,shall we go i car,car,midday,school
 like strawberry,like strawberry,strawberry,afternoon,hospital
i need medicine,i need medicine,capsule,afternoon,hospital
hi-fiev,hi-five,hi-five,evening,restaurant
happ birthday,happy birthday,grandpa's birthday,night,community
i want some snacks,i want some snacks,snacks,evening,restaurant
i wan to eat,i wan to eat,lunch,midday,school
i want jackfruit,i want jackfruit,jackfruit,night,community
its spring time,its spring time,spring,night,community
how long,how long,how long,midday,school
i want to do some exercise,i want to do some exercise,exercises,evening,restaurant
i' irritated,i'm irritated,irritated,night,community
givee milkshake,give milkshake,milkshake,evening,restaurant
i want my bt,i want my bat,boot,midday,school
i want soda,i want soda,soda,evening,restaurant
i want fud,i want fud,snack,afternoon,hospital
there i a mouse,there i a mouse,mouse,midday,school
i want to sleep,i want to sleep,sleep,night,community
how muchis it,how much it,how much,afternoon,hospital
give mesome dips,give some dips,dips,morning,home
i have abed time routine,i have bed time routine,bed time routine,morning,home
i wantpav bhaji,i wantpav bhaji,pav bhaji,night,community
ths is my chappals,this is my chappals,chappals,afternoon,hospital
i want to play frisbee,i want to play frisbee,frisbee,afternoon,hospital
i want fud,i want fud,breakfast,morning,home
where is my plate,where is my plate,plate,afternoon,hospital
iwas pinched,was pinched,i was pinched,morning,home
i want plms,i want plums,plum,evening,restaurant
its silver,its silver,silver,night,community
good morning,good morning,good morning,afternoon,hospital
please tell meagain,please tell again,please tell me again,afternoon,hospital
its my sopa,its my stop,soap,morning,home
i wan roast lamb,i want roast lamb,roast lamb,evening,restaurant
there i a monkey,there i a monkey,monkey,night,community
nice to meet you,nice to meet you,nice to meet you,night,community
i am inpain,i am pain,i am in pain,morning,home
gt the key,get the key,key,afternoon,hospital
its th green light,its the green light,green light- go,midday,school
i feel pain,i feel pain,rest,morning,home
give me cornflakes,give me cornflakes,cornflakes,morning,home
iwas pinched,was pinched,i was pinched,night,community
i want to sleep,i want to sleep,nap,afternoon,hospital
i feel pain,i feel pain,nurse,midday,school
i need medicine,i need medicine,syrup,evening,restaurant
give me som berries,give me some berries,berries,night,community
i want to sleep,i want to sleep,nap,morning,home
i wan fried rice,i want fried rice,fried rice,morning,home
can you keep distance while tlkng,can you keep distance while talking,keep distance while talking,afternoon,hospital
atke that bowl,take that bowl,bowl,afternoon,hospital
i need medicine,i need medicine,tablet,morning,home
it is 2000 rupees,it is 2000 rupees,inr 2000,midday,school
i want to go snowboarding,i want to go snowboarding,snowboarding,morning,home
take me to staffroom,take me to staffroom,staffroom,morning,home
take me tofriends house,take me friends house,friend's house,morning,home
i want to sleap,i want to sleap,nap,midday,school
hapyp birthday,happy birthday,cousin's birthday,afternoon,hospital
i want a drink,i want a drink,soda,night,community
its my sopa,its my stop,soap,afternoon,hospital
give e milskhake,give e milkshake,milkshake,morning,home
can you seal it,can you seal it,seal,afternoon,hospital
can we lpay indoor games,can we play indoor games,indoor games,evening,restaurant
myeyes,eyes,eyes,afternoon,hospital
i want shr,i want shirt,sheera,night,community
where is the bal pit,where is the ball pit,ball pit,evening,restaurant
i wan food,i wan food,lunch,midday,school
i want food,i want food,breakfast,morning,home
i have a bed time routine,i have a bed time routine,bed time routine,midday,school
i wan a drink,i wan a drink,soda,night,community
give my pillows,give my pillows,pillows,evening,restaurant
i want t watch football,i want t watch football,football,morning,home
i am thirsty,i am thirsty,water,morning,home
i wan to change my innerwear,i want to change my innerwear,change innerwear,morning,home
i want a drnk,i want a drnk,juice,midday,school
i wnat mac and cheese,i what mac and cheese,mac and cheese,midday,school
go to medicalshop,go to medical,medical shop-chemist's shop-pharmacy,midday,school
ist in red light please stop,it in red light please stop,red light- wait,morning,home
it is 200 rupee,it is 200 rupees,inr 200,morning,home
give me some eggs,give me some eggs,eggs,morning,home
i need medicine,i need medicine,tablet,morning,home
i want a roast pork,i want a roast pork,roast pork,afternoon,hospital
ist italian,it italian,italian,morning,home
i am thirsty,i am thirsty,juice,evening,restaurant
i wan a drink,i wan a drink,soda,night,community
get m necklace,get m necklace,necklace,morning,home
there is thesheep,there is these,sheep,afternoon,hospital
i want ice crm,i want ice cream,icecream,morning,home
i want to sleep,i want to sleep,nap,midday,school
my nck,my neck,neck,morning,home
take me to the park,take me to the park,park,night,community
takeme to bedroom,take to bedroom,bedroom,night,community
i feel pain,i feel pain,sit,evening,restaurant
h grandpa,h grandpa,grandfather,night,community
my hp,my hip,hip,midday,school
there are some garbage n the bin,there are some garbage n the bin,garbage in the bin,morning,home
addsome maple syrup,addsome maple syrup,maple syrup,midday,school
i have my mourningroutine,i have my morning routine,morning routine,afternoon,hospital
i need cable,i need cable,cable,afternoon,hospital
iam happy,am happy,happy,evening,restaurant
its a buffalo,its a buffalo,buffalo,evening,restaurant
make me some french toast,make me some french toast,french toast,evening,restaurant
there isthe horse,there the horse,horse,midday,school
thr's the penguin,there's the penguin,penguin,midday,school
i want to change my jean,i want to change my jeans,change jeans,morning,home
can you make me poache eggs,can you make me poached eggs,poached eggs,afternoon,hospital
i have a bed tim routine,i have a bed time routine,bed time routine,night,community
can you hepl me remove clothes,can you hepl me remove clothes,help remove clothes,afternoon,hospital
i have my mourning routine,i have my mourning routine,morning routine,evening,restaurant
its the dlophin,its the dolphin,dolphin,morning,home
can we g ice skating,can we g ice skating,iceskating,afternoon,hospital
i don't undersatnd,i don't understand,i don't understand,morning,home
giveme some chocolates,give some chocolates,chocolate,morning,home
i like guava,i like guava,guava,night,community
welcome,welcome,greetings,evening,restaurant
i feel sick,i feel sick,i feel sick,afternoon,hospital
i need medicine,i need medicine,syrup,night,community
help me pls,help me pls,help,morning,home
i was touched npprprtly,i was touched inappropriately,i was touched inappropriately,night,community
can you comb my hair,can you comb my hair,comb hair,morning,home
i want m gloves,i want m gloves,gloves,afternoon,hospital
i want to sleap,i want to sleap,nap,morning,home
its a buffalo,its a buffalo,buffalo,midday,school
i want to eat,i want to eat,snack,afternoon,hospital
i wan food,i wan food,lunch,midday,school
 want pork,want pork,pork,night,community
give me celairs,give me eclairs,eclairs,evening,restaurant
its on thedesk,its on thedesk,desk,midday,school
i want to eat,i want to eat,breakfast,morning,home
i want strwbrry milkshake,i want strawberry milkshake,strawberry milkshake,night,community
i wan a drink,i wan a drink,soda,night,community
shall we play snk & ladder,shall we play snake & ladder,snakes & ladders,morning,home
where is my plate,where is my plate,plate,evening,restaurant
mk me a protien shake,mk me a protien shake,protien shake,midday,school
i want to eat,i want to eat,breakfast,morning,home
i want medu wada,i want medu wada,medu wada,evening,restaurant
i wan to change my shoe,i want to change my shoe,change shoes,afternoon,hospital
i want to play with friend,i want to play with friend,play with friend,night,community
i want oatmea,i want oatmeal,oatmeal,midday,school
i like guava,i like guava,guava,morning,home
i see birds,i see birds,birds,afternoon,hospital
its  rabbit,its rabbit,rabbit,night,community
tis a square,this a square,square,afternoon,hospital
i want to change my jeans,i want to change my jeans,change jeans,evening,restaurant
i want to ridebicycle,i want to bicycle,bicycle,midday,school
give m fish and chips,give m fish and chips,fish and chips,evening,restaurant
i need medicine,i need medicine,tablet,morning,home
make me sit in sf,make me sit in sf,sofa,midday,school
please slow down,please slow down,please slow down,morning,home
i is 100 rupees,i is 100 rupees,inr 100,midday,school
giveme some dips,give some dips,dips,night,community
i want chikoomilkshake,i want chikoo milkshake,chikoo milkshake,evening,restaurant
nice to meetyou,nice to meetyou,nice to meet you,night,community
shall we play board game,shall we play board game,board game,afternoon,hospital
give me muskmelon,give me muskmelon,muskmelon,night,community
its a star,its a star,star,evening,restaurant
its my body,its my body,body,midday,school
make m some french toast,make m some french toast,french toast,morning,home
i am hungry,i am hungry,dinner,night,community
take me to th shop,take me to the shop,shop,morning,home
myhands,hands,hands,midday,school
i want chikoomilkshake,i want chikoo milkshake,chikoo milkshake,midday,school
i want hamburge,i want hamburger,hamburger,afternoon,hospital
the color is wht,the color is what,white,midday,school
lets go to grocery shop,lets go to grocery shop,grocery shop,night,community
switch to next channel,switch to next channel,next channel,night,community
i want cfofee,i want coffee,coffee,morning,home
omelette psl,omelette psl,omelette,morning,home
i want some stmd veggies,i want some stmd veggies,steamed veggies,morning,home
itsgray,itsgray,gray,morning,home
i watn to go to bed,i what to go to bed,bed,afternoon,hospital
i need achalk,i need chalk,chalk,midday,school
i wan to sleep,i wan to sleep,nap,morning,home
i want a drnk,i want a drnk,soda,night,community
i want to eat,i want to eat,tiffin,evening,restaurant
make me a protien shake,make me a protien shake,protien shake,midday,school
i want fud,i want fud,breakfast,morning,home
it a sparrow,it a sparrow,sparrow,evening,restaurant
make me bnn milkshake,make me bnn milkshake,banana milkshake,morning,home
i love racquetsports,i love racquet sports,racquet sports,night,community
i want to sleep,i want to sleep,sleep,night,community
it is20 rupees,it is20 rupees,inr 20,night,community
where ismy errings,where ismy errings,earrings,morning,home
i want blueberry,i want blueberry,blueberry,midday,school
i want a drnk,i want a drnk,soda,night,community
put my body vest,put my body vest,body vests,evening,restaurant
canyou seal it,canyou seal it,seal,afternoon,hospital
take me tobathroom,take me bathroom,bathroom,morning,home
excuse m pls,excuse m pls,excuse me,afternoon,hospital
shall w play board game,shall w play board game,board game,morning,home
i wan to eat,i wan to eat,tiffin,evening,restaurant
noodle pls,noodles pls,noodles,midday,school
can you mk me poached eggs,can you mk me poached eggs,poached eggs,midday,school
where i the pencil lead,where i the pencil lead,pencil lead,night,community
i wnt honey,i want honey,honey,morning,home
there is the picture book,there is the picture book,picture book,evening,restaurant
i am hungry,i am hungry,snack,afternoon,hospital
i feel pain,i feel pain,rest,morning,home
i want cocac-ola,i want coca-cola,coca-cola,midday,school
i want to eat,i want to eat,lunch,midday,school
i am thirsty,i am thirsty,soda,night,community
i want a drnk,i want a drnk,juice,midday,school
i want to request yuo,i want to request yuo,requests,midday,school
no picking nose please,no picking nose please,no picking nose please,night,community
i want food,i want food,snack,afternoon,hospital
i wan to sleep,i wan to sleep,nap,midday,school
i watn to buy some stationary,i what to buy some stationary,stationery,evening,restaurant
i want chioko milkshake,i want chikoo milkshake,chikoo milkshake,night,community
how long,how long,how long,night,community
its mybirthday,its my birthday,my birthday,night,community
i lovebowling,i bowling,bowling,midday,school
i wnt my boot,i want my boot,boot,night,community
can you repeat that questio,can you repeat that question,questions,midday,school
i want food,i want food,breakfast,morning,home
put my body vest,put my body vest,body vests,evening,restaurant
atke a blank paper,take a blank paper,blank paper,afternoon,hospital
draw a slanting line,draw a slanting line,slanting line,evening,restaurant
give me paint,give me paint,paint,afternoon,hospital
there is the pegio,there is the pegion,pigeon,night,community
i want a drnk,i want a drnk,coca-cola,evening,restaurant
i want coca-cola,i want coca-cola,coca-cola,evening,restaurant
i want odnut,i want donut,donut,evening,restaurant
i want a drink,i want a drink,water,morning,home
i want some rt,i want some rt,raita,night,community
wehre is the sellotape,where is the sellotape,sellotape,night,community
cover me withblankets,cover me blankets,blanket,evening,restaurant
switch on the fa,switch on the fan,fan,midday,school
i want to fly kite,i want to fly kite,kite,night,community
there is a biosn,there is a bison,bison,night,community
quie please,quiet please,quiet please!,night,community
i need medicine,i need medicine,capsule,afternoon,hospital
i want to eat,i want to eat,breakfast,morning,home
iwant mashed potatoes,want mashed potatoes,mashed potatoes,morning,home
i wan to sleep,i wan to sleep,rest,evening,restaurant
i feel cold,i feel cold,blanket,morning,home
switch on the fan,switch on the fan,fan,midday,school
i am thirsty,i am thirsty,water bottle,midday,school
i am in pain,i am in pain,i am in pain,morning,home
i want to eat,i want to eat,tiffin,evening,restaurant
happybirthday,birthday,birthdays,afternoon,hospital
i want to wear shrots,i want to wear shorts,shorts,evening,restaurant
i want to change,i want to change,change,evening,restaurant
i wnt to wear shorts,i want to wear shorts,shorts,midday,school
i want odnut,i want donut,donut,morning,home
i want papad,i want papad,papad,night,community
i want pork,i want pork,pork,evening,restaurant
gveme some idli,gve some idli,idli,midday,school
ts so hot,its so hot,hot,night,community
i want some soup,i want some soup,soup,night,community
its an wl,its an owl,owl,morning,home
i want fud,i want fud,lunch,midday,school
 like bracelet,like bracelet,bracelet,morning,home
be safety,be safety,safety,evening,restaurant
i want food,i want food,lunch,midday,school
my hta,my hta,hat,night,community
i need medicine,i need medicine,capsule,afternoon,hospital
i want to eat,i want to eat,tiffin,evening,restaurant
i want fud,i want fud,lunch,midday,school
do some salad dressing,do some salad dressing,salad dressing,evening,restaurant
i wan to sleep,i wan to sleep,rest,evening,restaurant
i like to play chess,i like to play chess,chess,night,community
i feel cold,i feel cold,blanket,morning,home
i need medicin,i need medicin,syrup,night,community
i want medu wada,i want medu wada,medu wada,morning,home
get me aglass,get me glass,glass,evening,restaurant
i want croissant,i want croissant,croissant,morning,home
giveme fish and chips,give fish and chips,fish and chips,afternoon,hospital
its snwoy,its snowy,snowy,morning,home
can you play with me,can you play with me,play with me,midday,school
n talking while eating please!,n talking while eating please!,no talking while eating please!,evening,restaurant
i like t watch rollerskating,i like t watch rollerskating,rollerskating,evening,restaurant
ther is the shark,there is the shark,shark,morning,home
dd some masala,add some masala,masala,midday,school
how muchis it,how much it,how much,night,community
i need medicine,i need medicine,syrup,evening,restaurant
i want food,i want food,breakfast,morning,home
i want pie,i want pie,pie,morning,home
i want to eat,i want to eat,dinner,night,community
give me an eraser,give me an eraser,eraser,evening,restaurant
s paper clip,s paper clip,paper clip,evening,restaurant
get the key,get the key,key,night,community
switch on the heater,switch on the heater,heater,midday,school
give me some jam,give me some jam,jam,midday,school
i need medicine,i need medicine,tablet,morning,home
give me fruit punch,give me fruit punch,fruit punch,night,community
i am hungry,i am hungry,lunch,midday,school
happy ganesh chaturthi,happy ganesh chaturthi,ganesh chaturthi,morning,home
i love sausage,i love sausage,sausage,midday,school
take me to food court,take me to food court,food court,morning,home
itsa star,its star,star,afternoon,hospital
omelette pls,omelette pls,omelette,afternoon,hospital
good morning,good morning,morning,night,community
i love gulab jamun,i love gulab jamun,gulab jamun,morning,home
i want to be aloen,i want to be alone,i want to be alone,night,community
i want som rotti,i want some rotti,roti,night,community
its in rectangle in shape,its in rectangle in shape,rectangle,evening,restaurant
i feel pain,i feel pain,clinic,night,community
tis my habit,this my habit,habits,evening,restaurant
happy birthda,happy birthday,grandpa's birthday,afternoon,hospital
thereis the sheep,there's the sheep,sheep,evening,restaurant
three is the english book,these is the english book,english book,afternoon,hospital
i like lcyhee,i like lychee,lychee,midday,school
hv a good day,hv a good day,day,night,community
where is my spectacles,where is my spectacles,spectacles,morning,home
i want to be aloen,i want to be alone,i want to be alone,evening,restaurant
i am thirsty,i am thirsty,water bottle,midday,school
i want to eat,i want to eat,tiffin,evening,restaurant
its  rabbit,its rabbit,rabbit,evening,restaurant
i am happ,i am happy,happy,night,community
i like chees,i like cheese,cheese,night,community
i wan fried rice,i want fried rice,fried rice,evening,restaurant
i wnat my jacket,i what my jacket,jacket,afternoon,hospital
i want to eat,i want to eat,breakfast,morning,home
no pshng please,no pushing please,no pushing please,evening,restaurant
can you change music,can you change music,change music,morning,home
take me to play orom,take me to play room,play room,afternoon,hospital
thecolor is white,color is white,white,midday,school
i want to draw,i want to draw,draw,evening,restaurant
take me to the shp,take me to the shop,shop,evening,restaurant
 am angry,am angry,angry,night,community
dd some butter,add some butter,butter,evening,restaurant
i want pav bhaji,i want pav bhaji,pav bhaji,evening,restaurant
i want to change my jaens,i want to change my jeans,change jeans,morning,home
"""give me water.","""give me water.""",water,afternoon,hospital
i want to chang my footwear,i want to change my footwear,change footwear,morning,home
its a rabbit,its a rabbit,rabbit,midday,school
switch on the air cndtnr,switch on the air cndtnr,air conditioner,afternoon,hospital
its cloudy,its cloudy,cloudy,night,community
shall we go to an restaurant,shall we go to an restaurant,restaurant,night,community
there s my frock,there s my frock,frock,midday,school
its  circle,its circle,circle,night,community
give me coloured paper,give me coloured paper,coloured paper,midday,school
its a star,its a star,star,morning,home
give m fish and chips,give m fish and chips,fish and chips,afternoon,hospital
nobiting please,biting please,no biting please,midday,school
give m banana,give m banana,banana,midday,school
i want to change my jean,i want to change my jeans,change jeans,night,community
giveme some chutney,give some chutney,chutney,night,community
it is blue,it is blue,blue,morning,home
i need medicine,i need medicine,capsule,afternoon,hospital
give me sm fanta,give me sm fanta,fanta,midday,school
i want to sleep,i want to sleep,rest,evening,restaurant
i want a drink,i want a drink,coca-cola,evening,restaurant
cn you roast beef,can you roast beef,roast beef,evening,restaurant
i want to eat,i want to eat,tiffin,evening,restaurant
its an wl,its an owl,owl,night,community
i wan to sleep,i wan to sleep,nap,morning,home
its mybirthday,its my birthday,my birthday,evening,restaurant
i wantsome laddoo,i wantsome laddoo,laddoo,midday,school
i wan chocolate cookie,i want chocolate cookie,chocolate cookies,midday,school
have agood day,have good day,day,midday,school
it is the place of worship,it is the place of worship,places of worship,evening,restaurant
dosome salad dressing,some salad dressing,salad dressing,midday,school
give me some ggs,give me some eggs,eggs,afternoon,hospital
hello aunty,hello aunty,aunt,afternoon,hospital
iwant dal,want dal,dal,morning,home
i feel pain,i feel pain,rest,morning,home
i want some grapes,i want some grapes,grapes,afternoon,hospital
i want to reques you,i want to request you,requests,midday,school
i am hungry,i am hungry,tiffin,evening,restaurant
i see a crocodile,i see a crocodile,crocodile,morning,home
i want to watch foobtall,i want to watch football,football,night,community
my hair,my hair,hair,afternoon,hospital
its thepeach,its peach,peach,morning,home
i want pizza,i want pizza,pizza,midday,school
i want pie,i want pie,pie,night,community
its sohot,its hot,hot,afternoon,hospital
add some chilli,add some chilli,chilli,night,community
i wan to eat,i wan to eat,dinner,night,community
m hat,m hat,hat,morning,home
its the dnokey,its the donkey,donkey,midday,school
i wantorange juice,i orange juice,orange juice,night,community
quiet pls,quiet pls,quiet please!,night,community
i ws hit,i was hit,i was hit,midday,school
i wan to sleep,i wan to sleep,nap,midday,school
goo evening,good evening,good evening,midday,school
i am strssd out,i am stressed out,stressed,midday,school
its fn,its fun,fun,morning,home
it is 10 rupees,it is 10 rupees,inr 10,evening,restaurant
i am thirsty,i am thirsty,juice,evening,restaurant
where is the bal pit,where is the ball pit,ball pit,afternoon,hospital
i want to play csrabble,i want to play scrabble,scrabble,midday,school
i want to sleep,i want to sleep,sleep,night,community
i want to sleep,i want to sleep,rest,evening,restaurant
i need medicin,i need medicin,tablet,morning,home
shall we play snk & ladder,shall we play snake & ladder,snakes & ladders,night,community
i wan food,i wan food,breakfast,morning,home
i wan food,i wan food,breakfast,morning,home
take the bat an ball,take the bat an ball,bat and ball,midday,school
help me with my shoes,help me with my shoes,shoes,afternoon,hospital
i want to draw,i want to draw,draw,night,community
i like lych,i like lychee,lychee,afternoon,hospital
i want fud,i want fud,lunch,midday,school
i want chioko milkshake,i want chikoo milkshake,chikoo milkshake,afternoon,hospital
rosogulla is s tasty,rosogulla is s tasty,rosogulla,evening,restaurant
itsthe donkey,itsthe donkey,donkey,morning,home
i wan food,i wan food,lunch,midday,school
i want a drink,i want a drink,water,morning,home
shall we paly a puzzle,shall we play a puzzle,puzzle,night,community
let go in escalator,lets go in escalator,escalator,morning,home
i am getting ready,i am getting ready,getting ready,night,community
i want med wada,i want medu wada,medu wada,evening,restaurant
i want towatch cricket,i want watch cricket,cricket,afternoon,hospital
its my body,its my body,body,midday,school
i feel cold,i feel cold,coat,night,community
take me to the shp,take me to the shop,shop,night,community
there s the giraffe,there s the giraffe,giraffe,night,community
i wantmango juice,i wantmango juice,mango juice,evening,restaurant
itsfun,itsfun,fun,evening,restaurant
m hat,m hat,hat,afternoon,hospital
i need medicin,i need medicin,syrup,night,community
take me tofriends house,take me friends house,friend's house,midday,school
i wan to eat,i wan to eat,dinner,night,community
i am thirsty,i am thirsty,water,morning,home
i am in danger,i am in danger,danger,afternoon,hospital
higrandpa,grandpa,grandfather,afternoon,hospital
letsgo to fun zone,lets to fun zone,fun zone,morning,home
m ankle aches,m ankle aches,ankle,evening,restaurant
ca you change to previous channel,cat you change to previous channel,previous channel,night,community
switch on the fan,switch on the fan,fan,morning,home
my hat,my hat,hat,evening,restaurant
i want to buy some stationary,i want to buy some stationary,stationery,morning,home
i want a drnk,i want a drnk,juice,midday,school
i feel cold,i feel cold,shawl,afternoon,hospital
i feel cold,i feel cold,jacket,midday,school
i wan to eat,i wan to eat,tiffin,evening,restaurant
i am thirsty,i am thirsty,water,morning,home
happy newyear,happy new year,new year,morning,home
i want to sleep,i want to sleep,rest,evening,restaurant
i want oatmeal,i want oatmeal,oatmeal,evening,restaurant
can you chagne music,can you change music,change music,midday,school
i feel cold,i feel cold,jacket,midday,school
i love dragonfrui,i love dragonfruit,dragonfruit,midday,school
i want a drink,i want a drink,soda,night,community
it i 2000 rupees,it i 2000 rupees,inr 2000,midday,school
take all the books,take all the books,books,night,community
i want to see my schl,i want to see my school,school,evening,restaurant
give me fruit punch,give me fruit punch,fruit punch,morning,home
where is my pnts,where is my pants,pants,morning,home
i am hungry,i am hungry,dinner,night,community
gd afternoon,gd afternoon,good afternoon,evening,restaurant
give me eclaris,give me eclairs,eclairs,midday,school
where is th scale,where is the scale,scale,midday,school
i am thirsty,i am thirsty,water bottle,midday,school
tak my bag,take my bag,bag,evening,restaurant
these aremy favourites,these are favourites,favourites,evening,restaurant
good nigh,good night,night,morning,home
i need medicine,i need medicine,syrup,evening,restaurant
i need medicine,i need medicine,tablet,midday,school
i am hungry,i am hungry,lunch,midday,school
i want a drink,i want a drink,coca-cola,evening,restaurant
i want fud,i want fud,breakfast,morning,home
lets go in escalato,lets go in escalator,escalator,evening,restaurant
gv me apple juice,gve me apple juice,apple juice,night,community
i wan food,i wan food,breakfast,morning,home
i want to eat,i want to eat,breakfast,morning,home
itstoo cold,itstoo cold,cold,afternoon,hospital
hello,hello,hello,morning,home
i wan to go to church,i want to go to church,church,midday,school
i watn cuppa noodles,i what cuppa noodles,cuppa noodles,morning,home
i want a drink,i want a drink,water,afternoon,hospital
i need medicine,i need medicine,syrup,night,community
m elbow,m elbow,elbow,morning,home
add mr sause,add mr sause,sauce,night,community
its gree,its green,green,midday,school
i want food,i want food,lunch,midday,school
i want to wash my face,i want to wash my face,face wash,evening,restaurant
i want a drink,i want a drink,juice,midday,school
hi-five,hi-five,hi-five,night,community
i want to sleep,i want to sleep,sleep,night,community
lets go to groceryshop,lets go to grocery shop,grocery shop,midday,school
i amsorry,i sorry,i am sorry,evening,restaurant
i want to eat,i want to eat,dinner,night,community
i wantsome steamed veggies,i wantsome steamed veggies,steamed veggies,midday,school
i like cheese updding,i like cheese pudding,cheese pudding,night,community
i want to fly kite,i want to fly kite,kite,morning,home
i need saniatry napkins,i need sanitary napkins,sanitary napkins,morning,home
my hp,my hip,hip,night,community
i want fud,i want fud,lunch,midday,school
shall wego in ship,shall wego in ship,ship,morning,home
please,please,please,morning,home
can you bring my medicin,can you bring my medicine,medicine,afternoon,hospital
how lon,how long,how long,midday,school
i want mango juice,i want mango juice,mango juice,night,community
i like lych,i like lychee,lychee,morning,home
lets go to the mall,lets go to the mall,mall,morning,home
i want oatmeal,i want oatmeal,oatmeal,night,community
happ birthday,happy birthday,grandpa's birthday,midday,school
i want a drink,i want a drink,juice,midday,school
i am thirsty,i am thirsty,juice,evening,restaurant
i want pnppl,i want pnppl,pineapple,evening,restaurant
i am thirsty,i am thirsty,juice,evening,restaurant
blow my ns,blow my ns,blow nose,morning,home
i want fruit platter,i want fruit platter,fruit platter,morning,home
i want food,i want food,tiffin,evening,restaurant
its abuffalo,its buffalo,buffalo,night,community
i am feeling cold,i am feeling cold,feeling cold,night,community
i want roast lamb,i want roast lamb,roast lamb,night,community
happy independenceday,happy independence day,independence day,morning,home
i want honey,i want honey,honey,evening,restaurant
happy ne year,happy new year,new year,morning,home
please giv me,please give me,please give me,midday,school
i need medicine,i need medicine,syrup,evening,restaurant
i need more time,i need more time,i need more time,afternoon,hospital
lets go to fun zone,lets go to fun zone,fun zone,afternoon,hospital
sabzi is nice,sabzi is nice,sabzi,evening,restaurant
go to the meet shop,go to the meet shop,meat shop,afternoon,hospital
i want pineapple juiec,i want pineapple juice,pineapple juice,afternoon,hospital
switch on the heater,switch on the heater,heater,afternoon,hospital
where s the scissors,where s the scissors,scissors,midday,school
its the dnokey,its the donkey,donkey,afternoon,hospital
iwas pinched,was pinched,i was pinched,afternoon,hospital
ltes go in escalator,lets go in escalator,escalator,morning,home
noodles lps,noodles lps,noodles,afternoon,hospital
i wan food,i wan food,dinner,night,community
dd some butter,add some butter,butter,morning,home
i want tochange my innerwear,i want change my innerwear,change innerwear,afternoon,hospital
iam sick,am sick,sick,night,community
i wan a drink,i wan a drink,water,morning,home
i feel cold,i feel cold,coat,night,community
i want a drink,i want a drink,juice,midday,school
happy birthday,happy birthday,cousin's birthday,evening,restaurant
add osme chilli flakes,add some chilli flakes,chilli flakes,evening,restaurant
i feel cold,i feel cold,shawl,afternoon,hospital
where is the muffi,where is the muffin,muffin,morning,home
canyou repeat that question,canyou repeat that question,questions,morning,home
take my coat,take my coat,coat,night,community
i was pushed,i was pushed,i was pushed,night,community
switch to enxt channel,switch to next channel,next channel,morning,home
sit in chr,sit in chair,chair,afternoon,hospital
take me to relatives house,take me to relatives house,relative's house,afternoon,hospital
i like chocolat milkshake,i like chocolate milkshake,chocolate milkshake,evening,restaurant
i want cocac-ola,i want coca-cola,coca-cola,evening,restaurant
i want to play scrabble,i want to play scrabble,scrabble,night,community
giv me peanut butter,give me peanut butter,peanut butter,evening,restaurant
ths hurts,this hurts,hurt,midday,school
there is knigfisher,there is kingfisher,kingfisher,morning,home
i feel cold,i feel cold,sweater,evening,restaurant
i want to sleep,i want to sleep,nap,morning,home
giveme gajarhalwa,give gajarhalwa,gajarhalwa,midday,school
there is the mug,there is the mug,mug,night,community
gv me some milk,gve me some milk,milk,afternoon,hospital
it is 200 rupee,it is 200 rupees,inr 200,night,community
take me to friends house,take me to friends house,friend's house,midday,school
i want some bns on toast,i want some beans on toast,beans on toast,afternoon,hospital
i want to bathe,i want to bathe,bathing,evening,restaurant
i want to change my jean,i want to change my jeans,change jeans,afternoon,hospital
happ eid,happy eid,eid,night,community
my elbow,my elbow,elbow,midday,school
get the kye,get the kye,key,night,community
it i 200 rupees,it i 200 rupees,inr 200,midday,school
my clothes are tight,my clothes are tight,my clothes are tight,night,community
i want to eat,i want to eat,lunch,midday,school
makesome music,awesome music,make music,morning,home
give my pillows,give my pillows,pillows,night,community
i need medicine,i need medicine,tablet,midday,school
i want a drnk,i want a drnk,coca-cola,evening,restaurant
i want food,i want food,dinner,night,community
i want to sleep,i want to sleep,nap,midday,school
its gree,its green,green,night,community
it is 10 rupees,it is 10 rupees,inr 10,afternoon,hospital
this is my cousi,this is my cousin,cousin,night,community
can you cut my nails,can you cut my nails,cut nails,afternoon,hospital
there s the lamp,there s the lamp,lamp,afternoon,hospital
good evening,good evening,evening,night,community
this is my fathe,this is my father,father,morning,home
igve me maaza,gve me maaza,maaza,afternoon,hospital
by,bye,bye,morning,home
happy easter,happy easter,easter,midday,school
its too cold,its too cold,cold,evening,restaurant
i need medicine,i need medicine,capsule,afternoon,hospital
can you play with me,can you play with me,play with me,midday,school
make me bnn milkshake,make me bnn milkshake,banana milkshake,midday,school
i want to sleep,i want to sleep,sleep,night,community
this is my favorit book,this is my favorite book,favorite book,night,community
i want osme raita,i want some raita,raita,afternoon,hospital
t is 50 rupees,t is 50 rupees,inr 50,evening,restaurant
i want a drink,i want a drink,juice,midday,school
take my drawin book,take my drawing book,drawing book,night,community
i want to eat,i want to eat,tiffin,evening,restaurant
come letsdance,come lets dance,lets dance,midday,school
i want to d some exercise,i want to d some exercise,exercises,evening,restaurant
i am feeling wrm,i am feeling warm,feeling warm,evening,restaurant
no picking nose pleas,no picking nose please,no picking nose please,evening,restaurant
i need medicin,i need medicin,syrup,evening,restaurant
there is th dove,there is the dove,dove,evening,restaurant
i need medicine,i need medicine,syrup,night,community
myhands,hands,hands,evening,restaurant
ts purple,its purple,purple,midday,school
i want t watch handball,i want t watch handball,handball,night,community
i like lcyhee,i like lychee,lychee,evening,restaurant
i want fired rice,i want tired rice,fried rice,morning,home
i want hard boiled ggs,i want hard boiled eggs,hard boiled eggs,morning,home
itsin kitchen,its kitchen,kitchen,afternoon,hospital
salad is nice,salad is nice,salad,afternoon,hospital
i want a drnk,i want a drnk,soda,night,community
happy birthday,happy birthday,friend's birthday,night,community
give me sm biscuit,give me sm biscuit,biscuits,afternoon,hospital
i want to sleap,i want to sleap,nap,morning,home
i want a drink,i want a drink,coca-cola,evening,restaurant
i want to sleap,i want to sleap,nap,morning,home
hppy new year,happy new year,new year,midday,school
i am thirsty,i am thirsty,juice,evening,restaurant
i want to sleap,i want to sleap,sleep,night,community
its awesome,its awesome,awesome!,midday,school
i feel pain,i feel pain,doctor,afternoon,hospital
tehre is the english book,there is the english book,english book,morning,home
is this th standing line,is this the standing line,standing line,evening,restaurant
add some peppe,add some pepper,pepper,morning,home
i like chocolate milkshake,i like chocolate milkshake,chocolate milkshake,night,community
i love chicken,i love chicken,chicken,morning,home
i want shampo,i want shampoo,shampoo,midday,school
i want my gloves,i want my gloves,gloves,midday,school
take me to rltvs house,take me to rltvs house,relative's house,morning,home
happy halloween,happy halloween,halloween,morning,home
i want to eat,i want to eat,lunch,midday,school
i watn cuppa noodles,i what cuppa noodles,cuppa noodles,midday,school
its in my cupboard,its in my cupboard,cupboard,afternoon,hospital
make soem porridge,make some porridge,porridge,morning,home
i want fud,i want fud,breakfast,morning,home
good evening,good evening,good evening,evening,restaurant
there is a bison,there is a bison,bison,midday,school
there is the pig,there is the pig,pig,night,community
i want a drink,i want a drink,water,morning,home
can you make m some scrambled eggs,can you make m some scrambled eggs,scrambled eggs,night,community
i want strawberry milkshake,i want strawberry milkshake,strawberry milkshake,evening,restaurant
i want to go to bed,i want to go to bed,bed,morning,home
i want pudding,i want pudding,pudding,morning,home
i want food,i want food,snack,afternoon,hospital
give me appel juice,give me apple juice,apple juice,afternoon,hospital
happy new year,happy new year,new year,afternoon,hospital
mosquit bites,mosquito bites,mosquito,night,community
i wan to eat,i wan to eat,lunch,midday,school
i want to wr socks,i want to wr socks,socks,night,community
i want a drink,i want a drink,water,morning,home
i feel pain,i feel pain,nurse,midday,school
its  circle,its circle,circle,morning,home
i feel cold,i feel cold,shawl,afternoon,hospital
i need medicine,i need medicine,tablet,morning,home
gooddrama,gooddrama,drama,midday,school
get me a glass,get me a glass,glass,evening,restaurant
add smoe chilli,add some chilli,chilli,evening,restaurant
i want a drink,i want a drink,water,morning,home
i want pei,i want pepsi,pie,night,community
itsin kitchen,its kitchen,kitchen,midday,school
make me some frnech toast,make me some french toast,french toast,night,community
i am thirsty,i am thirsty,water,morning,home
ti??s a cockroach,this a cockroach,cockroach,midday,school
get my necklace,get my necklace,necklace,morning,home
i feel cold,i feel cold,sweater,evening,restaurant
take me todoctor,take me doctor,doctor,evening,restaurant
its in our livin room,its in our living room,living room,afternoon,hospital
i wan to eat,i wan to eat,breakfast,morning,home
i want a drink,i want a drink,water,afternoon,hospital
i need medicine,i need medicine,syrup,evening,restaurant
i m sad,i m sad,sad,morning,home
take a blank paper,take a blank paper,blank paper,night,community
myhead,head,head,night,community
its my soap,its my soap,soap,midday,school
i want aaloo poori,i want aaloo poori,aaloo poori,midday,school
pu bandage,put bandage,bandage,evening,restaurant
can w go to ice hockey,can w go to ice hockey,ice hockey,evening,restaurant
i want rst chicken,i want roast chicken,roast chicken,morning,home
it is 10 rupees,it is 10 rupees,inr 10,night,community
its my soap,its my soap,soap,night,community
hi grandpa,hi grandpa,grandfather,afternoon,hospital
please show me,please show me,please show me,evening,restaurant
i feel cold,i feel cold,blanket,morning,home
i lkie kabaddi,i line kabaddi,kabaddi,evening,restaurant
i want pomegranate,i want pomegranate,pomegranate,afternoon,hospital
please give me,please give me,please give me,night,community
there is the skpng rope,there is the skiping rope,skipping rope,evening,restaurant
it isblue,it blue,blue,morning,home
i am thirsty,i am thirsty,juice,evening,restaurant
i feel pain,i feel pain,rest,morning,home
i liek cake,i line cake,cake,afternoon,hospital
its wsm,its wsm,awesome!,morning,home
i want a drink,i want a drink,coca-cola,evening,restaurant
i want to eat,i want to eat,snack,afternoon,hospital
its my body,its my body,body,morning,home
iwant to sleep,want to sleep,sleep,night,community
i need medicin,i need medicin,syrup,night,community
i need medicine,i need medicine,capsule,afternoon,hospital
bk some vegitables,bk some vegitables,baked vegetables,evening,restaurant
i want fish,i want fish,fish,afternoon,hospital
givee milkshake,give milkshake,milkshake,morning,home
i feel pain,i feel pain,clinic,night,community
giv me museli,give me museli,muesli,night,community
i want brownei,i want brownie,brownie,night,community
i am afraid,i am afraid,afraid,morning,home
they are my friends,they are my friends,friends,night,community
i want to eat,i want to eat,snack,afternoon,hospital
i wnt pudding,i want pudding,pudding,afternoon,hospital
happy birthday,happy birthday,cousin's birthday,midday,school
bk some vegitables,bk some vegitables,baked vegetables,afternoon,hospital
its a str,its a star,star,evening,restaurant
i want poha,i want poha,poha,midday,school
iwant burger,want burger,burger,afternoon,hospital
my shoulder aches,my shoulder aches,shoulder,evening,restaurant
give m a spoon,give m a spoon,spoon,night,community
i am hungry,i am hungry,dinner,night,community
where i the pencil lead,where i the pencil lead,pencil lead,morning,home
i feel cold,i feel cold,shawl,afternoon,hospital
i loev mango,i love mango,mango,morning,home
have agood day,have good day,day,evening,restaurant
they are m friends,they are m friends,friends,morning,home
i want to sleap,i want to sleap,sleep,night,community
i want blueberry,i want blueberry,blueberry,evening,restaurant
i want to be alone,i want to be alone,i want to be alone,night,community
i feel pain,i feel pain,rest,morning,home
godo night,good night,night,midday,school
salad is nice,salad is nice,salad,midday,school
i wan to eat,i wan to eat,tiffin,evening,restaurant
there is a mouse,there is a mouse,mouse,evening,restaurant
i want blueberry,i want blueberry,blueberry,morning,home
i want shampoo,i want shampoo,shampoo,night,community
i want shampoo,i want shampoo,shampoo,morning,home
where ismy raincoat,where ismy raincoat,raincoat,midday,school
hppy birthday,happy birthday,birthdays,night,community
can you sl it,can you sl it,seal,afternoon,hospital
happy ied,happy tired,eid,afternoon,hospital
its a crwo,its a crow,crow,morning,home
h-fv,h-fv,hi-five,night,community
i want a drink,i want a drink,water,morning,home
where is my plat,where is my plate,plate,morning,home
take me to relatives house,take me to relatives house,relative's house,morning,home
its my legos,its my legos,legos,night,community
give me pe,give me pie,pen,night,community
i want osme soup,i want some soup,soup,night,community
take my abg,take my abg,bag,night,community
give me a granolabar,give me a granola bar,granola bar,evening,restaurant
i want to bath,i want to bathe,bathing,afternoon,hospital
its inside hte fridge,its inside white fridge,fridge,afternoon,hospital
nice to meet you,nice to meet you,nice to meet you,midday,school
can yo read this for me,can you read this for me,read,night,community
i wan food,i wan food,dinner,night,community
i wan to sleep,i wan to sleep,nap,afternoon,hospital
i want to wear salwar kameez,i want to wear salwar kameez,salwar kameez,evening,restaurant
i am hungry,i am hungry,tiffin,evening,restaurant
no pshng please,no pushing please,no pushing please,night,community
these are my favouritse,these are my favourites,favourites,night,community
can you make me poached eggs,can you make me poached eggs,poached eggs,morning,home
i want food,i want food,tiffin,evening,restaurant
i am getting ready,i am getting ready,getting ready,evening,restaurant
its toocold,its toocold,cold,evening,restaurant
can you change music,can you change music,change music,midday,school
i wan food,i wan food,breakfast,morning,home
i want ht chocolate,i want hot chocolate,hot chocolate,morning,home
thisis my chappals,this my chappals,chappals,evening,restaurant
happychristmas,christmas,christmas,afternoon,hospital
i want chrery,i want cherry,cherry,night,community
i want dal,i want dal,dal,morning,home
how lng,how long,how long,evening,restaurant
i feel cold,i feel cold,jacket,midday,school
get me aglass,get me glass,glass,morning,home
i want to sleap,i want to sleap,nap,afternoon,hospital
iwant some snacks,want some snacks,snacks,night,community
there is thedove,there is thedove,dove,morning,home
this ismy caregiver,this ismy caregiver,caregiver,afternoon,hospital
my hta,my hta,hat,afternoon,hospital
i am thirsty,i am thirsty,water,afternoon,hospital
"""please give me a dosa.""","""please give me a dosa.""",kabab,afternoon,hospital
i want a drink,i want a drink,soda,night,community
i need medicine,i need medicine,capsule,afternoon,hospital
i need medicin,i need medicin,tablet,midday,school
i need medicin,i need medicin,tablet,midday,school
ts purple,its purple,purple,evening,restaurant
i am hurt,i am hurt,i am hurt,afternoon,hospital
i want miranda,i want miranda,mirinda,midday,school
i need medicine,i need medicine,syrup,evening,restaurant
i want cuppa noodles,i want cuppa noodles,cuppa noodles,evening,restaurant
i am hungry,i am hungry,dinner,night,community
lets go to clothes shop,lets go to clothes shop,clothes shop,morning,home
i want fired rice,i want tired rice,fried rice,midday,school
my heart,my heart,heart,midday,school
i feel cold,i feel cold,shawl,afternoon,hospital
i feel cold,i feel cold,sweater,evening,restaurant
my nck,my neck,neck,afternoon,hospital
i want macaronos,i want macaroons,macaroons,morning,home
giveme fruit punch,give fruit punch,fruit punch,evening,restaurant
 like basket ball,like basket ball,basketball,night,community
i amfeeling cold,i feeling cold,feeling cold,midday,school
can you take me for hiking,can you take me for hiking,hiking,morning,home
its snwoy,its snowy,snowy,evening,restaurant
i am hungry,i am hungry,dinner,night,community
i need medicine,i need medicine,tablet,midday,school
come lets adnce,come lets dance,lets dance,night,community
i need medicin,i need medicin,syrup,night,community
hlp me pls,help me pls,help,night,community
i like chocolate milkshake,i like chocolate milkshake,chocolate milkshake,evening,restaurant
how wasyour day,how wasyour day,how was your day,morning,home
i want brnvt,i want brnvt,bournvita,afternoon,hospital
i want some stmd veggies,i want some stmd veggies,steamed veggies,midday,school
i wantbhakri,i bhakri,bhakri,afternoon,hospital
there ispanda,there panda,panda,night,community
ist italian,it italian,italian,afternoon,hospital
i like soccer,i like soccer,soccer,evening,restaurant
strangers-beware!,strangers- beware!,strangers- beware!,night,community
i want food,i want food,breakfast,morning,home
its a cube,its a cube,cube,night,community
i need medicine,i need medicine,syrup,night,community
i need medicine,i need medicine,tablet,midday,school
i am hungry,i am hungry,tiffin,evening,restaurant
takeall the books,takeall the books,books,night,community
give some ktchp,give some ketchup,ketchup,morning,home
i was hi,i was hi,i was hit,midday,school
put bandage,put bandage,bandage,evening,restaurant
itscloudy,cloudy,cloudy,midday,school
i need medicin,i need medicin,capsule,afternoon,hospital
i feel cold,i feel cold,shawl,afternoon,hospital
tkae me to gymnastics,take me to gymnastics,gymnastics,evening,restaurant
buy mea mountain dew,buy me mountain dew,mountain dew,afternoon,hospital
i wan food,i wan food,tiffin,evening,restaurant
give memuseli,give museli,muesli,morning,home
i want a drnk,i want a drnk,water,morning,home
i a all done,i a all done,i am all done,midday,school
i am doneeating,i am eating,eating,evening,restaurant
what is the current time,what is the current time,current time,afternoon,hospital
i want to change my shorts,i want to change my shorts,change shorts,morning,home
i lk basket ball,i lk basket ball,basketball,afternoon,hospital
 want to change my t-shirt,want to change my t-shirt,change t-shirt,midday,school
s paper clip,s paper clip,paper clip,midday,school
i want food,i want food,breakfast,morning,home
i need cold drinks,i need cold drinks,cold drinks,morning,home
my eyes,my eyes,eyes,morning,home
omelette psl,omelette psl,omelette,night,community
i have abed time routine,i have bed time routine,bed time routine,night,community
goodnight,good night,good night,evening,restaurant
i am thirsty,i am thirsty,water,afternoon,hospital
i' irritated,i'm irritated,irritated,afternoon,hospital
shall we go to playground,shall we go to playground,playground,morning,home
i want some lemon juice,i want some lemon juice,lemon juice,afternoon,hospital
there is th lock and key,there is the lock and key,lock and key,midday,school
i want hard boiled eggs,i want hard boiled eggs,hard boiled eggs,night,community
i need some cihkoo,i need some chikoo,chikoo,evening,restaurant
give me a cp,give me a cup,cup,evening,restaurant
where i the baby,where i the baby,baby,night,community
i have a bed tim routine,i have a bed time routine,bed time routine,evening,restaurant
can you help me remove clothes,can you help me remove clothes,help remove clothes,night,community
they are myfriends,they are friends,friends,evening,restaurant
i want to eat,i want to eat,snack,afternoon,hospital
i am thirsty,i am thirsty,juice,evening,restaurant
can weplay hide and seek,can play hide and seek,hide and seek,midday,school
it pink,it pink,pink,morning,home
i want a drnk,i want a drnk,soda,night,community
i feel tired,i feel tired,i feel tired,midday,school
give me bread,give me bread,bread,midday,school
i want mango juice,i want mango juice,mango juice,morning,home
i wan a drink,i wan a drink,soda,night,community
i wantstrawberry milkshake,i strawberry milkshake,strawberry milkshake,morning,home
its a cbue,its a cube,cube,afternoon,hospital
i want mango juice,i want mango juice,mango juice,morning,home
take me to the park,take me to the park,park,evening,restaurant
hello,hello,hello,evening,restaurant
i want to sleep,i want to sleep,nap,morning,home
ineed more time,need more time,i need more time,morning,home
i need medicine,i need medicine,syrup,evening,restaurant
strngr,stranger,stranger,night,community
 want coffee,want coffee,coffee,midday,school
i feel pain,i feel pain,clinic,night,community
take me to foo court,take me to food court,food court,afternoon,hospital
shall weplay a puzzle,shall play a puzzle,puzzle,morning,home
give me eclaris,give me eclairs,eclairs,night,community
i want a drink,i want a drink,juice,midday,school
i want a drink,i want a drink,coca-cola,evening,restaurant
give me acake slice,give me cake slice,cake slice,afternoon,hospital
i like soccer,i like soccer,soccer,night,community
its a cck,its a cck,cuckoo,night,community
i want to sleap,i want to sleap,sleep,night,community
tis a snake,this a snake,snake,afternoon,hospital
get the key,get the key,key,afternoon,hospital
it?? a cockroach,its a cockroach,cockroach,afternoon,hospital
i need medicine,i need medicine,syrup,night,community
i want pizza,i want pizza,pizza,evening,restaurant
i need medicine,i need medicine,tablet,midday,school
i need medicine,i need medicine,tablet,morning,home
i am bore,i am bored,bored,night,community
there is the giraffe,there is the giraffe,giraffe,morning,home
i am in pain,i am in pain,i am in pain,afternoon,hospital
i am hungry,i am hungry,snack,afternoon,hospital
i need medicine,i need medicine,capsule,afternoon,hospital
tis pink,this pink,pink,midday,school
i want da,i want day,dal,morning,home
i want ikwi,i want kiwi,kiwi,afternoon,hospital
give me sm nuts,give me sm nuts,nuts,morning,home
take thatbowl,take thatbowl,bowl,morning,home
happy birthda mom,happy birthday mom,mom's birthday,afternoon,hospital
there is theshark,there is shark,shark,morning,home
i need some chikoo,i need some chikoo,chikoo,night,community
sabzi is nc,sabzi is nc,sabzi,midday,school
i want todance,i want dance,dance,morning,home
tkae me to canteen,take me to canteen,canteen,evening,restaurant
whereis my spectacles,where my spectacles,spectacles,evening,restaurant
i don't understand,i don't understand,i don't understand,night,community
add sm butter,add sm butter,butter,evening,restaurant
give my pillows,give my pillows,pillows,afternoon,hospital
good mrnng,good morning,good morning,afternoon,hospital
i awnt honey,i ant honey,honey,afternoon,hospital
i want som rotti,i want some rotti,roti,midday,school
i feel pain,i feel pain,clinic,night,community
give me cornflakes,give me cornflakes,cornflakes,midday,school
its to cold,its to cold,cold,midday,school
where i the baby,where i the baby,baby,midday,school
its a cck,its a cck,cuckoo,morning,home
i wnat to bathe,i what to bathe,bathing,morning,home
i lovecheese sticks,i cheese sticks,cheese sticks,evening,restaurant
there is the bus,there is the bus,bus,evening,restaurant
giv me a granola bar,give me a granola bar,granola bar,evening,restaurant
i see birds,i see birds,birds,morning,home
hw much is it,how much is it,how much,evening,restaurant
happychristmas,christmas,christmas,night,community
my heart,my heart,heart,evening,restaurant
i am thirsty,i am thirsty,water bottle,midday,school
i don't understand,i don't understand,i don't understand,evening,restaurant
i am amazed,i am amazed,amazed,midday,school
my clothes are tihgt,my clothes are tight,my clothes are tight,morning,home
i am hungry,i am hungry,snack,afternoon,hospital
i am thirsty,i am thirsty,soda,night,community
no spittign please,no spitting please,no spitting please,midday,school
ohw many,ohw many,how many,midday,school
give me somefanta,give me somefanta,fanta,midday,school
its a raiyn day,its a rainy day,rainy,afternoon,hospital
i am hungry,i am hungry,snack,afternoon,hospital
i feel cold,i feel cold,sweater,evening,restaurant
it is blu,it is blue,blue,afternoon,hospital
i want to sleep,i want to sleep,nap,afternoon,hospital
its a bffl,its a bffl,buffalo,morning,home
i feel pain,i feel pain,nurse,midday,school
switch on the air cndtnr,switch on the air cndtnr,air conditioner,evening,restaurant
there is a b,there is a b,bee,afternoon,hospital
i want some snac mix,i want some snack mix,snack mix,afternoon,hospital
i need medicine,i need medicine,tablet,morning,home
i want to sleep,i want to sleep,nap,midday,school
i wan apple,i want apple,apple,midday,school
giveme fruit punch,give fruit punch,fruit punch,afternoon,hospital
i want to wear socks,i want to wear socks,socks,afternoon,hospital
giv orange,give orange,orange,night,community
i want mango juice,i want mango juice,mango juice,evening,restaurant
i want food,i want food,lunch,midday,school
i wan a drink,i wan a drink,coca-cola,evening,restaurant
can you make me poache eggs,can you make me poached eggs,poached eggs,evening,restaurant
give orange,give orange,orange,evening,restaurant
iwant blueberry,want blueberry,blueberry,night,community
is this th standing line,is this the standing line,standing line,morning,home
i want to change myshoe,i want to change shoe,change shoes,night,community
i want pomegranate,i want pomegranate,pomegranate,midday,school
tk that book,tk that book,book,afternoon,hospital
i want osme rotti,i want some rotti,roti,midday,school
myneck,neck,neck,midday,school
make me a protien shake,make me a protien shake,protien shake,afternoon,hospital
i like popcorrn,i like popcorrn,popcorn,evening,restaurant
it is blu,it is blue,blue,midday,school
 want fried rice,want fried rice,fried rice,midday,school
its my body,its my body,body,afternoon,hospital
happy newyear,happy new year,new year,afternoon,hospital
i need medicin,i need medicin,tablet,morning,home
give m an eraser,give m an eraser,eraser,midday,school
give m pepsi,give m pepsi,pepsi,night,community
i want soda,i want soda,soda,afternoon,hospital
i wan to sleep,i wan to sleep,nap,afternoon,hospital
i want to eat,i want to eat,tiffin,evening,restaurant
tis awesome,this awesome,awesome!,night,community
i need medicine,i need medicine,tablet,midday,school
its adiamond,its diamond,diamond,morning,home
there i a monkey,there i a monkey,monkey,midday,school
i wan to eat,i wan to eat,tiffin,evening,restaurant
gd evening,gd evening,evening,evening,restaurant
can you bring mymedicine,can you bring medicine,medicine,afternoon,hospital
i want fud,i want fud,tiffin,evening,restaurant
take me to food court,take me to food court,food court,night,community
take my drawing book,take my drawing book,drawing book,night,community
can you make a sandwich for me,can you make a sandwich for me,sandwich,morning,home
can you bring my medicine,can you bring my medicine,medicine,midday,school
i want a drink,i want a drink,juice,midday,school
i feel cold,i feel cold,sweater,evening,restaurant
open the door,open the door,door,morning,home
i want to eat,i want to eat,breakfast,morning,home
i love mnago,i love mango,mango,night,community
it is 50 rupees,it is 50 rupees,inr 50,midday,school
omelette pls,omelette pls,omelette,evening,restaurant
i am hungry,i am hungry,snack,afternoon,hospital
good drama,good drama,drama,morning,home
i want to eat,i want to eat,dinner,night,community
is this the standing line,is this the standing line,standing line,morning,home
i wantsome laddoo,i wantsome laddoo,laddoo,evening,restaurant
iwant soda,want soda,soda,night,community
i wan stapler,i want stapler,stapler,afternoon,hospital
happy newyear,happy new year,new year,midday,school
i amangry,i angry,angry,morning,home
take the bat andball,take the bat handball,bat and ball,night,community
i am thirsty,i am thirsty,soda,night,community
i wan to sleep,i wan to sleep,nap,morning,home
i feel isck,i feel sick,i feel sick,midday,school
i liek cake,i line cake,cake,night,community
gv me paint,gve me paint,paint,night,community
take me to gymnastics,take me to gymnastics,gymnastics,afternoon,hospital
i want food,i want food,snack,afternoon,hospital
come lets dance,come lets dance,lets dance,night,community
i want to sleep,i want to sleep,rest,evening,restaurant
i want to eat,i want to eat,snack,afternoon,hospital
i am hungry,i am hungry,tiffin,evening,restaurant
i wan to eat,i wan to eat,breakfast,morning,home
add some maple syrup,add some maple syrup,maple syrup,midday,school
i like chicken wings,i like chicken wings,chicken wings,morning,home
its a rbbt,its a rabbit,rabbit,afternoon,hospital
its the kangaroo,its the kangaroo,kangaroo,evening,restaurant
i want apple,i want apple,apple,evening,restaurant
i wan to sleep,i wan to sleep,rest,evening,restaurant
i want a drink,i want a drink,water,morning,home
hppy dussehra,happy dussehra,dussehra,night,community
i want to sleep,i want to sleep,nap,midday,school
i wan a drink,i wan a drink,juice,midday,school
i amin danger,i pain danger,danger,afternoon,hospital
i want some laddoo,i want some laddoo,laddoo,afternoon,hospital
its mybirthday,its my birthday,my birthday,morning,home
i like towatch rollerskating,i like watch rollerskating,rollerskating,evening,restaurant
i want osme soup,i want some soup,soup,midday,school
i like strawberry,i like strawberry,strawberry,evening,restaurant
i want to change my innerwear,i want to change my innerwear,change innerwear,afternoon,hospital
my ahnds,my hands,hands,night,community
i need medicine,i need medicine,tablet,midday,school
i want some beans o toast,i want some beans o toast,beans on toast,midday,school
come lets dance,come lets dance,lets dance,morning,home
i want to chnage my shoe,i want to change my shoe,change shoes,night,community
i want to see my schl,i want to see my school,school,midday,school
i want to go to bed,i want to go to bed,bed,afternoon,hospital
i like to play chess,i like to play chess,chess,morning,home
add some chilli flake,add some chilli flakes,chilli flakes,night,community
its very hazards,its very hazards,hazards,evening,restaurant
i want sheera,i want sheera,sheera,night,community
i wan to eat,i wan to eat,breakfast,morning,home
i want to play with friend,i want to play with friend,play with friend,midday,school
no hands in underpants,no hands in underpants,no hands in underpants,afternoon,hospital
i wantto change my innerwear,i want change my innerwear,change innerwear,morning,home
i want to wr belt,i want to wr belt,belt,midday,school
go back,go back,back,evening,restaurant
i want t play scrabble,i want t play scrabble,scrabble,midday,school
how do you d,how do you d,how do you do,night,community
thr is a mouse,there is a mouse,mouse,evening,restaurant
thi is my chappals,this is my chappals,chappals,night,community
i love rcqt sports,i love rcqt sports,racquet sports,morning,home
please slw down,please slow down,please slow down,morning,home
thereis the sheep,there's the sheep,sheep,afternoon,hospital
happy labour day,happy labour day,labour day,evening,restaurant
beautifu colors,beautiful colors,colors,afternoon,hospital
its in kitchen,its in kitchen,kitchen,morning,home
i wantto change my pants,i want change my pants,change pants,morning,home
no pickin nose please,no picking nose please,no picking nose please,night,community
iwant dal khichidi,want dal khichidi,dal khichdi,afternoon,hospital
i have a bed tim routine,i have a bed time routine,bed time routine,afternoon,hospital
i want food,i want food,dinner,night,community
make me banana milkshake,make me banana milkshake,banana milkshake,midday,school
i need medicine,i need medicine,syrup,evening,restaurant
i want hamburger,i want hamburger,hamburger,morning,home
i need some cihkoo,i need some chikoo,chikoo,afternoon,hospital
my anlke aches,my ankle aches,ankle,evening,restaurant
thereis a bee,there's a bee,bee,afternoon,hospital
i am bored,i am bored,bored,night,community
its adiamond,its diamond,diamond,midday,school
giv me some fruit,give me some fruit,fruit,night,community
i want mac and cheese,i want mac and cheese,mac and cheese,morning,home
i want fired rice,i want tired rice,fried rice,night,community
i want a drnk,i want a drnk,coca-cola,evening,restaurant
i want some beans o toast,i want some beans o toast,beans on toast,morning,home
i want to play seesasw,i want to play seesasw,see-saw,midday,school
i want to go to bed,i want to go to bed,bed,afternoon,hospital
its the peac,its the peach,peach,morning,home
my clothes are tight,my clothes are tight,my clothes are tight,midday,school
i see acrocodile,i see crocodile,crocodile,morning,home
this is my cousin,this is my cousin,cousin,night,community
my mouth,my mouth,mouth,midday,school
i want to eat,i want to eat,lunch,midday,school
give m some chocolates,give m some chocolates,chocolate,afternoon,hospital
i am hungry,i am hungry,snack,afternoon,hospital
i want hamburger,i want hamburger,hamburger,midday,school
i want food,i want food,lunch,midday,school
giveme fish and chips,give fish and chips,fish and chips,evening,restaurant
there is the mg,there is the mug,mug,midday,school
i want fud,i want fud,dinner,night,community
 like bracelet,like bracelet,bracelet,evening,restaurant
mosquito bite,mosquito bites,mosquito,night,community
i need a chalk,i need a chalk,chalk,night,community
i am strssd out,i am stressed out,stressed,evening,restaurant
i wantbhakri,i bhakri,bhakri,midday,school
give orange,give orange,orange,midday,school
i feel pain,i feel pain,clinic,night,community
can you make a sandwcih for me,can you make a sandwich for me,sandwich,midday,school
take m to the park,take m to the park,park,midday,school
thr's the penguin,there's the penguin,penguin,night,community
i am thirsty,i am thirsty,water bottle,midday,school
gv me cookie,gve me cookie,cookie,morning,home
i want a drink,i want a drink,water,morning,home
i feel pain,i feel pain,nurse,midday,school
gv me pepsi,gve me pepsi,pepsi,morning,home
give oraneg,give orange,orange,afternoon,hospital
i want food,i want food,tiffin,evening,restaurant
i feel cold,i feel cold,sweater,evening,restaurant
i want to change my footwear,i want to change my footwear,change footwear,midday,school
there is the gaot,there is the goat,goat,morning,home
its acube,its cube,cube,morning,home
i want to change theslacks,i want to change slacks,change slacks,midday,school
i wan food,i wan food,breakfast,morning,home
give mesome chutney,give some chutney,chutney,afternoon,hospital
atke that bowl,take that bowl,bowl,evening,restaurant
it?? a rabbit,its a rabbit,rabbit,night,community
switch on the fa,switch on the fan,fan,evening,restaurant
there s the hippopotamus,there s the hippopotamus,hippopotamus,afternoon,hospital
there is panda,there is panda,panda,midday,school
i want to eat,i want to eat,lunch,midday,school
i need medicine,i need medicine,syrup,evening,restaurant
rosogulla s so tasty,rosogulla s so tasty,rosogulla,evening,restaurant
itsspring time,spring time,spring,morning,home
where is the scissors,where is the scissors,scissors,afternoon,hospital
thr is kingfisher,there is kingfisher,kingfisher,midday,school
ilike guava,like guava,guava,night,community
i am hungry,i am hungry,tiffin,evening,restaurant
i want bournvita,i want bournvita,bournvita,night,community
i love bowling,i love bowling,bowling,morning,home
give oraneg,give orange,orange,midday,school
can you hepl me remove clothes,can you hepl me remove clothes,help remove clothes,morning,home
i want roast lamb,i want roast lamb,roast lamb,evening,restaurant
i am frd,i am fried,afraid,midday,school
its a raiyn day,its a rainy day,rainy,morning,home
itsa cat,its cat,cat,evening,restaurant
there is the goat,there is the goat,goat,night,community
h grandpa,h grandpa,grandfather,afternoon,hospital
i want to play csrabble,i want to play scrabble,scrabble,night,community
there is panda,there is panda,panda,night,community
gt the key,get the key,key,morning,home
give memaaza,give maaza,maaza,evening,restaurant
i want food,i want food,breakfast,morning,home
its so foggy,its so foggy,foggy,morning,home
it inside the fridge,it inside the fridge,fridge,midday,school
where is my pants,where is my pants,pants,evening,restaurant
myneck,neck,neck,morning,home
i want t play ipad games,i want t play ipad games,ipad games,evening,restaurant
i want to play seesasw,i want to play seesasw,see-saw,night,community
give me some chocolates,give me some chocolates,chocolate,midday,school
give me gajarhalw,give me gajarhalwa,gajarhalwa,night,community
i wan food,i wan food,lunch,midday,school
give soem ketchup,give some ketchup,ketchup,night,community
i amangry,i angry,angry,evening,restaurant
there is the pegion,there is the pegion,pigeon,midday,school
hppy dussehra,happy dussehra,dussehra,morning,home
my knee,my knee,knee,evening,restaurant
i want to sleep,i want to sleep,nap,morning,home
give me a spoon,give me a spoon,spoon,midday,school
i am hungry,i am hungry,dinner,night,community
i wan a drink,i wan a drink,water,afternoon,hospital
i want soda,i want soda,soda,morning,home
i wan to eat,i wan to eat,lunch,midday,school
i like popcrorn,i like popcorn,popcorn,night,community
taek my coat,take my coat,coat,evening,restaurant
i want osme soup,i want some soup,soup,evening,restaurant
"""gvie me water.""","""give me water.""",water,midday,school
i am sad,i am sad,sad,night,community
no kckng please,no kicking please,no kicking please,night,community
i like to watch rollerskating,i like to watch rollerskating,rollerskating,morning,home
i want to change my frock,i want to change my frock,change frock,night,community
i love gulab jmn,i love gulab jamun,gulab jamun,midday,school
its a cck,its a cck,cuckoo,afternoon,hospital
its in my cupbaord,its in my cupboard,cupboard,midday,school
take my dress,take my dress,dress,afternoon,hospital
give me maaza,give me maaza,maaza,night,community
add osme chilli,add some chilli,chilli,morning,home
i was puhsed,i was pushed,i was pushed,afternoon,hospital
give me salad,give me salad,fruit salad,morning,home
where is the scissors,where is the scissors,scissors,morning,home
take m dress,take m dress,dress,morning,home
i need mutton,i need mutton,mutton,night,community
its an wl,its an owl,owl,evening,restaurant
i wan to eat,i wan to eat,tiffin,evening,restaurant
there is the skun,there is the skunk,skunk,afternoon,hospital
give me apple juiec,give me apple juice,apple juice,midday,school
it inside the fridge,it inside the fridge,fridge,evening,restaurant
i watn to buy some stationary,i what to buy some stationary,stationery,night,community
i want todance,i want dance,dance,evening,restaurant
my hrt,my hurt,heart,morning,home
i want my jacket,i want my jacket,jacket,night,community
i want brownei,i want brownie,brownie,midday,school
i want to eat,i want to eat,tiffin,evening,restaurant
itsgreen,green,green,night,community
i want my gloves,i want my gloves,gloves,night,community
i want to eat,i want to eat,dinner,night,community
hello,hello,hello,night,community
omelette psl,omelette psl,omelette,evening,restaurant
i want a drnk,i want a drnk,soda,night,community
happy dussehra,happy dussehra,dussehra,night,community
i needsome sambhar,i needsome sambhar,sambhar,night,community
hellograndma,hellograndma,grandmother,morning,home
 want to eat with small bites,want to eat with small bites,eat with small bites,night,community
where s the baby,where s the baby,baby,morning,home
i need medicine,i need medicine,tablet,morning,home
its silver,its silver,silver,afternoon,hospital
i want a drnk,i want a drnk,soda,night,community
quiet please,quiet please,quiet please!,afternoon,hospital
please lsow down,please slow down,please slow down,night,community
sit in chr,sit in chair,chair,evening,restaurant
i need medicine,i need medicine,capsule,afternoon,hospital
 want soda,want soda,soda,midday,school
give me custard,give me custard,custard,night,community
i want my gloves,i want my gloves,gloves,night,community
whereis my spectacles,where my spectacles,spectacles,afternoon,hospital
help me with my shoes,help me with my shoes,shoes,midday,school
happy easte,happy easter,easter,morning,home
i want pnppl juice,i want pnppl juice,pineapple juice,afternoon,hospital
lets go to groceryshop,lets go to grocery shop,grocery shop,night,community
htere is the lamp,here is the lamp,lamp,midday,school
give some ketchup,give some ketchup,ketchup,morning,home
its in rectangle in shape,its in rectangle in shape,rectangle,morning,home
i want to sleap,i want to sleap,nap,afternoon,hospital
can weplay hide and seek,can play hide and seek,hide and seek,afternoon,hospital
how much is it,how much is it,how much,morning,home
i want bournvita,i want bournvita,bournvita,evening,restaurant
i am thirsty,i am thirsty,soda,night,community
i want to reques you,i want to request you,requests,night,community
i want to eat,i want to eat,tiffin,evening,restaurant
i want pav bhaji,i want pav bhaji,pav bhaji,morning,home
there is a monkey,there is a monkey,monkey,night,community
tak me to hospital,take me to hospital,hospital,night,community
take my coat,take my coat,coat,morning,home
i want a drnk,i want a drnk,soda,night,community
i wan a drink,i wan a drink,water,afternoon,hospital
i want to eat,i want to eat,dinner,night,community
i want food,i want food,snack,afternoon,hospital
give me fruit punch,give me fruit punch,fruit punch,afternoon,hospital
i feel pain,i feel pain,rest,morning,home
my ns,my ns,nose,afternoon,hospital
take me to bedroom,take me to bedroom,bedroom,morning,home
i feel isck,i feel sick,i feel sick,evening,restaurant
i don't understand,i don't understand,i don't understand,afternoon,hospital
use paper clip,use paper clip,paper clip,night,community
i feel pain,i feel pain,nurse,midday,school
i feel pain,i feel pain,sit,evening,restaurant
i liek barfi,i line barfi,barfi,evening,restaurant
i love racquet sports,i love racquet sports,racquet sports,morning,home
i want to sleep,i want to sleep,rest,evening,restaurant
i need medicin,i need medicin,capsule,afternoon,hospital
mk some porridge,mk some porridge,porridge,afternoon,hospital
st in chair,sit in chair,chair,afternoon,hospital
i want to sleap,i want to sleap,nap,afternoon,hospital
its the dolphin,its the dolphin,dolphin,midday,school
i like cake,i like cake,cake,morning,home
its a rainy day,its a rainy day,rainy,night,community
its a rabbit,its a rabbit,rabbit,evening,restaurant
i feel pain,i feel pain,doctor,afternoon,hospital
give me pen,give me pen,pen,afternoon,hospital
i want bhkr,i want bhakri,bhakri,morning,home
i want to eat,i want to eat,breakfast,morning,home
i lovekhichidi,i khichidi,khichdi,morning,home
i am hungry,i am hungry,breakfast,morning,home
shallwe go to an restaurant,shall go to an restaurant,restaurant,evening,restaurant
"""please giv me a dosa.""","""please give me a dosa.""",dosa,night,community
its a rbbt,its a rabbit,rabbit,midday,school
i likesoftball,i softball,softball,midday,school
make some porridge,make some porridge,porridge,night,community
make some prth,make some prth,paratha,midday,school
i want tochange my innerwear,i want change my innerwear,change innerwear,midday,school
i feel pain,i feel pain,clinic,night,community
i want pineapple,i want pineapple,pineapple,evening,restaurant
its snowy,its snowy,snowy,evening,restaurant
pu bandage,put bandage,bandage,midday,school
i wnt pomegranate,i want pomegranate,pomegranate,midday,school
its a crow,its a crow,crow,evening,restaurant
ohw many,ohw many,how many,evening,restaurant
give me som berries,give me some berries,berries,afternoon,hospital
i want a drink,i want a drink,juice,midday,school
i am hungry,i am hungry,breakfast,morning,home
i like kabaddi,i like kabaddi,kabaddi,evening,restaurant
i was pushe,i was pushed,i was pushed,night,community
hi-fiev,hi-five,hi-five,afternoon,hospital
i want a drink,i want a drink,water,morning,home
i want food,i want food,snack,afternoon,hospital
i want a drnk,i want a drnk,water,afternoon,hospital
i want to change my jean,i want to change my jeans,change jeans,midday,school
i want a raost pork,i want a roast pork,roast pork,midday,school
give me fork,give me fork,fork,midday,school
i am hungry,i am hungry,dinner,night,community
it is 20 rupee,it is 20 rupees,inr 20,afternoon,hospital
can you help m remove clothes,can you help m remove clothes,help remove clothes,evening,restaurant
i am hungry,i am hungry,breakfast,morning,home
i wan to sleep,i wan to sleep,nap,morning,home
i want to watch cricket,i want to watch cricket,cricket,night,community
i feel pain,i feel pain,rest,morning,home
its so foggy,its so foggy,foggy,afternoon,hospital
i want to eat,i want to eat,dinner,night,community
i want shampo,i want shampoo,shampoo,afternoon,hospital
there are some garbage in the bin,there are some garbage in the bin,garbage in the bin,afternoon,hospital
ilike soccer,like soccer,soccer,evening,restaurant
i want to change myt-shirt,i want to change t-shirt,change t-shirt,afternoon,hospital
take me to doctor,take me to doctor,doctor,evening,restaurant
what is the current time,what is the current time,current time,morning,home
i feel pain,i feel pain,nurse,midday,school
i wan to sleep,i wan to sleep,sleep,night,community
i am thirsty,i am thirsty,water,afternoon,hospital
please giv me,please give me,please give me,evening,restaurant
i want food,i want food,snack,afternoon,hospital
please,please,please,evening,restaurant
can you take me for hiking,can you take me for hiking,hiking,afternoon,hospital
give mesome figs,give some figs,figs,midday,school
whatis the current season,what the current season,current season,afternoon,hospital
i wan to sleep,i wan to sleep,nap,morning,home
i have anemergency,i have emergency,emergency,evening,restaurant
i need sanitary napkins,i need sanitary napkins,sanitary napkins,afternoon,hospital
menu pls,menu pls,menu,night,community
it is black,it is black,black,evening,restaurant
they are my friends,they are my friends,friends,midday,school
take me to food court,take me to food court,food court,night,community
give me custard,give me custard,custard,midday,school
add some maplesyrup,add some maple syrup,maple syrup,midday,school
where is th scale,where is the scale,scale,night,community
add mr sause,add mr sause,sauce,midday,school
i need medicin,i need medicin,capsule,afternoon,hospital
i want fud,i want fud,breakfast,morning,home
i am thirsty,i am thirsty,juice,evening,restaurant
can we go ice skating,can we go ice skating,iceskating,midday,school
what is the current time,what is the current time,current time,midday,school
happy birthday,happy birthday,brother's birthday,midday,school
hppy birthday,happy birthday,birthdays,midday,school
add somemustard,add mustard,mustard,evening,restaurant
take me tocanteen,take me canteen,canteen,midday,school
i wan food,i wan food,dinner,night,community
i need medicin,i need medicin,capsule,afternoon,hospital
i want some beans on toast,i want some beans on toast,beans on toast,afternoon,hospital
happy birthday,happy birthday,cousin's birthday,afternoon,hospital
i am hungry,i am hungry,dinner,night,community
i like strwbrry,i like strawberry,strawberry,midday,school
i want jackfruit,i want jackfruit,jackfruit,afternoon,hospital
i want to wea watch,i want to wear watch,watch,midday,school
my head,my head,head,morning,home
gvie me some curd,gve me some curd,curd,midday,school
i am hungry,i am hungry,tiffin,evening,restaurant
its the peach,its the peach,peach,afternoon,hospital
goo night,good night,good night,evening,restaurant
how lng,how long,how long,afternoon,hospital
thereis a dog,there's a dog,dog,evening,restaurant
i want jlaebi,i want jalebi,jalebi,morning,home
iwant some laddoo,want some laddoo,laddoo,morning,home
i lovebowling,i bowling,bowling,night,community
i want a drink,i want a drink,juice,midday,school
i want fud,i want fud,dinner,night,community
i wnt to change my frock,i want to change my frock,change frock,evening,restaurant
its in our livin room,its in our living room,living room,midday,school
there is the knife,there is the knife,knife,midday,school
i need medicine,i need medicine,tablet,morning,home
i like softball,i like softball,softball,evening,restaurant
use paper clip,use paper clip,paper clip,afternoon,hospital
i love gulab jmn,i love gulab jamun,gulab jamun,evening,restaurant
i want some laddoo,i want some laddoo,laddoo,morning,home
i feel pain,i feel pain,rest,morning,home
please tell me agai,please tell me again,please tell me again,morning,home
i am hungry,i am hungry,snack,afternoon,hospital
my lgs,my legs,legs,night,community
i wan to eat,i wan to eat,snack,afternoon,hospital
give mepepsi,give pepsi,pepsi,evening,restaurant
i want pnppl juice,i want pnppl juice,pineapple juice,morning,home
give  milkshake,give milkshake,milkshake,evening,restaurant
i need medicin,i need medicin,tablet,midday,school
taek my coat,take my coat,coat,afternoon,hospital
i want a drink,i want a drink,juice,midday,school
i want some rice,i want some rice,rice,morning,home
i want fish,i want fish,fish,morning,home
ilove bowling,love bowling,bowling,midday,school
what i the current time,what i the current time,current time,morning,home
i wan to sleep,i wan to sleep,nap,midday,school
i wan jalebi,i want jalebi,jalebi,morning,home
there is knigfisher,there is kingfisher,kingfisher,night,community
give me crnflks,give me cornflakes,cornflakes,afternoon,hospital
i want to eat,i want to eat,lunch,midday,school
i need medicine,i need medicine,syrup,evening,restaurant
i want food,i want food,tiffin,evening,restaurant
hpapy holi,happy holi,holi,afternoon,hospital
i am sa,i am sad,sad,morning,home
its  rabbit,its rabbit,rabbit,morning,home
i feel pain,i feel pain,doctor,afternoon,hospital
i wan hamburger,i want hamburger,hamburger,night,community
mak some paratha,make some paratha,paratha,afternoon,hospital
i want tosee nurse,i want see nurse,nurse,morning,home
i want a raost pork,i want a roast pork,roast pork,night,community
i need medicin,i need medicin,tablet,midday,school
i need cable,i need cable,cable,midday,school
i feel cold,i feel cold,blanket,morning,home
i want to change my leggins,i want to change my leggins,change leggings,night,community
i want to slide,i want to slide,slide,midday,school
i want a drnk,i want a drnk,coca-cola,evening,restaurant
give me eclairs,give me eclairs,eclairs,night,community
i want to sleep,i want to sleep,nap,afternoon,hospital
ther is the shark,there is the shark,shark,midday,school
 want hamburger,want hamburger,hamburger,afternoon,hospital
i watn to buy some stationary,i what to buy some stationary,stationery,midday,school
i am bore,i am bored,bored,evening,restaurant
take my drawnig book,take my drawing book,drawing book,midday,school
i am thirsty,i am thirsty,water,morning,home
ist in red light please stop,it in red light please stop,red light- wait,afternoon,hospital
ts purple,its purple,purple,afternoon,hospital
add some maplesyrup,add some maple syrup,maple syrup,morning,home
hlelo,hello,hello,midday,school
i have my mourningroutine,i have my morning routine,morning routine,morning,home
i want food,i want food,tiffin,evening,restaurant
my clothes are tihgt,my clothes are tight,my clothes are tight,evening,restaurant
give me apple juice,give me apple juice,apple juice,afternoon,hospital
i wan to sleep,i wan to sleep,sleep,night,community
i wan to sleep,i wan to sleep,sleep,night,community
there's the penguin,there's the penguin,penguin,midday,school
take the bat and ball,take the bat and ball,bat and ball,midday,school
take thatbowl,take thatbowl,bowl,afternoon,hospital
take me torelatives house,take me relatives house,relative's house,evening,restaurant
i want to sleap,i want to sleap,nap,midday,school
give m pepsi,give m pepsi,pepsi,midday,school
where is the scale,where is the scale,scale,morning,home
take me to canteen,take me to canteen,canteen,midday,school
iam disappointed,am disappointed,disappointed,evening,restaurant
happy birthday,happy birthday,friend's birthday,afternoon,hospital
happy independence day,happy independence day,independence day,night,community
grea job,great job,great job!!!,midday,school
is thisthe standing line,is thisthe standing line,standing line,evening,restaurant
i feel pain,i feel pain,rest,morning,home
i want rst chicken,i want roast chicken,roast chicken,afternoon,hospital
i want odnut,i want donut,donut,afternoon,hospital
i want cfofee,i want coffee,coffee,evening,restaurant
i wan to eat,i wan to eat,breakfast,morning,home
it is20 rupees,it is20 rupees,inr 20,morning,home
give some pickle,give some pickle,pickle,afternoon,hospital
give me pen,give me pen,pen,midday,school
i feel pain,i feel pain,doctor,afternoon,hospital
i was scolded,i was scolded,i was scolded,midday,school
i wan a drink,i wan a drink,juice,midday,school
i want oburnvita,i want bournvita,bournvita,morning,home
whatis the current season,what the current season,current season,evening,restaurant
i like strawberry,i like strawberry,strawberry,midday,school
i wan a drink,i wan a drink,juice,midday,school
i feel cold,i feel cold,sweater,evening,restaurant
how wasyour day,how wasyour day,how was your day,evening,restaurant
crumbel it,crumble it,crumble,midday,school
i want myscarf,i want scarf,scarf,night,community
there is a bee,there is a bee,bee,midday,school
add sm butter,add sm butter,butter,night,community
i wanthoney,i wanthoney,honey,night,community
its a rainyday,its a rainy,rainy,midday,school
whereis my spectacles,where my spectacles,spectacles,midday,school
give me bnn,give me bnn,banana,midday,school
there is the hippopotamus,there is the hippopotamus,hippopotamus,night,community
higrandpa,grandpa,grandfather,night,community
ahppy dussehra,happy dussehra,dussehra,morning,home
tkae me to gymnastics,take me to gymnastics,gymnastics,midday,school
how muchis it,how much it,how much,morning,home
its a sprrw,its a sparrow,sparrow,morning,home
gv me salad,gve me salad,fruit salad,evening,restaurant
i need medicin,i need medicin,capsule,afternoon,hospital
i need medicin,i need medicin,syrup,evening,restaurant
i am thirsty,i am thirsty,water bottle,midday,school
itis 100 rupees,its 100 rupees,inr 100,morning,home
this is my cousi,this is my cousin,cousin,afternoon,hospital
this is brow,this is brown,brown,midday,school
i want a drnk,i want a drnk,water,morning,home
its my sopa,its my stop,soap,evening,restaurant
i feel cold,i feel cold,sweater,evening,restaurant
takeme to bedroom,take to bedroom,bedroom,afternoon,hospital
i am frd,i am fried,afraid,evening,restaurant
igve me salad,gve me salad,fruit salad,midday,school
ts so hot,its so hot,hot,morning,home
i need some chikoo,i need some chikoo,chikoo,afternoon,hospital
get my necklace,get my necklace,necklace,midday,school
can you cmb my hair,can you comb my hair,comb hair,night,community
itstoo cold,itstoo cold,cold,morning,home
i need cable,i need cable,cable,night,community
i want to go snowboarding,i want to go snowboarding,snowboarding,night,community
no inappropriate touch please,no inappropriate touch please,no inappropriate touch please,evening,restaurant
thereis the hippopotamus,there's the hippopotamus,hippopotamus,midday,school
thereis the sheep,there's the sheep,sheep,midday,school
take thatbook,take thatbook,book,afternoon,hospital
i ilke bracelet,i milk bracelet,bracelet,night,community
quiet please,quiet please,quiet please!,midday,school
i feel pain,i feel pain,doctor,afternoon,hospital
i need help,i need help,i need help,morning,home
where is my pants,where is my pants,pants,midday,school
get me aglass,get me glass,glass,night,community
i want food,i want food,snack,afternoon,hospital
iwant blueberry,want blueberry,blueberry,midday,school
"""please give me a dosa.""","""please give me a dosa.""",kabab,evening,restaurant
i want food,i want food,lunch,midday,school
i am angry,i am angry,angry,afternoon,hospital
its a rainyday,its a rainy,rainy,morning,home
i wanthoney,i wanthoney,honey,evening,restaurant
i feel sick,i feel sick,i feel sick,evening,restaurant
quiet pls,quiet pls,quiet please!,midday,school
salsataste good,salsataste good,salsa,midday,school
i want ice cream,i want ice cream,icecream,midday,school
this ismy favorite book,this ismy favorite book,favorite book,night,community
i want donut,i want donut,donut,night,community
i want to eat,i want to eat,snack,afternoon,hospital
i want orange juice,i want orange juice,orange juice,evening,restaurant
ther are some blocks,there are some blocks,blocks,evening,restaurant
be safety,be safety,safety,morning,home
please tell me again,please tell me again,please tell me again,midday,school
iwas pinched,was pinched,i was pinched,evening,restaurant
i am hungry,i am hungry,dinner,night,community
this isbrown,this brown,brown,midday,school
there s the dove,there s the dove,dove,evening,restaurant
i want a drink,i want a drink,coca-cola,evening,restaurant
where is the scl,where is the scale,scale,afternoon,hospital
this is my brother,this is my brother,brother,night,community
giv me peanut butter,give me peanut butter,peanut butter,morning,home
please give me,please give me,please give me,morning,home
i wnt smoothie,i want smoothie,smoothie,night,community
can you help put on clothe,can you help put on clothes,help put on clothes,midday,school
i want to change my jaens,i want to change my jeans,change jeans,afternoon,hospital
there is m frock,there is m frock,frock,morning,home
add smoe chilli,add some chilli,chilli,night,community
i feel cold,i feel cold,jacket,midday,school
it is the place of worship,it is the place of worship,places of worship,midday,school
tk me to hospital,tk me to hospital,hospital,evening,restaurant
help m with my shirt,help m with my shirt,shirt,midday,school
where is th scale,where is the scale,scale,evening,restaurant
its wsm,its wsm,awesome!,night,community
iwant to go to clinic,want to go to clinic,clinic,afternoon,hospital
its a cuckoo,its a cuckoo,cuckoo,evening,restaurant
i want a drnk,i want a drnk,water,morning,home
i watn to change my leggins,i what to change my leggins,change leggings,morning,home
i want to sleep,i want to sleep,nap,midday,school
my fingers,my fingers,fingers,night,community
itsthe elephant,itsthe elephant,elephant,evening,restaurant
i love chaat,i love chaat,chaat,night,community
give me peanut butter,give me peanut butter,peanut butter,evening,restaurant
i is black,i is black,black,morning,home
there is a dg,there is a dog,dog,evening,restaurant
take my cap,take my cap,cap,evening,restaurant
i want sheera,i want sheera,sheera,afternoon,hospital
thr is some money,there is some money,money,night,community
there is kingfisher,there is kingfisher,kingfisher,morning,home
there is a divdier,there is a divider,divider,night,community
i am hungry,i am hungry,breakfast,morning,home
i want to wr salwar kameez,i want to wr salwar kameez,salwar kameez,night,community
there is the skiping rope,there is the skiping rope,skipping rope,evening,restaurant
whr is the pencil lead,where is the pencil lead,pencil lead,evening,restaurant
happy halloween,happy halloween,halloween,evening,restaurant
i want a soft toy,i want a soft toy,soft toy,evening,restaurant
i want some lemon juice,i want some lemon juice,lemon juice,midday,school
mak some paratha,make some paratha,paratha,midday,school
take me t balcony,take me t balcony,balcony,evening,restaurant
i see birds,i see birds,birds,afternoon,hospital
i need medicine,i need medicine,syrup,night,community
can yo help put on clothes,can you help put on clothes,help put on clothes,midday,school
i want to eat with small bts,i want to eat with small bites,eat with small bites,morning,home
i want to change myshoe,i want to change shoe,change shoes,midday,school
i need medicin,i need medicin,syrup,evening,restaurant
i wan to sleep,i wan to sleep,nap,midday,school
there is the pig,there is the pig,pig,evening,restaurant
give me some fruit,give me some fruit,fruit,evening,restaurant
giveme some chocolates,give some chocolates,chocolate,midday,school
gveme some idli,gve some idli,idli,night,community
get mynecklace,get necklace,necklace,afternoon,hospital
i seebirds,i birds,birds,afternoon,hospital
take my abg,take my abg,bag,morning,home
i want to see my schl,i want to see my school,school,night,community
i want some snack mix,i want some snack mix,snack mix,midday,school
i want to sleep,i want to sleep,rest,evening,restaurant
 want kiwi,want kiwi,kiwi,midday,school
i want to wea watch,i want to wear watch,watch,afternoon,hospital
itsfun,itsfun,fun,night,community
its a square,its a square,square,afternoon,hospital
get me a glass,get me a glass,glass,afternoon,hospital
i want to change my jaens,i want to change my jeans,change jeans,midday,school
i want tosee nurse,i want see nurse,nurse,night,community
can you chagne music,can you change music,change music,morning,home
its snowy,its snowy,snowy,afternoon,hospital
whr is the pencil lead,where is the pencil lead,pencil lead,morning,home
i want to eat,i want to eat,snack,afternoon,hospital
i am amazed,i am amazed,amazed,evening,restaurant
i want mac and cheese,i want mac and cheese,mac and cheese,midday,school
i am hungry,i am hungry,breakfast,morning,home
take me to bedroom,take me to bedroom,bedroom,evening,restaurant
they are myfriends,they are friends,friends,afternoon,hospital
goo night,good night,good night,midday,school
add osme chilli,add some chilli,chilli,evening,restaurant
i feel cold,i feel cold,blanket,morning,home
its rde,its ride,red,midday,school
pls take me,pls take me,please take me,night,community
i am doing leg exercise,i am doing leg exercise,leg exercises,morning,home
have a good day,have a good day,day,morning,home
i want a drnk,i want a drnk,coca-cola,evening,restaurant
itsa cat,its cat,cat,night,community
i need cold drinks,i need cold drinks,cold drinks,afternoon,hospital
i want to sleap,i want to sleap,nap,midday,school
swtch on the light,switch on the light,light,morning,home
i want pnppl,i want pnppl,pineapple,afternoon,hospital
i want to go in bike,i want to go in bike,bike,midday,school
good mrnng,good morning,good morning,night,community
i amin pain,i pain pain,i am in pain,midday,school
there is pand,there is panda,panda,evening,restaurant
is this the standing line,is this the standing line,standing line,evening,restaurant
i wan a drink,i wan a drink,soda,night,community
i wan to do some exercise,i want to do some exercise,exercises,midday,school
"""give me water.""","""give me water.""",water,midday,school
i feel pain,i feel pain,clinic,night,community
i likecheese,i cheese,cheese,afternoon,hospital
i love mango,i love mango,mango,night,community
happy christmas,happy christmas,christmas,night,community
take al the books,take dal the books,books,midday,school
there is a parrot,there is a parrot,parrot,morning,home
i feel cold,i feel cold,sweater,evening,restaurant
hi-five,hi-five,hi-five,morning,home
i wan a drink,i wan a drink,coca-cola,evening,restaurant
i like soccer,i like soccer,soccer,afternoon,hospital
what is the current season,what is the current season,current season,night,community
i need cold drinks,i need cold drinks,cold drinks,afternoon,hospital
i want food,i want food,tiffin,evening,restaurant
ho much is it,how much is it,how much,morning,home
i want food,i want food,tiffin,evening,restaurant
i lovebowling,i bowling,bowling,afternoon,hospital
ad some pepper,sad some pepper,pepper,midday,school
i liketo play chess,i like play chess,chess,morning,home
i want bournvita,i want bournvita,bournvita,midday,school
happychristmas,christmas,christmas,morning,home
tkae me to canteen,take me to canteen,canteen,night,community
shall we play snake & ladder,shall we play snake & ladder,snakes & ladders,night,community
give me energy drikn,give me energy drink,energy drink,morning,home
i need a break,i need a break,i need a break,morning,home
itssilver,silver,silver,evening,restaurant
i wan aaloo poori,i want aaloo poori,aaloo poori,morning,home
there is the bus,there is the bus,bus,afternoon,hospital
 want to change my t-shirt,want to change my t-shirt,change t-shirt,afternoon,hospital
mystomach aches,stomach aches,stomach,morning,home
i want to eat,i want to eat,lunch,midday,school
i am thirsty,i am thirsty,soda,night,community
i want to eat,i want to eat,snack,afternoon,hospital
i want a drink,i want a drink,soda,night,community
give me sm fanta,give me sm fanta,fanta,night,community
give me paint,give me paint,paint,morning,home
hellograndma,hellograndma,grandmother,afternoon,hospital
i am angry,i am angry,angry,morning,home
no inappropriatetouch please,no inappropriate please,no inappropriate touch please,afternoon,hospital
i want fud,i want fud,snack,afternoon,hospital
i wan food,i wan food,dinner,night,community
i need medicine,i need medicine,tablet,midday,school
its the dlophin,its the dolphin,dolphin,evening,restaurant
be safety,be safety,safety,evening,restaurant
can you repeat that questio,can you repeat that question,questions,morning,home
i feel pain,i feel pain,nurse,midday,school
i want med wada,i want medu wada,medu wada,midday,school
can you help put on clothes,can you help put on clothes,help put on clothes,night,community
can you seal it,can you seal it,seal,morning,home
i want fud,i want fud,tiffin,evening,restaurant
it is the place of worship,it is the place of worship,places of worship,midday,school
i want to sleep,i want to sleep,sleep,night,community
m hat,m hat,hat,night,community
i am thirsty,i am thirsty,water,afternoon,hospital
give mebear,give bear,bear,night,community
this s my brother,this s my brother,brother,midday,school
i want food,i want food,breakfast,morning,home
give me some biscuit,give me some biscuit,biscuits,evening,restaurant
i have a bed tim routine,i have a bed time routine,bed time routine,midday,school
give memuseli,give museli,muesli,night,community
my hair,my hair,hair,evening,restaurant
my clothes rae tight,my clothes rae tight,my clothes are tight,morning,home
i want food,i want food,tiffin,evening,restaurant
please lsow down,please slow down,please slow down,midday,school
i want to eat,i want to eat,lunch,midday,school
omelette psl,omelette psl,omelette,midday,school
i like softball,i like softball,softball,midday,school
i wan a drink,i wan a drink,water,afternoon,hospital
i want some grps,i want some grapes,grapes,night,community
i need medicin,i need medicin,tablet,morning,home
i want a drnk,i want a drnk,juice,midday,school
i love bowling,i love bowling,bowling,midday,school
give me some foo,give me some food,food,evening,restaurant
i want to sleep,i want to sleep,nap,morning,home
i am confused,i am confused,confused,evening,restaurant
give me some fruit,give me some fruit,fruit,morning,home
hello,hello,hello,night,community
i am thirsty,i am thirsty,juice,evening,restaurant
i want some pear,i want some pear,pear,night,community
it is 050 rupees,it is 50 rupees,inr 500,night,community
i want food,i want food,tiffin,evening,restaurant
good nigh,good night,night,afternoon,hospital
i see a crocodile,i see a crocodile,crocodile,evening,restaurant
pls take me,pls take me,please take me,afternoon,hospital
my eblow,my blow,elbow,midday,school
i am hungry,i am hungry,lunch,midday,school
st in chair,sit in chair,chair,midday,school
i want to eat,i want to eat,lunch,midday,school
i want brnvt,i want brnvt,bournvita,evening,restaurant
hel me with my shoes,hepl me with my shoes,shoes,morning,home
i want fud,i want fud,dinner,night,community
i feel cold,i feel cold,sweater,evening,restaurant
i want a drink,i want a drink,water,morning,home
wehre is the sellotape,where is the sellotape,sellotape,midday,school
its adiamond,its diamond,diamond,afternoon,hospital
i feel pain,i feel pain,rest,morning,home
ther is a parrot,there is a parrot,parrot,afternoon,hospital
its a rainyday,its a rainy,rainy,night,community
i wantmedu wada,i wantmedu wada,medu wada,evening,restaurant
i want hard boiled ggs,i want hard boiled eggs,hard boiled eggs,midday,school
i feel cold,i feel cold,shawl,afternoon,hospital
tis cloudy,this cloudy,cloudy,night,community
i want to sleap,i want to sleap,rest,evening,restaurant
switch on the fan,switch on the fan,fan,night,community
its asquare,its square,square,afternoon,hospital
give me fish and cihps,give me fish and chips,fish and chips,morning,home
i need medicine,i need medicine,capsule,afternoon,hospital
i want a drink,i want a drink,soda,night,community
i wan a drink,i wan a drink,soda,night,community
i want a drnk,i want a drnk,coca-cola,evening,restaurant
i am thirsty,i am thirsty,water bottle,midday,school
no pickin nose please,no picking nose please,no picking nose please,evening,restaurant
i feel tired,i feel tired,i feel tired,evening,restaurant
there is the hippopotamus,there is the hippopotamus,hippopotamus,midday,school
hello grandm,hello grandma,grandmother,night,community
i want to change my short,i want to change my shorts,change shorts,midday,school
give me peanut butter,give me peanut butter,peanut butter,afternoon,hospital
hi-fiv,hi-five,hi-five,evening,restaurant
i want some raita,i want some raita,raita,midday,school
i need medicine,i need medicine,syrup,evening,restaurant
i am bored,i am bored,bored,evening,restaurant
i am stressed out,i am stressed out,stressed,evening,restaurant
i am hppy,i am happy,happy,morning,home
shall we play a puzzle,shall we play a puzzle,puzzle,midday,school
i want to eat,i want to eat,dinner,night,community
mak some paratha,make some paratha,paratha,morning,home
i awnt jackfruit,i ant jackfruit,jackfruit,afternoon,hospital
i want mac and cheese,i want mac and cheese,mac and cheese,evening,restaurant
noodle pls,noodles pls,noodles,night,community
i need medicin,i need medicin,capsule,afternoon,hospital
happy diwali,happy diwali,diwali,morning,home
this ismy father,this ismy father,father,morning,home
there are some garbage n the bin,there are some garbage n the bin,garbage in the bin,afternoon,hospital
hwo,hwo,how,night,community
there is pand,there is panda,panda,midday,school
i want a drink,i want a drink,soda,night,community
no kicking pleas,no kicking please,no kicking please,night,community
can you make me some scrambled eggs,can you make me some scrambled eggs,scrambled eggs,evening,restaurant
i se birds,i use birds,birds,night,community
i want to change my footwear,i want to change my footwear,change footwear,morning,home
its sohot,its hot,hot,evening,restaurant
i wan food,i wan food,lunch,midday,school
ilove bowling,love bowling,bowling,night,community
i want mashed potatoes,i want mashed potatoes,mashed potatoes,evening,restaurant
i watn hard boiled eggs,i what hard boiled eggs,hard boiled eggs,evening,restaurant
my stomach aches,my stomach aches,stomach,evening,restaurant
give me celairs,give me eclairs,eclairs,night,community
there is the bsu,there is the bsu,bus,midday,school
where is the scissors,where is the scissors,scissors,evening,restaurant
i want to sleep,i want to sleep,nap,afternoon,hospital
ihave feelings,have feelings,feelings,night,community
i am hungry,i am hungry,snack,afternoon,hospital
get me a glass,get me a glass,glass,night,community
switch on the light,switch on the light,light,evening,restaurant
i wnt macaroons,i want macaroons,macaroons,morning,home
iam amazed,am amazed,amazed,morning,home
i want croissant,i want croissant,croissant,afternoon,hospital
there is a monkey,there is a monkey,monkey,night,community
i want to sleep,i want to sleep,sleep,night,community
happy birthda mom,happy birthday mom,mom's birthday,night,community
lts go to the mall,lets go to the mall,mall,midday,school
i want breakfast,i want breakfast,breakfast,night,community
i likesoftball,i softball,softball,evening,restaurant
i wan to eat,i wan to eat,breakfast,morning,home
i need medicin,i need medicin,capsule,afternoon,hospital
happybirthday,birthday,birthdays,evening,restaurant
i liek cake,i line cake,cake,morning,home
i have anemergency,i have emergency,emergency,midday,school
hapyp birthday,happy birthday,cousin's birthday,midday,school
i wan croissant,i want croissant,croissant,afternoon,hospital
there is some mone,there is some money,money,evening,restaurant
i want to go t bed,i want to go t bed,bed,morning,home
its my birthday,its my birthday,my birthday,evening,restaurant
rosogulla is s tasty,rosogulla is s tasty,rosogulla,night,community
i want a drnk,i want a drnk,water,morning,home
can you help pu on clothes,can you help put on clothes,help put on clothes,afternoon,hospital
plaese,please,please,afternoon,hospital
i need medicine,i need medicine,syrup,evening,restaurant
i am getting ready,i am getting ready,getting ready,afternoon,hospital
lets go to the mall,lets go to the mall,mall,midday,school
ad some salt,sad some salt,salt,night,community
i want oatmea,i want oatmeal,oatmeal,evening,restaurant
no pinching please,no pinching please,no pinching please,evening,restaurant
give m some fanta,give m some fanta,fanta,night,community
where is the pelican,where is the pelican,pelican,afternoon,hospital
add some chilli flakes,add some chilli flakes,chilli flakes,night,community
its a rbbt,its a rabbit,rabbit,morning,home
i wan to change my innerwear,i want to change my innerwear,change innerwear,afternoon,hospital
i feel cold,i feel cold,blanket,morning,home
can you repeat that questio,can you repeat that question,questions,evening,restaurant
no hands in underpant,no hands in underpants,no hands in underpants,midday,school
ihave feelings,have feelings,feelings,evening,restaurant
i want strwbrry milkshake,i want strawberry milkshake,strawberry milkshake,morning,home
i am thirsty,i am thirsty,water bottle,midday,school
i want to watch foobtall,i want to watch football,football,evening,restaurant
i feel cold,i feel cold,blanket,morning,home
i want toplay with friend,i want play with friend,play with friend,night,community
i want to play ipad games,i want to play ipad games,ipad games,midday,school
i want to seemy school,i want to see school,school,evening,restaurant
there is the knife,there is the knife,knife,afternoon,hospital
give me some fanta,give me some fanta,fanta,morning,home
addsome maple syrup,addsome maple syrup,maple syrup,afternoon,hospital
its bat,its bat,bat,evening,restaurant
i need medicine,i need medicine,syrup,evening,restaurant
this is my favorite book,this is my favorite book,favorite book,midday,school
i need some cihkoo,i need some chikoo,chikoo,midday,school
pleas,please,please,night,community
give me fruit punc,give me fruit punch,fruit punch,afternoon,hospital
i need medicine,i need medicine,tablet,morning,home
i am feelin warm,i am feeling warm,feeling warm,midday,school
iwant to wear salwar kameez,want to wear salwar kameez,salwar kameez,evening,restaurant
how areyou,how areyou,how are you,evening,restaurant
i want cold coffee,i want cold coffee,cold coffee,midday,school
i want a drnk,i want a drnk,juice,midday,school
tis my birthday,this my birthday,my birthday,midday,school
mak some paratha,make some paratha,paratha,night,community
i want to eat,i want to eat,breakfast,morning,home
give me sm fruit,give me sm fruit,fruit,morning,home
make me sit in sofa,make me sit in sofa,sofa,morning,home
i want to change my pants,i want to change my pants,change pants,morning,home
happy brthdy,happy birthday,grandma's birthday,morning,home
i want to eat,i want to eat,dinner,night,community
catch-catc,catch-catch,catch-catch,midday,school
how do you do,how do you do,how do you do,midday,school
i want ice crm,i want ice cream,icecream,evening,restaurant
ilove bowling,love bowling,bowling,evening,restaurant
give me banana,give me banana,banana,morning,home
i want to eat,i want to eat,snack,afternoon,hospital
i want oatmeal,i want oatmeal,oatmeal,morning,home
 like basket ball,like basket ball,basketball,evening,restaurant
give mepepsi,give pepsi,pepsi,afternoon,hospital
can you amke a sandwich for me,can you take a sandwich for me,sandwich,evening,restaurant
happy birthady,happy birthday,friend's birthday,midday,school
i feel pain,i feel pain,nurse,midday,school
i awnt medu wada,i ant medu wada,medu wada,afternoon,hospital
shall we go in ship,shall we go in ship,ship,midday,school
i am hungry,i am hungry,dinner,night,community
its a rainyday,its a rainy,rainy,afternoon,hospital
i like soccer,i like soccer,soccer,evening,restaurant
itstoo cold,itstoo cold,cold,evening,restaurant
mkae me a protien shake,make me a protien shake,protien shake,evening,restaurant
add somemustard,add mustard,mustard,morning,home
i ws pinched,i was pinched,i was pinched,night,community
i want to sleap,i want to sleap,rest,evening,restaurant
i want to sleap,i want to sleap,nap,midday,school
shall we play snake & ladder,shall we play snake & ladder,snakes & ladders,morning,home
shall w play board game,shall w play board game,board game,midday,school
take me to blcny,take me to balcony,balcony,afternoon,hospital
i feel cold,i feel cold,blanket,morning,home
i wnt pork,i want pork,pork,evening,restaurant
i am thirsty,i am thirsty,water,afternoon,hospital
pleaes share,please share,please share,night,community
t??s a cat,its a cat,cat,evening,restaurant
i need medicin,i need medicin,syrup,night,community
i am hungry,i am hungry,dinner,night,community
i am bored,i am bored,bored,afternoon,hospital
i want to change myshoe,i want to change shoe,change shoes,morning,home
i like to watchrollerskating,i like to rollerskating,rollerskating,morning,home
this is my caregiver,this is my caregiver,caregiver,night,community
my stomahc aches,my stomach aches,stomach,afternoon,hospital
ho many,how many,how many,afternoon,hospital
give me energy drikn,give me energy drink,energy drink,night,community
tell me a stor,tell me a story,bed time story book,night,community
no hitting please,no hitting please,no hitting please,midday,school
its fn,its fun,fun,afternoon,hospital
i see the cwo,i see the cwo,cow,night,community
happy dwiali,happy diwali,diwali,afternoon,hospital
ther is a divider,there is a divider,divider,morning,home
strangers-beware!,strangers- beware!,strangers- beware!,afternoon,hospital
itsa star,its star,star,midday,school
i awnt jackfruit,i ant jackfruit,jackfruit,morning,home
i want a roast prk,i want a roast pork,roast pork,morning,home
i want food,i want food,dinner,night,community
great job,great job,great job!!!,midday,school
i ws hit,i was hit,i was hit,evening,restaurant
welocme,welcome,greetings,midday,school
i want ht chocolate,i want hot chocolate,hot chocolate,afternoon,hospital
shall w play a puzzle,shall w play a puzzle,puzzle,morning,home
i feel cold,i feel cold,shawl,afternoon,hospital
i want dalkhichidi,i want dal khichdi,dal khichdi,night,community
take m dress,take m dress,dress,evening,restaurant
i want food,i want food,dinner,night,community
i want pineapple juice,i want pineapple juice,pineapple juice,night,community
iwant dal khichidi,want dal khichidi,dal khichdi,midday,school
this is my favorite book,this is my favorite book,favorite book,morning,home
i am amazed,i am amazed,amazed,midday,school
no spittign please,no spitting please,no spitting please,night,community
take me to the park,take me to the park,park,afternoon,hospital
i want fried rice,i want fried rice,fried rice,evening,restaurant
good frdy,good friday,good friday,morning,home
 am angry,am angry,angry,midday,school
give my pillows,give my pillows,pillows,afternoon,hospital
canyou seal it,canyou seal it,seal,midday,school
i want fud,i want fud,breakfast,morning,home
i am stressed t,i am stressed t,stressed,night,community
happy diwali,happy diwali,diwali,night,community
i want to chang,i want to change,change,afternoon,hospital
make some musi,make some music,make music,midday,school
take me to the park,take me to the park,park,morning,home
i want to sleep,i want to sleep,rest,evening,restaurant
ca you hepl me do this,cat you hepl me do this,help me do this,evening,restaurant
i want to change the slacks,i want to change the slacks,change slacks,evening,restaurant
itsso golden,its golden,golden,midday,school
i want to play seesasw,i want to play seesasw,see-saw,morning,home
i want food,i want food,snack,afternoon,hospital
i want to wear salwar kameez,i want to wear salwar kameez,salwar kameez,morning,home
my fingers,my fingers,fingers,evening,restaurant
i want soda,i want soda,soda,night,community
howare you,howare you,how are you,evening,restaurant
 want coffee,want coffee,coffee,evening,restaurant
take thatbowl,take thatbowl,bowl,midday,school
give me a cup,give me a cup,cup,evening,restaurant
it isblue,it blue,blue,afternoon,hospital
my elbow,my elbow,elbow,afternoon,hospital
t is 50 rupees,t is 50 rupees,inr 50,afternoon,hospital
take me to friends house,take me to friends house,friend's house,evening,restaurant
ther is the shark,there is the shark,shark,evening,restaurant
give me someeggs,give me someeggs,eggs,afternoon,hospital
 want to play frisbee,want to play frisbee,frisbee,morning,home
i want to sleap,i want to sleap,nap,afternoon,hospital
i want to sleep,i want to sleep,sleep,night,community
its a snake,its a snake,snake,evening,restaurant
i need medicin,i need medicin,tablet,morning,home
take that obwl,take that owl,bowl,night,community
i want croissant,i want croissant,croissant,night,community
add some chilli,add some chilli,chilli,midday,school
i am thirsty,i am thirsty,juice,evening,restaurant
i want to see nurse,i want to see nurse,nurse,night,community
ad some salt,sad some salt,salt,evening,restaurant
tis my birthday,this my birthday,my birthday,morning,home
i wantpav bhaji,i wantpav bhaji,pav bhaji,midday,school
i feel cold,i feel cold,shawl,afternoon,hospital
how do you d,how do you d,how do you do,evening,restaurant
wehre is the sellotape,where is the sellotape,sellotape,evening,restaurant
i wan food,i wan food,dinner,night,community
i want oatmea,i want oatmeal,oatmeal,afternoon,hospital
btfl colors,btfl colors,colors,evening,restaurant
i want dal khichidi,i want dal khichidi,dal khichdi,midday,school
happy edi,happy edi,eid,night,community
my elbow,my elbow,elbow,night,community
i feel trd,i feel tired,i feel tired,night,community
its in my cupboard,its in my cupboard,cupboard,evening,restaurant
i wan food,i wan food,breakfast,morning,home
i have a bed time routine,i have a bed time routine,bed time routine,night,community
there is a lion,there is a lion,lion,morning,home
i need sanitary napkin,i need sanitary napkins,sanitary napkins,afternoon,hospital
my nck,my neck,neck,night,community
can you help put on clothes,can you help put on clothes,help put on clothes,midday,school
gd evening,gd evening,evening,morning,home
i need medicine,i need medicine,syrup,night,community
i was hi,i was hi,i was hit,night,community
its my habi,its my habit,habits,midday,school
i wan to sleep,i wan to sleep,rest,evening,restaurant
i am hungry,i am hungry,dinner,night,community
i watn strawberry milkshake,i what strawberry milkshake,strawberry milkshake,evening,restaurant
give me fish and chips,give me fish and chips,fish and chips,morning,home
myhands,hands,hands,night,community
menu lps,menu lps,menu,afternoon,hospital
it is 10 rupees,it is 10 rupees,inr 10,evening,restaurant
i feel cold,i feel cold,coat,night,community
i am thirsty,i am thirsty,soda,night,community
i want bournvita,i want bournvita,bournvita,morning,home
i need medicin,i need medicin,syrup,evening,restaurant
how much is it,how much is it,how much,night,community
i am bore,i am bored,bored,afternoon,hospital
i want to chang my t-shirt,i want to change my t-shirt,change t-shirt,midday,school
i wnt to wear watch,i want to wear watch,watch,night,community
i want pav bhaji,i want pav bhaji,pav bhaji,midday,school
i want to change my shoe,i want to change my shoe,change shoes,night,community
m elbow,m elbow,elbow,night,community
i want a drink,i want a drink,juice,midday,school
give m fish and chips,give m fish and chips,fish and chips,morning,home
i need medicine,i need medicine,capsule,afternoon,hospital
there is the bus,there is the bus,bus,night,community
i have my mrnng routine,i have my morning routine,morning routine,night,community
i want to play scrabble,i want to play scrabble,scrabble,afternoon,hospital
i wan a drink,i wan a drink,coca-cola,evening,restaurant
whatis the current season,what the current season,current season,midday,school
there are some garbage in the bn,there are some garbage in the bin,garbage in the bin,afternoon,hospital
 want soda,want soda,soda,night,community
there is the english obok,there is the english book,english book,evening,restaurant
giveorange,orange,orange,midday,school
take me to play room,take me to play room,play room,afternoon,hospital
i need a break,i need a break,i need a break,evening,restaurant
tehre is the english book,there is the english book,english book,midday,school
its in my cupbaord,its in my cupboard,cupboard,afternoon,hospital
i want to eat,i want to eat,tiffin,evening,restaurant
what is th current time,what is the current time,current time,afternoon,hospital
i want to sleep,i want to sleep,rest,evening,restaurant
give me some ggs,give me some eggs,eggs,morning,home
there is the picture bk,there is the picture bk,picture book,morning,home
i want some pear,i want some pear,pear,midday,school
give  milkshake,give milkshake,milkshake,night,community
hppy birthday,happy birthday,father's birthday,night,community
i need medicin,i need medicin,capsule,afternoon,hospital
is htis the standing line,is this the standing line,standing line,morning,home
i like socce,i like soccer,soccer,afternoon,hospital
i wnt to change my frock,i want to change my frock,change frock,midday,school
its the kangaro,its the kangaroo,kangaroo,midday,school
ihave allergy,have allergy,allergy,morning,home
i feel pain,i feel pain,nurse,midday,school
good morning,good morning,good morning,morning,home
happy independenceday,happy independence day,independence day,night,community
i wantto change my pants,i want change my pants,change pants,afternoon,hospital
ther is the pegion,there is the pegion,pigeon,evening,restaurant
where i my pants,where i my pants,pants,morning,home
letsgo to grocery shop,lets to grocery shop,grocery shop,midday,school
i feel cold,i feel cold,coat,night,community
take a blank paper,take a blank paper,blank paper,morning,home
its spring time,its spring time,spring,midday,school
htere is a duck,here is a duck,duck,afternoon,hospital
i want fud,i want fud,snack,afternoon,hospital
i want a drnk,i want a drnk,juice,midday,school
iwant cold coffee,want cold coffee,cold coffee,night,community
i want to go to bed,i want to go to bed,bed,evening,restaurant
take me to rltvs house,take me to rltvs house,relative's house,evening,restaurant
i want to eat,i want to eat,lunch,midday,school
iwant dal,want dal,dal,afternoon,hospital
its in m cupboard,its in m cupboard,cupboard,morning,home
no hitting please,no hitting please,no hitting please,afternoon,hospital
there is the hippopotamu,there is the hippopotamus,hippopotamus,night,community
where is the scale,where is the scale,scale,midday,school
hello grandm,hello grandma,grandmother,midday,school
hlp me pls,help me pls,help,evening,restaurant
happy independenceday,happy independence day,independence day,afternoon,hospital
i want food,i want food,lunch,midday,school
ca you hepl me do this,cat you hepl me do this,help me do this,morning,home
go back,go back,back,midday,school
takemy cap,take cap,cap,midday,school
can you roast beef,can you roast beef,roast beef,midday,school
i was made fun of,i was made fun of,i was made fun of,midday,school
giv me some curd,give me some curd,curd,midday,school
i want oburnvita,i want bournvita,bournvita,night,community
strangers beware!,strangers- beware!,strangers- beware!,midday,school
grind it,grind it,grinder,midday,school
excuse me pls,excuse me pls,excuse me,midday,school
hav a good day,have a good day,day,morning,home
swtch on the light,switch on the light,light,afternoon,hospital
i feel pain,i feel pain,nurse,midday,school
i want to bathe,i want to bathe,bathing,night,community
i am feeling warm,i am feeling warm,feeling warm,night,community
i want to sleep,i want to sleep,sleep,night,community
go to medical shop,go to medical shop,medical shop-chemist's shop-pharmacy,midday,school
i feel cold,i feel cold,sweater,evening,restaurant
its my lgs,its my legs,legos,night,community
i want food,i want food,snack,afternoon,hospital
i a all done,i a all done,i am all done,evening,restaurant
give m some fanta,give m some fanta,fanta,evening,restaurant
i want to sleep,i want to sleep,sleep,afternoon,hospital
i wnt pork,i want pork,pork,midday,school
its a circle,its a circle,circle,morning,home
there s the hippopotamus,there s the hippopotamus,hippopotamus,midday,school
i love racquet sports,i love racquet sports,racquet sports,afternoon,hospital
i wantorange juice,i orange juice,orange juice,morning,home
i need medicin,i need medicin,tablet,midday,school
giv me some pancakes,give me some pancakes,pancakes,evening,restaurant
i wan to sleep,i wan to sleep,nap,midday,school
no pshng please,no pushing please,no pushing please,afternoon,hospital
i need medicine,i need medicine,tablet,midday,school
takeme to food court,take to food court,food court,night,community
grea job,great job,great job!!!,evening,restaurant
makeme sit in sofa,make sit in sofa,sofa,night,community
i want to go to church,i want to go to church,church,afternoon,hospital
i awnt some snacks,i ant some snacks,snacks,morning,home
i want to sleep,i want to sleep,sleep,night,community
there is panda,there is panda,panda,afternoon,hospital
there is the skpng rope,there is the skiping rope,skipping rope,midday,school
there isa monkey,there is monkey,monkey,morning,home
i am thirsty,i am thirsty,water bottle,midday,school
hlelo,hello,hello,evening,restaurant
i wan food,i wan food,dinner,night,community
grindit,grind,grinder,midday,school
my clothes are tight,my clothes are tight,my clothes are tight,morning,home
there is my frock,there is my frock,frock,morning,home
i want a drnk,i want a drnk,water,afternoon,hospital
i want food,i want food,dinner,night,community
i want fud,i want fud,breakfast,morning,home
i was hit,i was hit,i was hit,midday,school
thereis a duck,there's a duck,duck,night,community
i wan a drink,i wan a drink,water,afternoon,hospital
i wnt pav bhaji,i want pav bhaji,pav bhaji,evening,restaurant
shall we paly a puzzle,shall we play a puzzle,puzzle,morning,home
hlp me pls,help me pls,help,midday,school
can you bring my medicin,can you bring my medicine,medicine,midday,school
give me a acke slice,give me a jacket slice,cake slice,night,community
i m done eating,i m done eating,eating,midday,school
i love chicken,i love chicken,chicken,afternoon,hospital
i wantjackfruit,i jackfruit,jackfruit,morning,home
i want a drink,i want a drink,juice,midday,school
i want my scarf,i want my scarf,scarf,midday,school
i want food,i want food,dinner,night,community
i feel cold,i feel cold,coat,night,community
i amall done,i mall done,i am all done,evening,restaurant
i wan to eat,i wan to eat,lunch,midday,school
take al the books,take dal the books,books,night,community
i am afradi,i am afraid,afraid,night,community
i m sad,i m sad,sad,evening,restaurant
i want a drink,i want a drink,soda,night,community
i want fud,i want fud,breakfast,morning,home
take me tobathroom,take me bathroom,bathroom,night,community
cacth-catch,catch-catch,catch-catch,night,community
can you hepl me do this,can you hepl me do this,help me do this,evening,restaurant
there is the bsu,there is the bsu,bus,evening,restaurant
i want to sleep,i want to sleep,nap,afternoon,hospital
no picking nose please,no picking nose please,no picking nose please,evening,restaurant
sit in chair,sit in chair,chair,night,community
can we plya indoor games,can we play indoor games,indoor games,morning,home
i want to change my leggins,i want to change my leggins,change leggings,midday,school
i want dnout,i want donut,donut,night,community
itsspring time,spring time,spring,midday,school
i want pie,i want pie,pie,evening,restaurant
i need medicine,i need medicine,tablet,morning,home
take my cap,take my cap,cap,midday,school
i want to dosome exercise,i want to some exercise,exercises,evening,restaurant
i wan to sleep,i wan to sleep,sleep,night,community
ther is the mug,there is the mug,mug,evening,restaurant
i am soryr,i am story,i am sorry,midday,school
where is my raincoat,where is my raincoat,raincoat,evening,restaurant
i am stressed out,i am stressed out,stressed,midday,school
 want to play scrabble,want to play scrabble,scrabble,midday,school
t??s the school bus,its the school bus,school bus,afternoon,hospital
i feel cold,i feel cold,coat,night,community
my hip,my hip,hip,morning,home
its purple,its purple,purple,midday,school
no talking while eating please!,no talking while eating please!,no talking while eating please!,morning,home
pleasetell me again,please me again,please tell me again,night,community
i feel tired,i feel tired,i feel tired,afternoon,hospital
take me to the park,take me to the park,park,evening,restaurant
its the kangaroo,its the kangaroo,kangaroo,morning,home
switc on the air conditioner,switch on the air conditioner,air conditioner,morning,home
i want t watch football,i want t watch football,football,afternoon,hospital
i am thirsty,i am thirsty,soda,night,community
i want to wear blet,i want to wear lets,belt,midday,school
i don't understand,i don't understand,i don't understand,morning,home
i wan food,i wan food,snack,afternoon,hospital
hlelo,hello,hello,morning,home
i feel cold,i feel cold,coat,night,community
i am hppy,i am happy,happy,midday,school
giveme some chutney,give some chutney,chutney,afternoon,hospital
make me some frnech toast,make me some french toast,french toast,morning,home
i want fud,i want fud,snack,afternoon,hospital
help me pls,help me pls,help,evening,restaurant
can you make m some scrambled eggs,can you make m some scrambled eggs,scrambled eggs,midday,school
i wan to eat,i wan to eat,lunch,midday,school
i need medicin,i need medicin,syrup,evening,restaurant
i am stressed out,i am stressed out,stressed,morning,home
add more sause,add more sause,sauce,evening,restaurant
it pink,it pink,pink,night,community
add som salt,add some salt,salt,morning,home
take the bat and ball,take the bat and ball,bat and ball,afternoon,hospital
i want a drnk,i want a drnk,water,morning,home
i have abed time routine,i have bed time routine,bed time routine,afternoon,hospital
thereis the sheep,there's the sheep,sheep,night,community
iam happy,am happy,happy,morning,home
i lov chicken,i love chicken,chicken,afternoon,hospital
i want a drnk,i want a drnk,water,afternoon,hospital
i want t change my socks,i want t change my socks,change socks,evening,restaurant
hwere is the pencil lead,here is the pencil lead,pencil lead,morning,home
i want roast chicken,i want roast chicken,roast chicken,evening,restaurant
i want to play csrabble,i want to play scrabble,scrabble,evening,restaurant
i want a drink,i want a drink,coca-cola,evening,restaurant
i want to change theslacks,i want to change slacks,change slacks,evening,restaurant
there is the goat,there is the goat,goat,midday,school
my clothes rae tight,my clothes rae tight,my clothes are tight,midday,school
i wnat to eat with small bites,i what to eat with small bites,eat with small bites,evening,restaurant
take my drwng book,take my drawing book,drawing book,midday,school
its a cueb,its a cube,cube,afternoon,hospital
please tell me agai,please tell me again,please tell me again,night,community
i am thirsty,i am thirsty,juice,evening,restaurant
i want some rt,i want some rt,raita,midday,school
goodevening,good evening,good evening,midday,school
hello,hello,hello,afternoon,hospital
i wan food,i wan food,snack,afternoon,hospital
i wan food,i wan food,breakfast,morning,home
i want to eat,i want to eat,snack,afternoon,hospital
its in our livin room,its in our living room,living room,morning,home
i feel cold,i feel cold,blanket,morning,home
i feel cold,i feel cold,jacket,midday,school
lets go to fun zone,lets go to fun zone,fun zone,midday,school
addsome butter,addsome butter,butter,morning,home
shall we go t playground,shall we go t playground,playground,morning,home
i want ginger ale,i want ginger ale,ginger ale,evening,restaurant
i like to play chess,i like to play chess,chess,evening,restaurant
i want fud,i want fud,breakfast,morning,home
i am hungry,i am hungry,lunch,midday,school
mosquito bite,mosquito bites,mosquito,afternoon,hospital
i want fruit plttr,i want fruit platter,fruit platter,midday,school
i want myscarf,i want scarf,scarf,midday,school
i want to sleap,i want to sleap,nap,morning,home
i want to sleep,i want to sleep,nap,afternoon,hospital
i am thirsty,i am thirsty,juice,evening,restaurant
i want a drink,i want a drink,coca-cola,evening,restaurant
i want to sleep,i want to sleep,nap,afternoon,hospital
i want to g to church,i want to g to church,church,midday,school
i want a drnk,i want a drnk,water,morning,home
swtch on the light,switch on the light,light,evening,restaurant
give me museli,give me museli,muesli,afternoon,hospital
i want to sleep,i want to sleep,nap,morning,home
i need medicin,i need medicin,syrup,evening,restaurant
take my drawnig book,take my drawing book,drawing book,evening,restaurant
i wan fried rice,i want fried rice,fried rice,night,community
happy ied,happy tired,eid,evening,restaurant
how many,how many,how many,evening,restaurant
i loev mango,i love mango,mango,evening,restaurant
i am hungry,i am hungry,breakfast,morning,home
shallwe go to an restaurant,shall go to an restaurant,restaurant,afternoon,hospital
i am hungry,i am hungry,lunch,midday,school
i want to sleep,i want to sleep,rest,evening,restaurant
this is my cousin,this is my cousin,cousin,afternoon,hospital
ist in red light please stop,it in red light please stop,red light- wait,night,community
i want to sleap,i want to sleap,rest,evening,restaurant
give some ktchp,give some ketchup,ketchup,evening,restaurant
happ easter,happy easter,easter,morning,home
i want som rotti,i want some rotti,roti,morning,home
can you amke a sandwich for me,can you take a sandwich for me,sandwich,morning,home
ts an owl,its an owl,owl,evening,restaurant
hi grndp,hi grandpa,grandfather,evening,restaurant
i like lych,i like lychee,lychee,midday,school
giv me cookie,give me cookie,cookie,night,community
shallwe go to an restaurant,shall go to an restaurant,restaurant,morning,home
i love racquet sports,i love racquet sports,racquet sports,midday,school
thr is a dog,there is a dog,dog,midday,school
give me cornflakes,give me cornflakes,cornflakes,night,community
its my osap,its my soap,soap,morning,home
 like softball,like softball,softball,afternoon,hospital
gv me pen,gve me pen,pen,evening,restaurant
give me some fanta,give me some fanta,fanta,evening,restaurant
i need medicin,i need medicin,capsule,afternoon,hospital
it is the place of worship,it is the place of worship,places of worship,afternoon,hospital
i want to sleep,i want to sleep,nap,morning,home
i don't understand,i don't understand,i don't understand,evening,restaurant
its th elephant,its the elephant,elephant,morning,home
mosquito bites,mosquito bites,mosquito,morning,home
i want a drink,i want a drink,coca-cola,evening,restaurant
i needsome sambhar,i needsome sambhar,sambhar,evening,restaurant
can we go ice skating,can we go ice skating,iceskating,evening,restaurant
h-fv,h-fv,hi-five,morning,home
i want a drink,i want a drink,water,morning,home
gd evening,gd evening,evening,midday,school
lets go to fun zone,lets go to fun zone,fun zone,evening,restaurant
i love chicken,i love chicken,chicken,midday,school
i lk chicken wings,i lk chicken wings,chicken wings,night,community
i wantpudding,i pudding,pudding,evening,restaurant
happy brthdy,happy birthday,cousin's birthday,evening,restaurant
its to cold,its to cold,cold,morning,home
i feel cold,i feel cold,jacket,midday,school
i want coffee,i want coffee,coffee,morning,home
can y cut my nails,can y cut my nails,cut nails,midday,school
can you amke a sandwich for me,can you take a sandwich for me,sandwich,afternoon,hospital
i wantbhakri,i bhakri,bhakri,night,community
i wan to sleep,i wan to sleep,nap,afternoon,hospital
gv me gajarhalwa,gve me gajarhalwa,gajarhalwa,evening,restaurant
i want some bns on toast,i want some beans on toast,beans on toast,evening,restaurant
its abuffalo,its buffalo,buffalo,midday,school
i wan a drink,i wan a drink,juice,midday,school
i want to wear socks,i want to wear socks,socks,evening,restaurant
i want to sleep,i want to sleep,sleep,midday,school
i want miranda,i want miranda,mirinda,afternoon,hospital
give me bear,give me bear,bear,morning,home
ru,run,run,afternoon,hospital
i want a drink,i want a drink,water,afternoon,hospital
no biting please,no biting please,no biting please,evening,restaurant
it is 10 rupees,it is 10 rupees,inr 10,night,community
i am hungry,i am hungry,tiffin,evening,restaurant
ts red,its red,red,morning,home
i wan to eat,i wan to eat,lunch,midday,school
letsgo to fun zone,lets to fun zone,fun zone,evening,restaurant
i feel pain,i feel pain,nurse,midday,school
give me some unts,give me some nuts,nuts,midday,school
where i the baby,where i the baby,baby,evening,restaurant
tehre is the english book,there is the english book,english book,afternoon,hospital
make me bnn milkshake,make me bnn milkshake,banana milkshake,evening,restaurant
giveme papaya,give papaya,papaya,afternoon,hospital
happy birthda mom,happy birthday mom,mom's birthday,evening,restaurant
there is thedove,there is thedove,dove,midday,school
ilike sports,like sports,sports,midday,school
there is a b,there is a b,bee,midday,school
i am thirsty,i am thirsty,soda,night,community
t??s a crow,its a crow,crow,morning,home
i want some pr,i want some pr,pear,night,community
there is the picture bk,there is the picture bk,picture book,afternoon,hospital
there is th fox,there is the fox,fox,afternoon,hospital
can you play with me,can you play with me,play with me,afternoon,hospital
there is a parrot,there is a parrot,parrot,morning,home
atke a blank paper,take a blank paper,blank paper,night,community
there is the goa,there is the goat,goat,evening,restaurant
i want to change my jean,i want to change my jeans,change jeans,evening,restaurant
i want a drink,i want a drink,water,morning,home
i need a break,i need a break,i need a break,night,community
give me fish and cihps,give me fish and chips,fish and chips,afternoon,hospital
i want sheera,i want sheera,sheera,morning,home
can you change music,can you change music,change music,evening,restaurant
where is my spectacle,where is my spectacles,spectacles,morning,home
can you comb my hair,can you comb my hair,comb hair,afternoon,hospital
take my dress,take my dress,dress,evening,restaurant
i want to go snowboarding,i want to go snowboarding,snowboarding,afternoon,hospital
my elbow,my elbow,elbow,morning,home
give me muskmelon,give me muskmelon,muskmelon,morning,home
takeme to food court,take to food court,food court,afternoon,hospital
its a square,its a square,square,evening,restaurant
iwant croissant,want croissant,croissant,night,community
i wnat my jacket,i what my jacket,jacket,midday,school
i feel cold,i feel cold,shawl,afternoon,hospital
can you make me some scrambled eggs,can you make me some scrambled eggs,scrambled eggs,morning,home
it is the place of worship,it is the place of worship,places of worship,night,community
i feel cold,i feel cold,shawl,afternoon,hospital
take that boo,take that boot,book,evening,restaurant
i want a roast pork,i want a roast pork,roast pork,night,community
hsall we go to playground,small we go to playground,playground,midday,school
"""please giv me a dosa.""","""please give me a dosa.""",dosa,morning,home
its my body,its my body,body,night,community
where is the scale,where is the scale,scale,night,community
i need medicine,i need medicine,tablet,morning,home
give me some unts,give me some nuts,nuts,evening,restaurant
have agood day,have good day,day,morning,home
how lng,how long,how long,midday,school
my hd,my hd,head,afternoon,hospital
it is 2000 rupees,it is 2000 rupees,inr 2000,evening,restaurant
noodles lps,noodles lps,noodles,evening,restaurant
takeme to bedroom,take to bedroom,bedroom,morning,home
i want a drnk,i want a drnk,water,morning,home
i want to sleep,i want to sleep,sleep,night,community
there is the skpng rope,there is the skiping rope,skipping rope,night,community
addsome mustard,addsome mustard,mustard,afternoon,hospital
happy birthday,happy birthday,cousin's birthday,night,community
there is theknife,there is knife,knife,night,community
there s the giraffe,there s the giraffe,giraffe,midday,school
i want to sleep,i want to sleep,nap,afternoon,hospital
give m some figs,give m some figs,figs,afternoon,hospital
i want to sleep,i want to sleep,nap,afternoon,hospital
its italian,its italian,italian,afternoon,hospital
how lng,how long,how long,morning,home
cover me withblankets,cover me blankets,blanket,midday,school
i want to sleap,i want to sleap,sleep,night,community
i need medicin,i need medicin,syrup,night,community
i am hungry,i am hungry,tiffin,evening,restaurant
igve me maaza,gve me maaza,maaza,midday,school
there is the skipin rope,there is the skiping rope,skipping rope,afternoon,hospital
its spring itme,its spring time,spring,morning,home
i want to wash my faec,i want to wash my face,face wash,evening,restaurant
i like socce,i like soccer,soccer,morning,home
cn we go ice skating,can we go ice skating,iceskating,evening,restaurant
no kckng please,no kicking please,no kicking please,morning,home
i want to change my shoe,i want to change my shoe,change shoes,afternoon,hospital
i want dal khichidi,i want dal khichidi,dal khichdi,morning,home
i want food,i want food,breakfast,morning,home
i want to eat,i want to eat,lunch,midday,school
i want fruitplatter,i want fruit platter,fruit platter,midday,school
give me som eggs,give me some eggs,eggs,afternoon,hospital
i want my scarf,i want my scarf,scarf,evening,restaurant
i like cake,i like cake,cake,midday,school
i want a drink,i want a drink,soda,night,community
i wan to sleep,i wan to sleep,nap,afternoon,hospital
i need medicine,i need medicine,tablet,morning,home
i want to eat,i want to eat,dinner,night,community
i need medicine,i need medicine,tablet,midday,school
hll aunty,hello aunty,aunt,afternoon,hospital
give me gajarhalwa,give me gajarhalwa,gajarhalwa,evening,restaurant
grnd it,grind it,grinder,midday,school
i want to sleep,i want to sleep,rest,evening,restaurant
there isa mouse,there is mouse,mouse,afternoon,hospital
lts go to fruit shop,lets go to fruit shop,fruit shop,morning,home
take me to friends house,take me to friends house,friend's house,afternoon,hospital
i am hungry,i am hungry,snack,afternoon,hospital
catch-catch,catch-catch,catch-catch,evening,restaurant
i need medicine,i need medicine,tablet,midday,school
i lkie chicken wings,i line chicken wings,chicken wings,afternoon,hospital
i want to sleep,i want to sleep,rest,evening,restaurant
happy newyear,happy new year,new year,night,community
can you repeat that questio,can you repeat that question,questions,afternoon,hospital
i want t brush my teeth,i want t brush my teeth,brush teeth,evening,restaurant
i want a drink,i want a drink,water,morning,home
i feel cold,i feel cold,coat,night,community
i want to sleep,i want to sleep,rest,evening,restaurant
can yo help put on clothes,can you help put on clothes,help put on clothes,night,community
i want to sleap,i want to sleap,rest,evening,restaurant
i want pomegranate,i want pomegranate,pomegranate,evening,restaurant
its a sprrw,its a sparrow,sparrow,afternoon,hospital
where is my rrngs,where is my errings,earrings,night,community
iwant dal,want dal,dal,evening,restaurant
give me salda,give me salsa,fruit salad,night,community
i wan to eat,i wan to eat,dinner,night,community
where is the sellotape,where is the sellotape,sellotape,night,community
itsbat,itsbat,bat,morning,home
how,how,how,evening,restaurant
ths is my sister,this is my sister,sister,morning,home
itsa star,its star,star,evening,restaurant
take my bag,take my bag,bag,morning,home
i like to watch rollerskating,i like to watch rollerskating,rollerskating,evening,restaurant
hi omm,hi omm,mother,morning,home
i want to eat,i want to eat,dinner,night,community
i want to request you,i want to request you,requests,night,community
i am thirsty,i am thirsty,water,afternoon,hospital
i wan food,i wan food,snack,afternoon,hospital
i feel cold,i feel cold,jacket,midday,school
i liketo play chess,i like play chess,chess,midday,school
i like cheese updding,i like cheese pudding,cheese pudding,morning,home
i am thirsty,i am thirsty,water,morning,home
i want to g to church,i want to g to church,church,evening,restaurant
give me peanu butter,give me peanut butter,peanut butter,afternoon,hospital
give me bnn,give me bnn,banana,morning,home
theer is an ant,these is an ant,ant,evening,restaurant
take my bag,take my bag,bag,midday,school
its a rbbt,its a rabbit,rabbit,night,community
take me to bathroom,take me to bathroom,bathroom,morning,home
i want mango juic,i want mango juice,mango juice,morning,home
please give me,please give me,please give me,evening,restaurant
i watn leggings,i what leggings,leggings,afternoon,hospital
i wan food,i wan food,dinner,night,community
i wan jalebi,i want jalebi,jalebi,midday,school
where is my rrngs,where is my errings,earrings,evening,restaurant
give me flavoured milk,give me flavoured milk,flavoured milk,evening,restaurant
take my drawin book,take my drawing book,drawing book,afternoon,hospital
ther is a parrot,there is a parrot,parrot,midday,school
i want fud,i want fud,snack,afternoon,hospital
use paper clip,use paper clip,paper clip,midday,school
i want fruit platter,i want fruit platter,fruit platter,midday,school
i want food,i want food,lunch,midday,school
happy brthdy,happy birthday,grandma's birthday,night,community
i want to sleep,i want to sleep,nap,midday,school
i feel cold,i feel cold,shawl,afternoon,hospital
ad some salt,sad some salt,salt,morning,home
i am hungry,i am hungry,tiffin,evening,restaurant
i love sausage,i love sausage,sausage,night,community
give m fork,give m fork,fork,evening,restaurant
i want a drink,i want a drink,soda,night,community
i want bhkr,i want bhakri,bhakri,midday,school
give me some frozen yogurt,give me some frozen yogurt,frozen yogurt,evening,restaurant
i want to sleep,i want to sleep,nap,afternoon,hospital
i wan to eat,i wan to eat,breakfast,morning,home
i am hungry,i am hungry,lunch,midday,school
i was scolded,i was scolded,i was scolded,night,community
i want pineapple juice,i want pineapple juice,pineapple juice,midday,school
it snowy,it snowy,snowy,evening,restaurant
i feel cold,i feel cold,sweater,evening,restaurant
i wan aaloo poori,i want aaloo poori,aaloo poori,afternoon,hospital
i want a drink,i want a drink,water,afternoon,hospital
there is a bison,there is a bison,bison,evening,restaurant
i want to lpay frisbee,i want to play frisbee,frisbee,midday,school
i need medicine,i need medicine,tablet,morning,home
iwant to sleep,want to sleep,sleep,afternoon,hospital
i wnt soda,i want soda,soda,night,community
giveme fish and chips,give fish and chips,fish and chips,morning,home
can we play hide and seek,can we play hide and seek,hide and seek,night,community
i feel cold,i feel cold,jacket,midday,school
i wan to change my shoe,i want to change my shoe,change shoes,midday,school
i want to reques you,i want to request you,requests,afternoon,hospital
i want fud,i want fud,breakfast,morning,home
addsome mustard,addsome mustard,mustard,midday,school
i want a drink,i want a drink,soda,night,community
i want to sleep,i want to sleep,sleep,night,community
i want to eat,i want to eat,lunch,midday,school
gv me gajarhalwa,gve me gajarhalwa,gajarhalwa,morning,home
get me a glass,get me a glass,glass,morning,home
help me with myshoes,help me with shoes,shoes,afternoon,hospital
ts red,its red,red,afternoon,hospital
i am hungry,i am hungry,dinner,night,community
run,run,run,night,community
give me crnflks,give me cornflakes,cornflakes,evening,restaurant
i want ice cream,i want ice cream,icecream,afternoon,hospital
i need computer,i need computer,computer,morning,home
i want to wear socks,i want to wear socks,socks,morning,home
its spring itme,its spring time,spring,night,community
i wan a drink,i wan a drink,juice,midday,school
acn you change to previous channel,an you change to previous channel,previous channel,evening,restaurant
i need medicine,i need medicine,tablet,morning,home
help me pls,help me pls,help,afternoon,hospital
can you help m remove clothes,can you help m remove clothes,help remove clothes,midday,school
take me tofriends house,take me friends house,friend's house,afternoon,hospital
happy independenceday,happy independence day,independence day,evening,restaurant
i want to eat,i want to eat,tiffin,evening,restaurant
i want to slide,i want to slide,slide,night,community
i want my jacket,i want my jacket,jacket,morning,home
its my osap,its my soap,soap,afternoon,hospital
i wan to sleep,i wan to sleep,nap,afternoon,hospital
i want pizza,i want pizza,pizza,afternoon,hospital
i want to wear shorts,i want to wear shorts,shorts,afternoon,hospital
i want to sleep,i want to sleep,nap,midday,school
i want a drnk,i want a drnk,juice,midday,school
i want to watch foobtall,i want to watch football,football,midday,school
give me eclairs,give me eclairs,eclairs,midday,school
i am hungry,i am hungry,dinner,night,community
how long,how long,how long,afternoon,hospital
i feel cold,i feel cold,jacket,midday,school
no btng please,no biting please,no biting please,evening,restaurant
i want a drink,i want a drink,water,afternoon,hospital
there is some mone,there is some money,money,morning,home
i want to play csrabble,i want to play scrabble,scrabble,morning,home
add some pepper,add some pepper,pepper,night,community
dd some butter,add some butter,butter,midday,school
my clothesare loose,my clothes loose,my clothes are loose,evening,restaurant
switch to next channel,switch to next channel,next channel,morning,home
can you help pu on clothes,can you help put on clothes,help put on clothes,morning,home
i am hungry,i am hungry,lunch,midday,school
i want food,i want food,breakfast,morning,home
thereis the giraffe,there's the giraffe,giraffe,morning,home
i don't understand,i don't understand,i don't understand,midday,school
there is the skunk,there is the skunk,skunk,afternoon,hospital
i need mttn,i need mutton,mutton,midday,school
i am feeling warm,i am feeling warm,feeling warm,afternoon,hospital
i wnt some grapes,i want some grapes,grapes,morning,home
i want medu wada,i want medu wada,medu wada,midday,school
pleas,please,please,evening,restaurant
i want ginger ale,i want ginger ale,ginger ale,evening,restaurant
there is the lock and ky,there is the lock and key,lock and key,midday,school
hsall we go to playground,small we go to playground,playground,evening,restaurant
i want bhkr,i want bhakri,bhakri,night,community
gv me pen,gve me pen,pen,afternoon,hospital
i want some hotdog,i want some hotdog,hotdog,afternoon,hospital
take my coat,take my coat,coat,afternoon,hospital
can youchange music,can change music,change music,midday,school
i want food,i want food,tiffin,evening,restaurant
i love gulab jmn,i love gulab jamun,gulab jamun,night,community
i wan miranda,i want miranda,mirinda,morning,home
i want to eat,i want to eat,snack,afternoon,hospital
i wan food,i wan food,snack,afternoon,hospital
i like towatch rollerskating,i like watch rollerskating,rollerskating,afternoon,hospital
ptu my body vest,ptu my body vest,body vests,morning,home
there are some garbage in the bn,there are some garbage in the bin,garbage in the bin,evening,restaurant
its the school bus,its the school bus,school bus,midday,school
where is the pelican,where is the pelican,pelican,morning,home
tk me to hospital,tk me to hospital,hospital,morning,home
happybirthday,birthday,father's birthday,morning,home
it is hte place of worship,it is white place of worship,places of worship,morning,home
hi grandpa,hi grandpa,grandfather,evening,restaurant
i want a drnk,i want a drnk,water,afternoon,hospital
i like cake,i like cake,cake,morning,home
 need sanitary napkins,need sanitary napkins,sanitary napkins,midday,school
it is my school notebook,it is my school notebook,school notebook,night,community
my kn,my kn,knee,night,community
its th elephant,its the elephant,elephant,afternoon,hospital
i feel pain,i feel pain,doctor,afternoon,hospital
i want t ride bicycle,i want t ride bicycle,bicycle,night,community
no hands in underpant,no hands in underpants,no hands in underpants,morning,home
give me bnn,give me bnn,banana,evening,restaurant
its a sparrow,its a sparrow,sparrow,afternoon,hospital
they are my friends,they are my friends,friends,afternoon,hospital
i am hungry,i am hungry,snack,afternoon,hospital
happ birthday,happy birthday,grandpa's birthday,evening,restaurant
i love ssg,i love ssg,sausage,midday,school
ineed cold drinks,need cold drinks,cold drinks,evening,restaurant
take me to museum,take me to museum,museum,night,community
i want pineapple,i want pineapple,pineapple,midday,school
i want to sleap,i want to sleap,sleep,night,community
give m some frozen yogurt,give m some frozen yogurt,frozen yogurt,midday,school
ts a snake,its a snake,snake,night,community
pleasetake me,please take me me,please take me,night,community
i want a drink,i want a drink,water,morning,home
i feel pain,i feel pain,rest,morning,home
i want to sleap,i want to sleap,nap,morning,home
 want coffee,want coffee,coffee,afternoon,hospital
iam happy,am happy,happy,afternoon,hospital
there is kingfisher,there is kingfisher,kingfisher,night,community
i am thirsty,i am thirsty,water bottle,midday,school
i want med wada,i want medu wada,medu wada,morning,home
addsome mustard,addsome mustard,mustard,morning,home
its an wl,its an owl,owl,afternoon,hospital
my nck,my neck,neck,midday,school
its a rainy dy,its a rainy day,rainy,midday,school
i wnt to wear watch,i want to wear watch,watch,morning,home
crumbel it,crumble it,crumble,evening,restaurant
i need cable,i need cable,cable,evening,restaurant
gv me gajarhalwa,gve me gajarhalwa,gajarhalwa,midday,school
i wan food,i wan food,lunch,midday,school
takeme to relatives house,take to relatives house,relative's house,midday,school
i want roast chckn,i want roast chicken,roast chicken,evening,restaurant
i like to play chess,i like to play chess,chess,afternoon,hospital
i am doing lg exercise,i am doing leg exercise,leg exercises,midday,school
give memuskmelon,give muskmelon,muskmelon,midday,school
i need medicine,i need medicine,tablet,midday,school
can you change music,can you change music,change music,afternoon,hospital
these are my favourites,these are my favourites,favourites,morning,home
there's the penguin,there's the penguin,penguin,morning,home
tis cloudy,this cloudy,cloudy,midday,school
i watn to buy some stationary,i what to buy some stationary,stationery,afternoon,hospital
i want dal khichidi,i want dal khichidi,dal khichdi,evening,restaurant
i want chrery,i want cherry,cherry,morning,home
i am thirsty,i am thirsty,soda,night,community
ths is my sister,this is my sister,sister,afternoon,hospital
i want some rotti,i want some rotti,roti,evening,restaurant
i want a drnk,i want a drnk,water,afternoon,hospital
there is the eagle,there is the eagle,eagle,evening,restaurant
i feel trd,i feel tired,i feel tired,afternoon,hospital
htere is a duck,here is a duck,duck,night,community
mosquit bites,mosquito bites,mosquito,morning,home
i amconfused,i confused,confused,morning,home
"""please give me a dosa.""","""please give me a dosa.""",dosa,night,community
i liek barfi,i line barfi,barfi,night,community
tis a snake,this a snake,snake,evening,restaurant
i want food,i want food,dinner,night,community
i am hungry,i am hungry,dinner,night,community
give osme ketchup,give some ketchup,ketchup,evening,restaurant
 love chaat,love chaat,chaat,night,community
i wan food,i wan food,dinner,night,community
i wantpapad,i wantpapad,papad,evening,restaurant
i need a break,i need a break,i need a break,night,community
i want to be alone,i want to be alone,i want to be alone,midday,school
take that book,take that book,book,midday,school
i want pie,i want pie,pie,midday,school
i wan food,i wan food,dinner,night,community
i am bored,i am bored,bored,morning,home
i am in dngr,i am in danger,danger,morning,home
i wan a drink,i wan a drink,water,afternoon,hospital
i want to slide,i want to slide,slide,morning,home
iwant mashed potatoes,want mashed potatoes,mashed potatoes,afternoon,hospital
there is thegiraffe,there is giraffe,giraffe,afternoon,hospital
there is a dog,there is a dog,dog,midday,school
shall we play snake & ladder,shall we play snake & ladder,snakes & ladders,night,community
its on the desk,its on the desk,desk,afternoon,hospital
i want to go to clinic,i want to go to clinic,clinic,night,community
i need mttn,i need mutton,mutton,evening,restaurant
i want tosee nurse,i want see nurse,nurse,evening,restaurant
i don't understand,i don't understand,i don't understand,midday,school
my clothes are loose,my clothes are loose,my clothes are loose,midday,school
give me pe,give me pie,pen,afternoon,hospital
i wan aaloo poori,i want aaloo poori,aaloo poori,evening,restaurant
its the school bsu,its the school bsu,school bus,night,community
give me brea,give me break,bread,midday,school
i want to eat,i want to eat,lunch,midday,school
i a all done,i a all done,i am all done,afternoon,hospital
ts so foggy,its so foggy,foggy,afternoon,hospital
i watn leggings,i what leggings,leggings,evening,restaurant
makesome pasta,awesome pasta,pasta,midday,school
i watn hard boiled eggs,i what hard boiled eggs,hard boiled eggs,morning,home
there is a divdier,there is a divider,divider,afternoon,hospital
i want to eat,i want to eat,dinner,night,community
i want to eat,i want to eat,snack,afternoon,hospital
i want to go to churc,i want to go to church,church,midday,school
how are you,how are you,how are you,morning,home
i wan a drink,i wan a drink,water,morning,home
i wan ginger ale,i want ginger ale,ginger ale,afternoon,hospital
 want pork,want pork,pork,afternoon,hospital
there i the sheep,there i the sheep,sheep,afternoon,hospital
i like t watch rollerskating,i like t watch rollerskating,rollerskating,afternoon,hospital
i want t play with friend,i want t play with friend,play with friend,evening,restaurant
i wan roast lamb,i want roast lamb,roast lamb,afternoon,hospital
give memuskmelon,give muskmelon,muskmelon,afternoon,hospital
there is a parrot,there is a parrot,parrot,night,community
thi is brown,this is brown,brown,night,community
makesome music,awesome music,make music,midday,school
mystomach aches,stomach aches,stomach,midday,school
btfl colors,btfl colors,colors,morning,home
take me to gymnastics,take me to gymnastics,gymnastics,midday,school
 want kiwi,want kiwi,kiwi,afternoon,hospital
good evenin,good evening,good evening,midday,school
i want bournvita,i want bournvita,bournvita,afternoon,hospital
 want to dance,want to dance,dance,afternoon,hospital
take me to blcny,take me to balcony,balcony,night,community
add some chilli,add some chilli,chilli,morning,home
i am in adnger,i am in danger,danger,midday,school
i was hit,i was hit,i was hit,morning,home
i love chaat,i love chaat,chaat,morning,home
there is th fox,there is the fox,fox,morning,home
i wantpineapple,i pineapple,pineapple,evening,restaurant
i wan food,i wan food,breakfast,morning,home
i want to fly kite,i want to fly kite,kite,evening,restaurant
"""please give m a dosa.""","""please give m a dosa.""",kabab,morning,home
i want a drink,i want a drink,juice,midday,school
good dram,good drama,drama,morning,home
i wnt hot chocolate,i want hot chocolate,hot chocolate,morning,home
it is 500rupees,it is rupees,inr 500,afternoon,hospital
i need medicine,i need medicine,tablet,morning,home
gd afternoon,gd afternoon,good afternoon,night,community
its wsm,its wsm,awesome!,evening,restaurant
i love dragonfrui,i love dragonfruit,dragonfruit,morning,home
i want somepear,i want somepear,pear,night,community
i want fud,i want fud,dinner,night,community
can you play with me,can you play with me,play with me,evening,restaurant
i need help,i need help,i need help,afternoon,hospital
i want to sleap,i want to sleap,rest,evening,restaurant
no kicking pleas,no kicking please,no kicking please,evening,restaurant
happy birthday,happy birthday,friend's birthday,afternoon,hospital
i want food,i want food,tiffin,evening,restaurant
take me to bathorom,take me to bathroom,bathroom,evening,restaurant
i want to sleep,i want to sleep,sleep,night,community
htere is the lamp,here is the lamp,lamp,evening,restaurant
i want to play csrabble,i want to play scrabble,scrabble,afternoon,hospital
can you make me poache eggs,can you make me poached eggs,poached eggs,night,community
there is a mouse,there is a mouse,mouse,midday,school
i fee tired,i feel tired,i feel tired,midday,school
i want to fly kite,i want to fly kite,kite,night,community
i want to eat,i want to eat,dinner,night,community
i am doing lg exercise,i am doing leg exercise,leg exercises,night,community
give me salda,give me salsa,fruit salad,morning,home
takeme to staffroom,take to staffroom,staffroom,night,community
pleasetake me,please take me me,please take me,morning,home
where is my rrngs,where is my errings,earrings,midday,school
please comehere,please comehere,please come here,midday,school
its in kitchen,its in kitchen,kitchen,midday,school
there are some garbage in the bin,there are some garbage in the bin,garbage in the bin,morning,home
i wan a drink,i wan a drink,water,morning,home
i want chioko milkshake,i want chikoo milkshake,chikoo milkshake,evening,restaurant
i want a drink,i want a drink,water,morning,home
i feel pain,i feel pain,rest,morning,home
i wan to sleep,i wan to sleep,rest,evening,restaurant
i need medicine,i need medicine,capsule,afternoon,hospital
switch to next channel,switch to next channel,next channel,midday,school
i am getting ready,i am getting ready,getting ready,evening,restaurant
i wan a drink,i wan a drink,soda,night,community
its a str,its a star,star,morning,home
switch to enxt channel,switch to next channel,next channel,afternoon,hospital
i love dragonfruit,i love dragonfruit,dragonfruit,night,community
i feel cold,i feel cold,blanket,morning,home
i like cake,i like cake,cake,afternoon,hospital
giveorange,orange,orange,evening,restaurant
i feel pain,i feel pain,nurse,midday,school
 want some grapes,want some grapes,grapes,morning,home
 want my gloves,want my gloves,gloves,morning,home
add somechilli,add chilli,chilli,night,community
i feel pain,i feel pain,sit,evening,restaurant
what is the current season,what is the current season,current season,morning,home
its the dolphin,its the dolphin,dolphin,evening,restaurant
i feel pain,i feel pain,doctor,afternoon,hospital
its the school bsu,its the school bsu,school bus,morning,home
i want strwbrry milkshake,i want strawberry milkshake,strawberry milkshake,evening,restaurant
i ws made fun of,i was made fun of,i was made fun of,afternoon,hospital
i want fud,i want fud,tiffin,evening,restaurant
give me a crayon,give me a crayon,crayon,night,community
t??s a crow,its a crow,crow,night,community
i am hppy,i am happy,happy,afternoon,hospital
i want some pr,i want some pr,pear,morning,home
its my soap,its my soap,soap,afternoon,hospital
i want to wear socks,i want to wear socks,socks,evening,restaurant
lets go t the mall,lets go t the mall,mall,afternoon,hospital
i want to sleap,i want to sleap,nap,afternoon,hospital
there is a bee,there is a bee,bee,afternoon,hospital
please shr,please shirt,please share,afternoon,hospital
there i the eagle,there i the eagle,eagle,night,community
happylabour day,happylabour day,labour day,evening,restaurant
how,how,how,night,community
shall we go i ship,shall we go i ship,ship,evening,restaurant
there is th skunk,there is the skunk,skunk,night,community
take me to museum,take me to museum,museum,night,community
 want coffee,want coffee,coffee,night,community
i want to wear socks,i want to wear socks,socks,midday,school
there is th fox,there is the fox,fox,evening,restaurant
i feel cold,i feel cold,blanket,morning,home
take me tofriends house,take me friends house,friend's house,night,community
nice to meetyou,nice to meetyou,nice to meet you,morning,home
giv some pickle,give some pickle,pickle,morning,home
i wan to eat,i wan to eat,lunch,midday,school
i want to sleap,i want to sleap,nap,midday,school
i lovesausage,i sausage,sausage,night,community
i want mango juic,i want mango juice,mango juice,afternoon,hospital
i am thirsty,i am thirsty,soda,night,community
its a circle,its a circle,circle,night,community
its in m cupboard,its in m cupboard,cupboard,evening,restaurant
excuse m pls,excuse m pls,excuse me,evening,restaurant
itsmy body,its body,body,afternoon,hospital
can w go to ice hockey,can w go to ice hockey,ice hockey,evening,restaurant
i have feelings,i have feelings,feelings,midday,school
i want food,i want food,lunch,midday,school
bye,bye,bye,morning,home
happylabour day,happylabour day,labour day,morning,home
i wan food,i wan food,lunch,midday,school
hi mo,hi mom,mother,night,community
its purple,its purple,purple,evening,restaurant
i am doneeating,i am eating,eating,afternoon,hospital
give me salad,give me salad,fruit salad,night,community
it i 200 rupees,it i 200 rupees,inr 200,night,community
i am thirsty,i am thirsty,soda,night,community
i was touched inappropriately,i was touched inappropriately,i was touched inappropriately,morning,home
gv my pillows,gve my pillows,pillows,night,community
its the kangaro,its the kangaroo,kangaroo,night,community
i want food,i want food,tiffin,evening,restaurant
ohw many,ohw many,how many,afternoon,hospital
give me something to drink,give me something to drink,drinks,midday,school
take me to friends house,take me to friends house,friend's house,night,community
i am stressed out,i am stressed out,stressed,midday,school
i want to wear salwar kameez,i want to wear salwar kameez,salwar kameez,night,community
lets g to fruit shop,lets g to fruit shop,fruit shop,midday,school
they are m friends,they are m friends,friends,afternoon,hospital
i awnt some snacks,i ant some snacks,snacks,evening,restaurant
i am thirsty,i am thirsty,water,afternoon,hospital
i want food,i want food,dinner,night,community
help me pls,help me pls,help,midday,school
i want fud,i want fud,snack,afternoon,hospital
i want to ridebicycle,i want to bicycle,bicycle,morning,home
hapyp birthday,happy birthday,cousin's birthday,morning,home
give memuskmelon,give muskmelon,muskmelon,morning,home
pleasetell me again,please me again,please tell me again,evening,restaurant
i want to eat,i want to eat,dinner,night,community
i have a bed time routine,i have a bed time routine,bed time routine,afternoon,hospital
i want to sleep,i want to sleep,nap,afternoon,hospital
give me some nuts,give me some nuts,nuts,morning,home
i wan chocolate cookie,i want chocolate cookie,chocolate cookies,evening,restaurant
it i 2000 rupees,it i 2000 rupees,inr 2000,night,community
can you sl it,can you sl it,seal,morning,home
i want to sleep,i want to sleep,nap,afternoon,hospital
i want some lemon ujice,i want some lemon juice,lemon juice,morning,home
hello aunt,hello aunt,aunt,midday,school
ther is the horse,there is the horse,horse,morning,home
 want some grapes,want some grapes,grapes,night,community
its my birthday,its my birthday,my birthday,night,community
take me tocanteen,take me canteen,canteen,afternoon,hospital
can you cut my nails,can you cut my nails,cut nails,midday,school
i want pork,i want pork,pork,midday,school
i want to eat,i want to eat,dinner,night,community
switch to enxt channel,switch to next channel,next channel,evening,restaurant
b safety,b safety,safety,night,community
it is 200 rupee,it is 200 rupees,inr 200,afternoon,hospital
take me to friendshouse,take me to friend's house,friend's house,night,community
good drama,good drama,drama,evening,restaurant
i want to change my innerwear,i want to change my innerwear,change innerwear,morning,home
i want to wtch cricket,i want to watch cricket,cricket,morning,home
its on the edsk,its on the desk,desk,midday,school
my head,my head,head,afternoon,hospital
pls,pls,please,evening,restaurant
take me t canteen,take me t canteen,canteen,evening,restaurant
i wanthoney,i wanthoney,honey,afternoon,hospital
i wan food,i wan food,dinner,night,community
i want mango juic,i want mango juice,mango juice,night,community
i want fud,i want fud,dinner,night,community
i want sheera,i want sheera,sheera,evening,restaurant
there is a bee,there is a bee,bee,evening,restaurant
i want cuppa ndls,i want cuppa ndls,cuppa noodles,afternoon,hospital
i liek cake,i line cake,cake,midday,school
i love chaat,i love chaat,chaat,midday,school
what is the crrnt month,what is the current month,current month,midday,school
i want food,i want food,lunch,midday,school
it is 20 rupee,it is 20 rupees,inr 20,morning,home
i need cmptr,i need computer,computer,afternoon,hospital
my r,my r,ears,afternoon,hospital
it a star,it a star,star,afternoon,hospital
i wan to eat,i wan to eat,breakfast,morning,home
go to the meetshop,go to the meat shop,meat shop,midday,school
m elbow,m elbow,elbow,midday,school
make some musi,make some music,make music,morning,home
i feel trd,i feel tired,i feel tired,morning,home
its in m cupboard,its in m cupboard,cupboard,night,community
i am amazed,i am amazed,amazed,night,community
there is knigfisher,there is kingfisher,kingfisher,afternoon,hospital
i want a drink,i want a drink,water,afternoon,hospital
i want to drw,i want to draw,draw,night,community
happy edi,happy edi,eid,morning,home
 like strawberry,like strawberry,strawberry,night,community
shall we g in ship,shall we g in ship,ship,morning,home
switch on the air conditioner,switch on the air conditioner,air conditioner,afternoon,hospital
i want coffee,i want coffee,coffee,evening,restaurant
i need medicine,i need medicine,capsule,afternoon,hospital
the color is whit,the color is white,white,afternoon,hospital
i want to be alone,i want to be alone,i want to be alone,afternoon,hospital
draw a slanting line,draw a slanting line,slanting line,midday,school
i want food,i want food,tiffin,evening,restaurant
salsa atste good,salsa taste good,salsa,morning,home
i want a roast pork,i want a roast pork,roast pork,morning,home
make some music,make some music,make music,evening,restaurant
i needhelp,i i need help,i need help,midday,school
i want to sleap,i want to sleap,sleep,night,community
it is 500 rupee,it is 500 rupees,inr 500,night,community
i wan croissant,i want croissant,croissant,morning,home
i want to eat,i want to eat,lunch,midday,school
i need medicine,i need medicine,capsule,afternoon,hospital
i lk sports,i lk sports,sports,morning,home
i want food,i want food,tiffin,evening,restaurant
i lik chicken wings,i like chicken wings,chicken wings,evening,restaurant
take that boo,take that boot,book,morning,home
i awnt jackfruit,i ant jackfruit,jackfruit,midday,school
lets go to clothes shop,lets go to clothes shop,clothes shop,night,community
give some pickle,give some pickle,pickle,evening,restaurant
i am in pain,i am in pain,i am in pain,midday,school
i am getting read,i am getting read,getting ready,night,community
gv me some chutney,gve me some chutney,chutney,evening,restaurant
i want to sleap,i want to sleap,nap,afternoon,hospital
i want fud,i want fud,snack,afternoon,hospital
is htis the standing line,is this the standing line,standing line,evening,restaurant
pleaes share,please share,please share,midday,school
i want to change my shorts,i want to change my shorts,change shorts,morning,home
thr is a dog,there is a dog,dog,night,community
i want to sleep,i want to sleep,nap,midday,school
i want oburnvita,i want bournvita,bournvita,midday,school
i feel cold,i feel cold,shawl,afternoon,hospital
i am thirsty,i am thirsty,juice,evening,restaurant
i need medicine,i need medicine,syrup,night,community
where is the pelican,where is the pelican,pelican,evening,restaurant
take my coat,take my coat,coat,evening,restaurant
i wan to sleep,i wan to sleep,nap,afternoon,hospital
i want to sleap,i want to sleap,nap,afternoon,hospital
i wantto play ipad games,i want play ipad games,ipad games,midday,school
happy edi,happy edi,eid,midday,school
i feel pain,i feel pain,sit,evening,restaurant
i want t ride bicycle,i want t ride bicycle,bicycle,evening,restaurant
this i my house,this i my house,my house,night,community
i wnt my boot,i want my boot,boot,midday,school
give me energy drink,give me energy drink,energy drink,midday,school
my fingers,my fingers,fingers,afternoon,hospital
i feel cold,i feel cold,shawl,afternoon,hospital
i want a drink,i want a drink,water,morning,home
i want a drink,i want a drink,soda,night,community
i need computer,i need computer,computer,evening,restaurant
i wantsome hotdog,i wantsome hotdog,hotdog,evening,restaurant
salsa atste good,salsa taste good,salsa,afternoon,hospital
there is the bsu,there is the bsu,bus,night,community
i need medicin,i need medicin,capsule,afternoon,hospital
its red,its red,red,morning,home
how areyou,how areyou,how are you,midday,school
give me some fanta,give me some fanta,fanta,afternoon,hospital
how wasyour day,how wasyour day,how was your day,midday,school
lets go to grocery shop,lets go to grocery shop,grocery shop,midday,school
i am afraid,i am afraid,afraid,night,community
i wnat mac and cheese,i what mac and cheese,mac and cheese,afternoon,hospital
i want to eat,i want to eat,lunch,midday,school
i am hungry,i am hungry,tiffin,evening,restaurant
i am thirsty,i am thirsty,water,afternoon,hospital
i feel pain,i feel pain,doctor,afternoon,hospital
i like cheese puddin,i like cheese pudding,cheese pudding,morning,home
i am in dngr,i am in danger,danger,evening,restaurant
i need medicine,i need medicine,tablet,midday,school
i want to eat,i want to eat,dinner,night,community
its spring time,its spring time,spring,afternoon,hospital
i wan aaloo poori,i want aaloo poori,aaloo poori,night,community
i wan to eat,i wan to eat,dinner,night,community
it is 10rupees,it is rupees,inr 10,evening,restaurant
i want a drink,i want a drink,soda,night,community
i m done eating,i m done eating,eating,night,community
tehre is the english book,there is the english book,english book,evening,restaurant
there is my frock,there is my frock,frock,midday,school
my ear,my ear,ears,afternoon,hospital
i wnt to watch handball,i want to watch handball,handball,night,community
its my hbt,its my habit,habits,evening,restaurant
lets go to funzone,lets go to fun zone,fun zone,night,community
i seebirds,i birds,birds,morning,home
 want kiwi,want kiwi,kiwi,night,community
make some paratha,make some paratha,paratha,afternoon,hospital
give me some food,give me some food,food,afternoon,hospital
i want to go in bike,i want to go in bike,bike,evening,restaurant
itsbat,itsbat,bat,night,community
i want food,i want food,tiffin,evening,restaurant
can you keep distancewhile talking,can you keep distance talking,keep distance while talking,night,community
good morning,good morning,good morning,midday,school
i am hungry,i am hungry,dinner,night,community
i want to change my leggins,i want to change my leggins,change leggings,morning,home
i want pineapple juiec,i want pineapple juice,pineapple juice,midday,school
i want to play scrabble,i want to play scrabble,scrabble,midday,school
i need medicine,i need medicine,tablet,midday,school
i want to wear blet,i want to wear lets,belt,afternoon,hospital
i want food,i want food,lunch,midday,school
where i my pants,where i my pants,pants,night,community
i feel cold,i feel cold,blanket,morning,home
i was touhced inappropriately,i was touched inappropriately,i was touched inappropriately,midday,school
take me to friendshouse,take me to friend's house,friend's house,morning,home
gv me pen,gve me pen,pen,night,community
i am thirsty,i am thirsty,soda,night,community
i want manog milkshake,i want mango milkshake,mango milkshake,midday,school
i want to sleep,i want to sleep,nap,midday,school
take my drwng book,take my drawing book,drawing book,night,community
t??s the school bus,its the school bus,school bus,night,community
get the kye,get the kye,key,midday,school
i want manog milkshake,i want mango milkshake,mango milkshake,morning,home
there is the pg,there is the pig,pig,night,community
i am hungry,i am hungry,tiffin,evening,restaurant
can you help pu on clothes,can you help put on clothes,help put on clothes,midday,school
i am hungry,i am hungry,breakfast,morning,home
i want food,i want food,dinner,night,community
this is brown,this is brown,brown,morning,home
please gvie me,please gve me,please give me,midday,school
i want a drnk,i want a drnk,water,afternoon,hospital
i want to wr socks,i want to wr socks,socks,afternoon,hospital
give me coloured pape,give me coloured paper,coloured paper,afternoon,hospital
godo night,good night,good night,midday,school
ts silver,its silver,silver,night,community
make me sit in sofa,make me sit in sofa,sofa,night,community
i want food,i want food,snack,afternoon,hospital
i am happy,i am happy,happy,morning,home
happy birtdhay,happy birthday,friend's birthday,evening,restaurant
it s 200 rupees,it s 200 rupees,inr 200,afternoon,hospital
i wantpapad,i wantpapad,papad,afternoon,hospital
its sohot,its hot,hot,midday,school
its a cockroach,its a cockroach,cockroach,afternoon,hospital
i wan food,i wan food,dinner,night,community
give me a cu,give me a cut,cup,afternoon,hospital
i need medicine,i need medicine,syrup,night,community
"""please give m a dosa.""","""please give m a dosa.""",kabab,afternoon,hospital
i was scolded,i was scolded,i was scolded,evening,restaurant
let go in escalator,lets go in escalator,escalator,night,community
i feel cold,i feel cold,shawl,afternoon,hospital
i wan to eat,i wan to eat,snack,afternoon,hospital
it is the place of worship,it is the place of worship,places of worship,evening,restaurant
i want to sleep,i want to sleep,nap,morning,home
thr is some money,there is some money,money,afternoon,hospital
i want my jacket,i want my jacket,jacket,evening,restaurant
put my body evst,put my body vest,body vests,morning,home
i want a drink,i want a drink,water,afternoon,hospital
i wan to sleep,i wan to sleep,nap,morning,home
tkae me to gymnastics,take me to gymnastics,gymnastics,night,community
i want odsa,i want soda,dosa,evening,restaurant
i see a crocodile,i see a crocodile,crocodile,night,community
i am happy,i am happy,happy,midday,school
can you make me poached eggs,can you make me poached eggs,poached eggs,afternoon,hospital
 want my gloves,want my gloves,gloves,afternoon,hospital
can w go ice skating,can w go ice skating,iceskating,afternoon,hospital
it?? a rabbit,its a rabbit,rabbit,evening,restaurant
give me brea,give me break,bread,night,community
i want to sleep,i want to sleep,nap,afternoon,hospital
where s the scissors,where s the scissors,scissors,afternoon,hospital
i am hungry,i am hungry,snack,afternoon,hospital
i want pork,i want pork,pork,afternoon,hospital
i need medicin,i need medicin,syrup,night,community
i am hungry,i am hungry,snack,afternoon,hospital
i am thirsty,i am thirsty,juice,evening,restaurant
i love mango,i love mango,mango,afternoon,hospital
i wan a drink,i wan a drink,soda,night,community
it is hte place of worship,it is white place of worship,places of worship,midday,school
salad is nice,salad is nice,salad,night,community
where is my errings,where is my errings,earrings,evening,restaurant
good drama,good drama,drama,night,community
give me crnflks,give me cornflakes,cornflakes,morning,home
i wan a drink,i wan a drink,soda,night,community
i am thirsty,i am thirsty,water,afternoon,hospital
i need medicin,i need medicin,tablet,midday,school
salsa atste good,salsa taste good,salsa,night,community
i want a drnk,i want a drnk,soda,night,community
these aremy favourites,these are favourites,favourites,afternoon,hospital
i need some avacado,i need some avacado,avacado,evening,restaurant
i want hot chocolate,i want hot chocolate,hot chocolate,midday,school
take my coat,take my coat,coat,evening,restaurant
lets go in escalator,lets go in escalator,escalator,evening,restaurant
give me fork,give me fork,fork,evening,restaurant
i awnt medu wada,i ant medu wada,medu wada,night,community
i want to change my ksirts,i want to change my skirts,change skirt,night,community
i feel pain,i feel pain,doctor,afternoon,hospital
i want to change my short,i want to change my shorts,change shorts,night,community
give me  granola bar,give me granola bar,granola bar,night,community
its in rectangle in shape,its in rectangle in shape,rectangle,afternoon,hospital
ihave feelings,have feelings,feelings,morning,home
gvie me cornflakes,gve me cornflakes,cornflakes,morning,home
shall we go i ship,shall we go i ship,ship,night,community
i want to sleap,i want to sleap,rest,evening,restaurant
give me coloured pape,give me coloured paper,coloured paper,night,community
hello aunty,hello aunty,aunt,midday,school
i am hurt,i am hurt,i am hurt,night,community
i want a drink,i want a drink,soda,night,community
happy diwali,happy diwali,diwali,evening,restaurant
there is a b,there is a b,bee,night,community
i need medicin,i need medicin,tablet,morning,home
strangers- beware,strangers- beware!,strangers- beware!,midday,school
my mouth,my mouth,mouth,evening,restaurant
i want to watch football,i want to watch football,football,evening,restaurant
where i the baby,where i the baby,baby,morning,home
i wan a drink,i wan a drink,coca-cola,evening,restaurant
i wnt smoothie,i want smoothie,smoothie,afternoon,hospital
i need medicin,i need medicin,tablet,midday,school
i love chicken,i love chicken,chicken,midday,school
no inappropriate touch please,no inappropriate touch please,no inappropriate touch please,morning,home
happ eid,happy eid,eid,afternoon,hospital
i wan food,i wan food,tiffin,evening,restaurant
it is 100 rupees,it is 100 rupees,inr 100,night,community
i was pinche,i was pinched,i was pinched,afternoon,hospital
i need medicine,i need medicine,syrup,night,community
good ftrnn,good ftrnn,good afternoon,midday,school
i want food,i want food,tiffin,evening,restaurant
i feel cold,i feel cold,shawl,afternoon,hospital
i wantsome laddoo,i wantsome laddoo,laddoo,afternoon,hospital
thi is my chappals,this is my chappals,chappals,evening,restaurant
i need a break,i need a break,i need a break,afternoon,hospital
take me tobathroom,take me bathroom,bathroom,afternoon,hospital
i wnt pav bhaji,i want pav bhaji,pav bhaji,midday,school
can youchange music,can change music,change music,afternoon,hospital
 like guava,like guava,guava,night,community
i want to change the slacks,i want to change the slacks,change slacks,night,community
i want some hotdog,i want some hotdog,hotdog,night,community
i feel cold,i feel cold,blanket,morning,home
make some prth,make some prth,paratha,afternoon,hospital
good morning,good morning,morning,evening,restaurant
i want a drnk,i want a drnk,soda,night,community
i want fud,i want fud,tiffin,evening,restaurant
give me pepsi,give me pepsi,pepsi,night,community
its my habit,its my habit,habits,midday,school
its ver hazards,its very hazards,hazards,afternoon,hospital
where is the sellotape,where is the sellotape,sellotape,morning,home
give me smoe berries,give me some berries,berries,evening,restaurant
takeme to food court,take to food court,food court,morning,home
i want food,i want food,snack,afternoon,hospital
give me a crayo,give me a crayon,crayon,midday,school
i like chicken wings,i like chicken wings,chicken wings,evening,restaurant
gd afternoon,gd afternoon,good afternoon,morning,home
i wan food,i wan food,tiffin,evening,restaurant
nice to mee you,nice to meet you,nice to meet you,night,community
i want a drink,i want a drink,water,afternoon,hospital
myheart,heart,heart,night,community
itssilver,silver,silver,morning,home
i want to sleep,i want to sleep,nap,midday,school
i want to eat,i want to eat,tiffin,evening,restaurant
takeme to relatives house,take to relatives house,relative's house,night,community
giveorange,orange,orange,morning,home
i need medicine,i need medicine,syrup,night,community
these are my favourites,these are my favourites,favourites,midday,school
i want to eat,i want to eat,dinner,night,community
i wan to eat,i wan to eat,dinner,night,community
i was touched npprprtly,i was touched inappropriately,i was touched inappropriately,midday,school
goo night,good night,good night,afternoon,hospital
i love dragonfruit,i love dragonfruit,dragonfruit,midday,school
my lgs,my legs,legs,morning,home
i am bore,i am bored,bored,morning,home
i wanthard boiled eggs,i wanthard boiled eggs,hard boiled eggs,midday,school
it a star,it a star,star,evening,restaurant
there's thepenguin,there's penguin,penguin,midday,school
happydussehra,dussehra,dussehra,midday,school
i wan food,i wan food,snack,afternoon,hospital
i feel cold,i feel cold,coat,night,community
give me pencil,give me pencil,pencil,evening,restaurant
i want a drink,i want a drink,juice,midday,school
add some chilli,add some chilli,chilli,evening,restaurant
i want to eat,i want to eat,breakfast,morning,home
i want pineapple,i want pineapple,pineapple,night,community
rosogulla is so tasty,rosogulla is so tasty,rosogulla,night,community
excuse me pls,excuse me pls,excuse me,midday,school
make me a protie shake,make me a protien shake,protien shake,evening,restaurant
i want to chnage my shoe,i want to change my shoe,change shoes,morning,home
i awnt jackfruit,i ant jackfruit,jackfruit,night,community
i want toplay seesasw,i want play seesasw,see-saw,afternoon,hospital
i feel pain,i feel pain,rest,morning,home
i love dragonfruit,i love dragonfruit,dragonfruit,morning,home
switc on the air conditioner,switch on the air conditioner,air conditioner,night,community
there is th knife,there is the knife,knife,night,community
happy dwl,happy dwl,diwali,afternoon,hospital
take me to stffrm,take me to staffroom,staffroom,afternoon,hospital
ahppy christmas,happy christmas,christmas,midday,school
ther is the shark,there is the shark,shark,afternoon,hospital
ther is the bus,there is the bus,bus,morning,home
i wan a drink,i wan a drink,soda,night,community
there s the picture book,there s the picture book,picture book,night,community
it is black,it is black,black,night,community
i feel cold,i feel cold,coat,night,community
i need medicine,i need medicine,tablet,midday,school
dad some pepper,dad some pepper,pepper,afternoon,hospital
where is the muffi,where is the muffin,muffin,evening,restaurant
make soem porridge,make some porridge,porridge,evening,restaurant
i am confused,i am confused,confused,morning,home
i want donut,i want donut,donut,midday,school
i wan some hotdog,i want some hotdog,hotdog,evening,restaurant
ahppy christmas,happy christmas,christmas,night,community
t??s the peach,its the peach,peach,evening,restaurant
i wan to eat,i wan to eat,snack,afternoon,hospital
ts silver,its silver,silver,morning,home
give me gajarhalw,give me gajarhalwa,gajarhalwa,midday,school
it is 10 rupees,it is 10 rupees,inr 10,morning,home
i want to sleep,i want to sleep,rest,evening,restaurant
i want to d some exercise,i want to d some exercise,exercises,night,community
i wan to do some exercise,i want to do some exercise,exercises,afternoon,hospital
i wan to sleep,i wan to sleep,nap,midday,school
i feel cold,i feel cold,shawl,afternoon,hospital
i lik softball,i like softball,softball,afternoon,hospital
i wantroast chicken,i wantroast chicken,roast chicken,evening,restaurant
i am hungry,i am hungry,dinner,night,community
put bandag,put bandage,bandage,morning,home
iwant dal,want dal,dal,midday,school
i need medicine,i need medicine,syrup,evening,restaurant
i want orange juice,i want orange juice,orange juice,midday,school
i want to change my footwear,i want to change my footwear,change footwear,evening,restaurant
i like to watchrollerskating,i like to rollerskating,rollerskating,night,community
i want food,i want food,breakfast,morning,home
ilike soccer,like soccer,soccer,afternoon,hospital
there is th shark,there is the shark,shark,afternoon,hospital
the color is whit,the color is white,white,night,community
i wan croissant,i want croissant,croissant,night,community
my ankle aches,my ankle aches,ankle,evening,restaurant
there is a duck,there is a duck,duck,evening,restaurant
there is a dog,there is a dog,dog,morning,home
i feel pain,i feel pain,clinic,night,community
i lovecheese sticks,i cheese sticks,cheese sticks,afternoon,hospital
i wan a drink,i wan a drink,water,afternoon,hospital
there is kingfisher,there is kingfisher,kingfisher,afternoon,hospital
i want a drnk,i want a drnk,juice,midday,school
cn we go ice skating,can we go ice skating,iceskating,afternoon,hospital
i want to watch football,i want to watch football,football,morning,home
happy birthday,happy birthday,brother's birthday,afternoon,hospital
i feel cold,i feel cold,jacket,midday,school
put my body vest,put my body vest,body vests,morning,home
can you change to previous channel,can you change to previous channel,previous channel,midday,school
take me todoctor,take me doctor,doctor,night,community
its inside the fridge,its inside the fridge,fridge,morning,home
put my body vest,put my body vest,body vests,morning,home
go bac,go back,back,afternoon,hospital
cover me with blanket,cover me with blanket,blanket,midday,school
give e milskhake,give e milkshake,milkshake,midday,school
thsi is my cousin,this is my cousin,cousin,evening,restaurant
i wan to eat,i wan to eat,snack,afternoon,hospital
i want to sleap,i want to sleap,nap,afternoon,hospital
there are some garbage in teh bin,there are some garbage in teeth bin,garbage in the bin,night,community
i feel pain,i feel pain,doctor,afternoon,hospital
hi mo,hi mom,mother,midday,school
i like basket ball,i like basket ball,basketball,afternoon,hospital
can you seal it,can you seal it,seal,night,community
i want to dosome exercise,i want to some exercise,exercises,night,community
i want somerice,i want somerice,rice,night,community
mymouth,mouth,mouth,evening,restaurant
happy ganesh chtrth,happy ganesh chaturthi,ganesh chaturthi,midday,school
happy birthday,happy birthday,father's birthday,afternoon,hospital
can we paly hide and seek,can we play hide and seek,hide and seek,evening,restaurant
i want to change my frock,i want to change my frock,change frock,afternoon,hospital
its an owl,its an owl,owl,night,community
my eyes,my eyes,eyes,midday,school
i wan a drink,i wan a drink,juice,midday,school
i awnt medu wada,i ant medu wada,medu wada,evening,restaurant
i want some rice,i want some rice,rice,night,community
give soem ketchup,give some ketchup,ketchup,morning,home
i want to sleep,i want to sleep,nap,morning,home
siwtch on the air conditioner,switch on the air conditioner,air conditioner,afternoon,hospital
go to medical shop,go to medical shop,medical shop-chemist's shop-pharmacy,evening,restaurant
i feel pain,i feel pain,clinic,night,community
good nigh,good night,night,midday,school
there is the lock and ky,there is the lock and key,lock and key,afternoon,hospital
i want apple,i want apple,apple,afternoon,hospital
hwo do you do,hwo do you do,how do you do,morning,home
i am hungry,i am hungry,tiffin,evening,restaurant
i wan a drink,i wan a drink,coca-cola,evening,restaurant
give m an eraser,give m an eraser,eraser,afternoon,hospital
myeyes,eyes,eyes,midday,school
i want ppl,i want apple,apple,night,community
i have an mrgncy,i have an emergency,emergency,afternoon,hospital
i feel pain,i feel pain,sit,evening,restaurant
i want roast chckn,i want roast chicken,roast chicken,morning,home
i have a bed tim routine,i have a bed time routine,bed time routine,morning,home
 love chaat,love chaat,chaat,evening,restaurant
i want shampo,i want shampoo,shampoo,evening,restaurant
i wantto change my pants,i want change my pants,change pants,evening,restaurant
gv me cookie,gve me cookie,cookie,night,community
get me a glass,get me a glass,glass,evening,restaurant
happy dwiali,happy diwali,diwali,morning,home
addmore sause,addmore sause,sauce,morning,home
lets go in escalato,lets go in escalator,escalator,afternoon,hospital
i want some laddoo,i want some laddoo,laddoo,night,community
i wan food,i wan food,lunch,midday,school
give m pencil,give m pencil,pencil,evening,restaurant
its in our living rm,its in our living rm,living room,evening,restaurant
acn you read this for me,an you read this for me,read,evening,restaurant
i want a roast pork,i want a roast pork,roast pork,evening,restaurant
i feel cold,i feel cold,jacket,midday,school
i feel pain,i feel pain,clinic,night,community
make some pasta,make some pasta,pasta,midday,school
i feel cold,i feel cold,jacket,midday,school
i wan to sleep,i wan to sleep,nap,midday,school
grnd it,grind it,grinder,afternoon,hospital
its a sprrw,its a sparrow,sparrow,midday,school
i want poha,i want poha,poha,midday,school
i am thirsty,i am thirsty,water,afternoon,hospital
i was made fun of,i was made fun of,i was made fun of,night,community
happ easter,happy easter,easter,afternoon,hospital
there's thepenguin,there's penguin,penguin,night,community
i want to eat,i want to eat,snack,afternoon,hospital
there is a bison,there is a bison,bison,night,community
ca you change to previous channel,cat you change to previous channel,previous channel,afternoon,hospital
i want macaroons,i want macaroons,macaroons,midday,school
i need medicine,i need medicine,capsule,afternoon,hospital
i am afraid,i am afraid,afraid,evening,restaurant
make me a protie shake,make me a protien shake,protien shake,midday,school
i feel pain,i feel pain,clinic,night,community
shall we play board game,shall we play board game,board game,morning,home
this is my caregiver,this is my caregiver,caregiver,midday,school
i love mango,i love mango,mango,evening,restaurant
i want a drnk,i want a drnk,water,morning,home
 like sports,like sports,sports,evening,restaurant
tell me a stor,tell me a story,bed time story book,evening,restaurant
i need sanitary napkins,i need sanitary napkins,sanitary napkins,midday,school
shall weplay a puzzle,shall play a puzzle,puzzle,midday,school
i want to be alone,i want to be alone,i want to be alone,midday,school
i wan a drink,i wan a drink,soda,night,community
i feel cold,i feel cold,shawl,afternoon,hospital
give me peanu butter,give me peanut butter,peanut butter,evening,restaurant
can you help m remove clothes,can you help m remove clothes,help remove clothes,morning,home
giveorange,orange,orange,afternoon,hospital
give me peanut butter,give me peanut butter,peanut butter,night,community
where is the blal pit,where is the ball pit,ball pit,afternoon,hospital
i lk sports,i lk sports,sports,midday,school
i feel cold,i feel cold,jacket,midday,school
i want a drnk,i want a drnk,coca-cola,evening,restaurant
i need medicin,i need medicin,tablet,morning,home
where is my errings,where is my errings,earrings,morning,home
give me some eggs,give me some eggs,eggs,afternoon,hospital
i want to sleep,i want to sleep,nap,afternoon,hospital
give m some milk,give m some milk,milk,evening,restaurant
give me pepsi,give me pepsi,pepsi,evening,restaurant
i feel cold,i feel cold,blanket,morning,home
please comehere,please comehere,please come here,night,community
iam bored,am bored,bored,evening,restaurant
shall wego in ship,shall wego in ship,ship,afternoon,hospital
there is the skunk,there is the skunk,skunk,midday,school
i liek barfi,i line barfi,barfi,midday,school
please lsow down,please slow down,please slow down,afternoon,hospital
there is the picture book,there is the picture book,picture book,morning,home
i feel pain,i feel pain,doctor,afternoon,hospital
there s the horse,there s the horse,horse,evening,restaurant
i lk chocolate milkshake,i lk chocolate milkshake,chocolate milkshake,night,community
its so hot,its so hot,hot,evening,restaurant
there is the hippopotamu,there is the hippopotamus,hippopotamus,evening,restaurant
i feel cold,i feel cold,coat,night,community
happy ganesh chaturthi,happy ganesh chaturthi,ganesh chaturthi,afternoon,hospital
gv me flavoured milk,gve me flavoured milk,flavoured milk,afternoon,hospital
how are oyu,how are oyu,how are you,evening,restaurant
happy birthday,happy birthday,friend's birthday,evening,restaurant
i want t play ipad games,i want t play ipad games,ipad games,midday,school
i need medicine,i need medicine,syrup,night,community
i want some rice,i want some rice,rice,evening,restaurant
happy ied,happy tired,eid,morning,home
my ys,my ys,eyes,afternoon,hospital
itssilver,silver,silver,midday,school
i wnt pork,i want pork,pork,night,community
i need medicin,i need medicin,tablet,morning,home
i want todance,i want dance,dance,night,community
its a square,its a square,square,midday,school
happy ied,happy tired,eid,night,community
i want osme rotti,i want some rotti,roti,night,community
my neck,my neck,neck,midday,school
ca you read this for me,cat you read this for me,read,evening,restaurant
i wanta soft toy,i want soft toy,soft toy,afternoon,hospital
i want paple,i want paper,apple,afternoon,hospital
i want food,i want food,lunch,midday,school
give soem ketchup,give some ketchup,ketchup,evening,restaurant
i'm irritated,i'm irritated,irritated,midday,school
its abuffalo,its buffalo,buffalo,evening,restaurant
i liek barfi,i line barfi,barfi,afternoon,hospital
i want to see nurse,i want to see nurse,nurse,night,community
it is the place of worship,it is the place of worship,places of worship,night,community
i want ht chocolate,i want hot chocolate,hot chocolate,evening,restaurant
i want to sleap,i want to sleap,nap,afternoon,hospital
add more sause,add more sause,sauce,night,community
its fn,its fun,fun,evening,restaurant
its a raiyn day,its a rainy day,rainy,night,community
i want food,i want food,breakfast,morning,home
i want to sleep,i want to sleep,sleep,night,community
i want to sleap,i want to sleap,nap,morning,home
there is the gaot,there is the goat,goat,evening,restaurant
i feel pain,i feel pain,rest,morning,home
give me acake slice,give me cake slice,cake slice,midday,school
i wan a drink,i wan a drink,water,afternoon,hospital
myshoulder aches,shoulder aches,shoulder,afternoon,hospital
i have allergy,i have allergy,allergy,night,community
i love racquet sports,i love racquet sports,racquet sports,night,community
there is the lock and ky,there is the lock and key,lock and key,morning,home
i feel pain,i feel pain,nurse,midday,school
i want food,i want food,dinner,night,community
i feel cold,i feel cold,jacket,midday,school
give  milkshake,give milkshake,milkshake,morning,home
good evenin,good evening,good evening,morning,home
theer is an ant,these is an ant,ant,afternoon,hospital
take me t canteen,take me t canteen,canteen,afternoon,hospital
i like barfi,i like barfi,barfi,evening,restaurant
hpapy holi,happy holi,holi,morning,home
make some musi,make some music,make music,evening,restaurant
i want to eat,i want to eat,breakfast,morning,home
gv me flavoured milk,gve me flavoured milk,flavoured milk,evening,restaurant
i want fud,i want fud,dinner,night,community
give m some chocolates,give m some chocolates,chocolate,morning,home
i wan to sleep,i wan to sleep,sleep,night,community
go bac,go back,back,morning,home
give me acake slice,give me cake slice,cake slice,morning,home
i is black,i is black,black,evening,restaurant
can you make a sandwich for me,can you make a sandwich for me,sandwich,midday,school
its purple,its purple,purple,afternoon,hospital
cover me with blnkts,cover me with blankets,blanket,afternoon,hospital
mynose,nose,nose,evening,restaurant
i want a drink,i want a drink,water,afternoon,hospital
shall we play snake & ladder,shall we play snake & ladder,snakes & ladders,morning,home
give me something to drink,give me something to drink,drinks,night,community
take me to food court,take me to food court,food court,afternoon,hospital
i like socce,i like soccer,soccer,evening,restaurant
iam disappointed,am disappointed,disappointed,morning,home
gv my pillows,gve my pillows,pillows,afternoon,hospital
catch-catc,catch-catch,catch-catch,evening,restaurant
its on thedesk,its on thedesk,desk,afternoon,hospital
can you make me poached eggs,can you make me poached eggs,poached eggs,evening,restaurant
where ismy spectacles,where ismy spectacles,spectacles,afternoon,hospital
happylabour day,happylabour day,labour day,afternoon,hospital
i want fruitplatter,i want fruit platter,fruit platter,night,community
it is my school noteboo,it is my school notebook,school notebook,morning,home
i want food,i want food,dinner,night,community
my legs,my legs,legs,morning,home
myhead,head,head,midday,school
i lk chicken wings,i lk chicken wings,chicken wings,morning,home
i am thirsty,i am thirsty,water bottle,midday,school
i want to eat,i want to eat,snack,afternoon,hospital
i want towatch cricket,i want watch cricket,cricket,morning,home
i like soccer,i like soccer,soccer,night,community
give me museli,give me museli,muesli,evening,restaurant
ti??s bat,this bat,bat,midday,school
i want to sleep,i want to sleep,nap,morning,home
i want toplay seesasw,i want play seesasw,see-saw,morning,home
i lovebowling,i bowling,bowling,morning,home
give me banana,give me banana,banana,midday,school
i want to sleap,i want to sleap,nap,afternoon,hospital
give me peanut butter,give me peanut butter,peanut butter,morning,home
i lk to play chess,i lk to play chess,chess,afternoon,hospital
i want fud,i want fud,lunch,midday,school
i is black,i is black,black,night,community
its  square,its square,square,morning,home
myear,year,ears,afternoon,hospital
i am hungry,i am hungry,tiffin,evening,restaurant
i am hungry,i am hungry,dinner,night,community
its a crow,its a crow,crow,afternoon,hospital
i like strwbrry,i like strawberry,strawberry,afternoon,hospital
no pickin nose please,no picking nose please,no picking nose please,afternoon,hospital
give me salda,give me salsa,fruit salad,afternoon,hospital
ho many,how many,how many,evening,restaurant
i want ginger l,i want ginger l,ginger ale,afternoon,hospital
hppy birthday,happy birthday,birthdays,evening,restaurant
give me a spoon,give me a spoon,spoon,morning,home
tis awesome,this awesome,awesome!,evening,restaurant
i want food,i want food,tiffin,evening,restaurant
i see a crocodile,i see a crocodile,crocodile,midday,school
i want fud,i want fud,lunch,midday,school
where is my raincoat,where is my raincoat,raincoat,morning,home
i want a drink,i want a drink,coca-cola,evening,restaurant
i want a drink,i want a drink,soda,night,community
i am hungry,i am hungry,lunch,midday,school
i want to eat,i want to eat,tiffin,evening,restaurant
take me to food court,take me to food court,food court,midday,school
iwant croissant,want croissant,croissant,midday,school
give me aneraser,give me eraser,eraser,afternoon,hospital
i want ice cream,i want ice cream,ice cream,morning,home
i was made fun o,i was made fun o,i was made fun of,afternoon,hospital
my head,my head,head,evening,restaurant
i lkie chicken wings,i line chicken wings,chicken wings,evening,restaurant
go to the meet shop,go to the meet shop,meat shop,evening,restaurant
i need medicine,i need medicine,capsule,afternoon,hospital
i want to go to church,i want to go to church,church,evening,restaurant
i want somerice,i want somerice,rice,morning,home
give osme ketchup,give some ketchup,ketchup,night,community
i want fud,i want fud,dinner,night,community
i feel pain,i feel pain,rest,morning,home
pleasecome here,please come here here,please come here,afternoon,hospital
thr is some money,there is some money,money,morning,home
hwo many,hwo many,how many,midday,school
i want my scarf,i want my scarf,scarf,midday,school
its so hot,its so hot,hot,night,community
i am afradi,i am afraid,afraid,morning,home
i want a drink,i want a drink,juice,midday,school
can youchange music,can change music,change music,night,community
i feel cold,i feel cold,sweater,evening,restaurant
i want hamburge,i want hamburger,hamburger,evening,restaurant
i want a drink,i want a drink,coca-cola,evening,restaurant
give mepepsi,give pepsi,pepsi,morning,home
i wnt pork,i want pork,pork,afternoon,hospital
put my body evst,put my body vest,body vests,evening,restaurant
wlcm,wlcm,greetings,afternoon,hospital
catch-catc,catch-catch,catch-catch,night,community
how many,how many,how many,night,community
it i 200 rupees,it i 200 rupees,inr 200,afternoon,hospital
it is 200 rupees,it is 200 rupees,inr 200,afternoon,hospital
its my habi,its my habit,habits,night,community
iwant to play seesasw,want to play seesasw,see-saw,evening,restaurant
i want a drink,i want a drink,juice,midday,school
i like chocolate milkshake,i like chocolate milkshake,chocolate milkshake,midday,school
there is the dove,there is the dove,dove,night,community
i want a drink,i want a drink,water,afternoon,hospital
i need medicine,i need medicine,capsule,afternoon,hospital
i want to eat,i want to eat,dinner,night,community
i want food,i want food,breakfast,morning,home
i want ice cream,i want ice cream,ice cream,midday,school
i want hard boiled eggs,i want hard boiled eggs,hard boiled eggs,afternoon,hospital
hwo do you do,hwo do you do,how do you do,night,community
i want mashed potatoes,i want mashed potatoes,mashed potatoes,morning,home
i am thirsty,i am thirsty,soda,night,community
i want food,i want food,breakfast,morning,home
i feel pain,i feel pain,rest,morning,home
its the school bus,its the school bus,school bus,afternoon,hospital
i feel pain,i feel pain,sit,evening,restaurant
lets go to funzone,lets go to fun zone,fun zone,afternoon,hospital
happy halloween,happy halloween,halloween,midday,school
ts an owl,its an owl,owl,night,community
give me flavoured milk,give me flavoured milk,flavoured milk,afternoon,hospital
noodlespls,noodles,noodles,midday,school
gv me salad,gve me salad,fruit salad,morning,home
strange,stranger,stranger,night,community
happybirthday,birthday,birthdays,night,community
its in rectangle in shape,its in rectangle in shape,rectangle,midday,school
thereis the giraffe,there's the giraffe,giraffe,evening,restaurant
give some ketchup,give some ketchup,ketchup,night,community
i want to slide,i want to slide,slide,evening,restaurant
i need a break,i need a break,i need a break,midday,school
i feel pain,i feel pain,nurse,midday,school
i want food,i want food,snack,afternoon,hospital
i am afraid,i am afraid,afraid,evening,restaurant
i wan to sleep,i wan to sleep,nap,afternoon,hospital
i want to lpay with friend,i want to play with friend,play with friend,afternoon,hospital
i amangry,i angry,angry,night,community
there is the horse,there is the horse,horse,evening,restaurant
i feel cold,i feel cold,blanket,morning,home
i need medicine,i need medicine,capsule,afternoon,hospital
ther is the mug,there is the mug,mug,night,community
i want to sleep,i want to sleep,nap,morning,home
i want pizza,i want pizza,pizza,night,community
there i a mouse,there i a mouse,mouse,night,community
switch on the fa,switch on the fan,fan,night,community
itsfun,itsfun,fun,midday,school
give me a cup,give me a cup,cup,morning,home
"""please give me a ds.""","""please give me a dosa.""",kabab,evening,restaurant
myfingers,fingers,fingers,evening,restaurant
its  circle,its circle,circle,afternoon,hospital
my elbow,my elbow,elbow,night,community
there are some garbage in the bn,there are some garbage in the bin,garbage in the bin,night,community
i want food,i want food,breakfast,morning,home
i am hurt,i am hurt,i am hurt,night,community
please slow down,please slow down,please slow down,night,community
switch on the lght,switch on the light,light,afternoon,hospital
i want to change my frock,i want to change my frock,change frock,morning,home
i wnt soda,i want soda,soda,afternoon,hospital
i want to chang my footwear,i want to change my footwear,change footwear,evening,restaurant
i need medicine,i need medicine,syrup,evening,restaurant
g back,g back,back,night,community
i have flngs,i have feelings,feelings,night,community
i want to eat,i want to eat,breakfast,morning,home
where is my pnts,where is my pants,pants,afternoon,hospital
can you ctu my nails,can you ctu my nails,cut nails,night,community
give mepen,give pen,pen,evening,restaurant
i am sick,i am sick,sick,morning,home
give me somebiscuit,give me biscuit,biscuits,evening,restaurant
i wan to eat,i wan to eat,dinner,night,community
giv me some milk,give me some milk,milk,evening,restaurant
i feel cold,i feel cold,jacket,midday,school
goo evening,good evening,good evening,evening,restaurant
give me some chutney,give me some chutney,chutney,midday,school
"""pleas give me a dosa.""","""please give me a dosa.""",kabab,evening,restaurant
can you cut my nails,can you cut my nails,cut nails,evening,restaurant
can we g ice skating,can we g ice skating,iceskating,morning,home
give me somebiscuit,give me biscuit,biscuits,night,community
iwant some snacks,want some snacks,snacks,evening,restaurant
lets go to funzone,lets go to fun zone,fun zone,morning,home
give me eclaris,give me eclairs,eclairs,morning,home
i feel pain,i feel pain,sit,evening,restaurant
it is the place of worship,it is the place of worship,places of worship,morning,home
i want to sleap,i want to sleap,nap,morning,home
i want osme raita,i want some raita,raita,midday,school
good night,good night,night,afternoon,hospital
take me to staffroom,take me to staffroom,staffroom,midday,school
itsso foggy,its foggy,foggy,night,community
i need mttn,i need mutton,mutton,morning,home
 want bhakri,want bhakri,bhakri,afternoon,hospital
get mynecklace,get necklace,necklace,evening,restaurant
i need medicine,i need medicine,syrup,night,community
i wan to sleep,i wan to sleep,nap,afternoon,hospital
h grandpa,h grandpa,grandfather,evening,restaurant
give me  granola bar,give me granola bar,granola bar,morning,home
whr is the pencil lead,where is the pencil lead,pencil lead,afternoon,hospital
it is 2000 rupees,it is 2000 rupees,inr 2000,midday,school
i want to sleap,i want to sleap,rest,evening,restaurant
i was pushed,i was pushed,i was pushed,morning,home
add osme chilli flakes,add some chilli flakes,chilli flakes,morning,home
my hair,my hair,hair,morning,home
crumble it,crumble it,crumble,afternoon,hospital
i want a drnk,i want a drnk,coca-cola,evening,restaurant
go to medicalshop,go to medical,medical shop-chemist's shop-pharmacy,night,community
i want a drink,i want a drink,juice,midday,school
i feel tired,i feel tired,i feel tired,morning,home
salsataste good,salsataste good,salsa,afternoon,hospital
i love glb jamun,i love gulab jamun,gulab jamun,morning,home
i want a drink,i want a drink,water,morning,home
i want to eat,i want to eat,snack,afternoon,hospital
i want osme raita,i want some raita,raita,night,community
i want food,i want food,snack,afternoon,hospital
i like to watch rollerskating,i like to watch rollerskating,rollerskating,afternoon,hospital
i feel cold,i feel cold,jacket,midday,school
its a crwo,its a crow,crow,evening,restaurant
this is my fathe,this is my father,father,midday,school
i want dosa,i want dosa,dosa,midday,school
i watn strawberry milkshake,i what strawberry milkshake,strawberry milkshake,morning,home
i want fruit platter,i want fruit platter,fruit platter,afternoon,hospital
lets go to grocery shop,lets go to grocery shop,grocery shop,morning,home
i want to sleap,i want to sleap,nap,morning,home
i wan food,i wan food,tiffin,evening,restaurant
i am thirsty,i am thirsty,water,afternoon,hospital
g to medical shop,g to medical shop,medical shop-chemist's shop-pharmacy,evening,restaurant
 want soda,want soda,soda,afternoon,hospital
'm irritated,i'm irritated,irritated,midday,school
shall we goin car,shall we goin car,car,morning,home
i like strwbrry,i like strawberry,strawberry,evening,restaurant
shall we goin car,shall we goin car,car,midday,school
add some chilli flake,add some chilli flakes,chilli flakes,evening,restaurant
nohands in underpants,hands in underpants,no hands in underpants,evening,restaurant
i wnt macaroons,i want macaroons,macaroons,afternoon,hospital
give me aneraser,give me eraser,eraser,evening,restaurant
iam bored,am bored,bored,night,community
there is a bsn,there is a bison,bison,night,community
hppy dussehra,happy dussehra,dussehra,midday,school
i want a soft ty,i want a soft toy,soft toy,evening,restaurant
i want some pr,i want some pr,pear,evening,restaurant
there is a dog,there is a dog,dog,night,community
take my cap,take my cap,cap,night,community
i like cheees,i like cheese,cheese,night,community
thr is a mouse,there is a mouse,mouse,afternoon,hospital
i want to sleep,i want to sleep,rest,evening,restaurant
ptu my body vest,ptu my body vest,body vests,night,community
it?? bat,its bat,bat,afternoon,hospital
i want pizza,i want pizza,pizza,morning,home
i want to sleep,i want to sleep,nap,morning,home
no hnads in underpants,no hands in underpants,no hands in underpants,afternoon,hospital
i am hungry,i am hungry,dinner,night,community
i want mac and cheese,i want mac and cheese,mac and cheese,afternoon,hospital
this is my caregiver,this is my caregiver,caregiver,evening,restaurant
mystomach aches,stomach aches,stomach,afternoon,hospital
i am hungry,i am hungry,tiffin,evening,restaurant
ad some pepper,sad some pepper,pepper,night,community
i like sports,i like sports,sports,morning,home
i wan a drink,i wan a drink,soda,night,community
i am hungry,i am hungry,tiffin,evening,restaurant
tak me to hospital,take me to hospital,hospital,evening,restaurant
i wantblueberry,i blueberry,blueberry,afternoon,hospital
myneck,neck,neck,afternoon,hospital
i was scolded,i was scolded,i was scolded,morning,home
i am hungry,i am hungry,lunch,midday,school
i feel cold,i feel cold,coat,night,community
is thisthe standing line,is thisthe standing line,standing line,midday,school
i want to wear watch,i want to wear watch,watch,night,community
i want smoothie,i want smoothie,smoothie,morning,home
where is my plat,where is my plate,plate,evening,restaurant
"""gvie me water.""","""give me water.""",water,morning,home
lets go in escalator,lets go in escalator,escalator,morning,home
its so golden,its so golden,golden,evening,restaurant
take me to th shop,take me to the shop,shop,night,community
gv me some milk,gve me some milk,milk,night,community
i want to sleap,i want to sleap,nap,afternoon,hospital
i want a drink,i want a drink,water,morning,home
i feel cold,i feel cold,blanket,morning,home
i want to fly kite,i want to fly kite,kite,midday,school
i hav allergy,i have allergy,allergy,morning,home
can you make a sandwcih for me,can you make a sandwich for me,sandwich,afternoon,hospital
ahppy birthday,happy birthday,grandma's birthday,midday,school
make me banana milkshake,make me banana milkshake,banana milkshake,afternoon,hospital
get m necklace,get m necklace,necklace,evening,restaurant
i want brnvt,i want brnvt,bournvita,midday,school
i wan to sleep,i wan to sleep,nap,morning,home
i want fud,i want fud,breakfast,morning,home
i want to sleap,i want to sleap,nap,afternoon,hospital
i want fish,i want fish,fish,afternoon,hospital
i want to sleep,i want to sleep,nap,afternoon,hospital
gvie me fork,gve me fork,fork,afternoon,hospital
there is the sheep,there is the sheep,sheep,morning,home
 need mutton,need mutton,mutton,afternoon,hospital
i am doing leg exercise,i am doing leg exercise,leg exercises,midday,school
can you bring mymedicine,can you bring medicine,medicine,morning,home
i was touched npprprtly,i was touched inappropriately,i was touched inappropriately,evening,restaurant
i wan to sleep,i wan to sleep,sleep,night,community
gv me paint,gve me paint,paint,evening,restaurant
i wan to eat,i wan to eat,dinner,night,community
salad is nic,salad is nice,salad,evening,restaurant
its the peac,its the peach,peach,midday,school
can you help me remove clothes,can you help me remove clothes,help remove clothes,morning,home
i am hungry,i am hungry,breakfast,morning,home
give me sm fruit,give me sm fruit,fruit,midday,school
i want food,i want food,breakfast,morning,home
i feel pain,i feel pain,sit,evening,restaurant
my finger,my fingers,fingers,night,community
i am thirsty,i am thirsty,water bottle,midday,school
hppy birthday mom,happy birthday mom,mom's birthday,evening,restaurant
its a cta,its a cta,cat,night,community
i have a bed time routine,i have a bed time routine,bed time routine,morning,home
 want burger,want burger,burger,night,community
give me brea,give me break,bread,afternoon,hospital
give me some fruit,give me some fruit,fruit,morning,home
i want to eat,i want to eat,dinner,night,community
i want food,i want food,breakfast,morning,home
thsi is my cousin,this is my cousin,cousin,morning,home
i want to sleep,i want to sleep,nap,midday,school
i want to bathe,i want to bathe,bathing,afternoon,hospital
i want plum,i want plum,plum,afternoon,hospital
taek my coat,take my coat,coat,morning,home
ad some pepper,sad some pepper,pepper,afternoon,hospital
i wan to eat,i wan to eat,dinner,night,community
its the kangaro,its the kangaroo,kangaroo,afternoon,hospital
i want chocolate cookie,i want chocolate cookie,chocolate cookies,afternoon,hospital
iam done eating,am done eating,eating,evening,restaurant
i need medicin,i need medicin,syrup,evening,restaurant
there are some garbage in the bn,there are some garbage in the bin,garbage in the bin,morning,home
no inappropriate touch please,no inappropriate touch please,no inappropriate touch please,night,community
cover me with blankets,cover me with blankets,blanket,morning,home
i want my lunchbox,i want my lunch box,lunch box,afternoon,hospital
i am thirsty,i am thirsty,water,afternoon,hospital
no pinchin please,no pinching please,no pinching please,night,community
i want a roast prk,i want a roast pork,roast pork,afternoon,hospital
i want jaleb,i want jalebi,jalebi,afternoon,hospital
i feel pain,i feel pain,rest,morning,home
there is a dog,there is a dog,dog,evening,restaurant
i am hungry,i am hungry,lunch,midday,school
take m to staffroom,take m to staffroom,staffroom,evening,restaurant
draw a slanting line,draw a slanting line,slanting line,morning,home
igve me maaza,gve me maaza,maaza,evening,restaurant
i wan to go to church,i want to go to church,church,morning,home
shall we go t playground,shall we go t playground,playground,night,community
i need a chalk,i need a chalk,chalk,midday,school
i want to change my pants,i want to change my pants,change pants,midday,school
i want to change myshoe,i want to change shoe,change shoes,afternoon,hospital
thereis a dog,there's a dog,dog,afternoon,hospital
blow my nose,blow my nose,blow nose,night,community
i want food,i want food,dinner,night,community
i am hurt,i am hurt,i am hurt,morning,home
i need medicine,i need medicine,syrup,night,community
its acube,its cube,cube,evening,restaurant
i want a drink,i want a drink,water,morning,home
menu lps,menu lps,menu,night,community
sit in chair,sit in chair,chair,evening,restaurant
my fingers,my fingers,fingers,evening,restaurant
i want a roast pork,i want a roast pork,roast pork,midday,school
plesae slow down,please slow down,please slow down,night,community
can yo play with me,can you play with me,play with me,afternoon,hospital
i am sick,i am sick,sick,evening,restaurant
get my necklace,get my necklace,necklace,afternoon,hospital
where isthe ball pit,where the ball pit,ball pit,evening,restaurant
i wan to sleep,i wan to sleep,nap,midday,school
i want someraita,i want someraita,raita,morning,home
i want a drnk,i want a drnk,water,afternoon,hospital
i want to change my footwear,i want to change my footwear,change footwear,evening,restaurant
my ys,my ys,eyes,morning,home
salsa taste good,salsa taste good,salsa,midday,school
i want doll,i want doll,doll,night,community
i feel pain,i feel pain,rest,morning,home
its prpl,its purple,purple,night,community
i want to eat,i want to eat,tiffin,evening,restaurant
help m with my shirt,help m with my shirt,shirt,morning,home
i wnt pav bhaji,i want pav bhaji,pav bhaji,morning,home
i feel pain,i feel pain,doctor,afternoon,hospital
there i the sheep,there i the sheep,sheep,morning,home
i want a drink,i want a drink,coca-cola,evening,restaurant
take m dress,take m dress,dress,afternoon,hospital
there is th skunk,there is the skunk,skunk,afternoon,hospital
i wan to sleep,i wan to sleep,sleep,night,community
give me for,give me for,fork,afternoon,hospital
i want coffee,i want coffee,coffee,afternoon,hospital
i like cheese puddin,i like cheese pudding,cheese pudding,night,community
how lon,how long,how long,evening,restaurant
i need some avacado,i need some avacado,avacado,night,community
myear,year,ears,midday,school
take me t balcony,take me t balcony,balcony,afternoon,hospital
take me to bathorom,take me to bathroom,bathroom,midday,school
i feel pain,i feel pain,rest,morning,home
i want to rd bicycle,i want to red bicycle,bicycle,night,community
help m pls,help m pls,help,morning,home
i wnt macaroons,i want macaroons,macaroons,midday,school
i want to se my school,i want to use my school,school,night,community
thereis the hippopotamus,there's the hippopotamus,hippopotamus,evening,restaurant
i want to change my t-shirt,i want to change my t-shirt,change t-shirt,afternoon,hospital
i want fud,i want fud,breakfast,morning,home
i feel pain,i feel pain,clinic,night,community
t??s a cat,its a cat,cat,afternoon,hospital
i am hurt,i am hurt,i am hurt,evening,restaurant
myeyes,eyes,eyes,morning,home
no inappropriatetouch please,no inappropriate please,no inappropriate touch please,morning,home
i wa pushed,i want pushed,i was pushed,morning,home
lts go to the mall,lets go to the mall,mall,evening,restaurant
nohands in underpants,hands in underpants,no hands in underpants,morning,home
its a cockroach,its a cockroach,cockroach,afternoon,hospital
my neck,my neck,neck,morning,home
excuse me pls,excuse me pls,excuse me,night,community
giv me some milk,give me some milk,milk,morning,home
i want to sleep,i want to sleep,nap,midday,school
its inside the fridge,its inside the fridge,fridge,evening,restaurant
give me fruit punch,give me fruit punch,fruit punch,evening,restaurant
i am thirsty,i am thirsty,water,morning,home
its so golde,its so golden,golden,afternoon,hospital
i am thirsty,i am thirsty,juice,evening,restaurant
i wantmiranda,i miranda,mirinda,morning,home
shall we go i car,shall we go i car,car,afternoon,hospital
there is  bison,there is bison,bison,morning,home
ilike soccer,like soccer,soccer,midday,school
 need more time,need more time,i need more time,morning,home
take me to th shop,take me to the shop,shop,evening,restaurant
where is th scale,where is the scale,scale,morning,home
give me something to drink,give me something to drink,drinks,evening,restaurant
i want to se my school,i want to use my school,school,morning,home
can youroast beef,can roast beef,roast beef,night,community
i feel pain,i feel pain,clinic,night,community
what i the current month,what i the current month,current month,afternoon,hospital
give me enregy drink,give me energy drink,energy drink,evening,restaurant
give me some eggs,give me some eggs,eggs,midday,school
itsso golden,its golden,golden,afternoon,hospital
there isa monkey,there is monkey,monkey,evening,restaurant
this s my brother,this s my brother,brother,morning,home
there is a biosn,there is a bison,bison,morning,home
i wantroast chicken,i wantroast chicken,roast chicken,afternoon,hospital
menupls,menupls,menu,afternoon,hospital
its  circle,its circle,circle,midday,school
i want a drnk,i want a drnk,juice,midday,school
i want a drink,i want a drink,coca-cola,evening,restaurant
i feel cold,i feel cold,blanket,morning,home
i want a drink,i want a drink,soda,night,community
i awnt jackfruit,i ant jackfruit,jackfruit,evening,restaurant
i want some steamed veggies,i want some steamed veggies,steamed veggies,morning,home
ts so foggy,its so foggy,foggy,evening,restaurant
use paper clip,use paper clip,paper clip,morning,home
crumbl it,crumble it,crumble,evening,restaurant
there is the mu,there is the mug,mug,night,community
hlp me pls,help me pls,help,afternoon,hospital
igve me salad,gve me salad,fruit salad,morning,home
give m coloured paper,give m coloured paper,coloured paper,morning,home
help m pls,help m pls,help,night,community
g to medical shop,g to medical shop,medical shop-chemist's shop-pharmacy,night,community
i feel pain,i feel pain,rest,morning,home
i feel cold,i feel cold,jacket,midday,school
my clothes are tihgt,my clothes are tight,my clothes are tight,night,community
give me muskmelon,give me muskmelon,muskmelon,afternoon,hospital
where is my raincoa,where is my raincoat,raincoat,morning,home
giv orange,give orange,orange,evening,restaurant
grind it,grind it,grinder,night,community
i want a drnk,i want a drnk,coca-cola,evening,restaurant
its a buffal,its a buffalo,buffalo,evening,restaurant
i want t brush my teeth,i want t brush my teeth,brush teeth,morning,home
i want to sleep,i want to sleep,sleep,night,community
myfingers,fingers,fingers,midday,school
i awnt some snacks,i ant some snacks,snacks,afternoon,hospital
i want soem snacks,i want some snacks,snacks,night,community
i want fud,i want fud,tiffin,evening,restaurant
i want food,i want food,dinner,night,community
i am hungry,i am hungry,lunch,midday,school
its the kangaro,its the kangaroo,kangaroo,evening,restaurant
there is the skun,there is the skunk,skunk,morning,home
quie please,quiet please,quiet please!,morning,home
i want to play ipad games,i want to play ipad games,ipad games,night,community
hi grndp,hi grandpa,grandfather,midday,school
i wan to sleep,i wan to sleep,sleep,night,community
do som salad dressing,do some salad dressing,salad dressing,afternoon,hospital
i wan to go to church,i want to go to church,church,afternoon,hospital
happy labour day,happy labour day,labour day,morning,home
i lkie cheese pudding,i line cheese pudding,cheese pudding,night,community
i want food,i want food,breakfast,morning,home
i wnt to watch handball,i want to watch handball,handball,midday,school
there s the lamp,there s the lamp,lamp,morning,home
i want pizza,i want pizza,pizza,morning,home
giev me bear,give me bear,bear,afternoon,hospital
go to the meet shop,go to the meet shop,meat shop,night,community
ts so hot,its so hot,hot,midday,school
i want a drink,i want a drink,water,morning,home
give mypillows,give pillows,pillows,morning,home
give me fish and cihps,give me fish and chips,fish and chips,midday,school
i want to wear watch,i want to wear watch,watch,evening,restaurant
i wan to sleep,i wan to sleep,sleep,night,community
i feel cold,i feel cold,shawl,afternoon,hospital
this is my fvrt book,this is my fvrt book,favorite book,night,community
i want toplay seesasw,i want play seesasw,see-saw,midday,school
thisis my chappals,this my chappals,chappals,night,community
switc on the air conditioner,switch on the air conditioner,air conditioner,evening,restaurant
no talking whil eating please!,no talking while eating please!,no talking while eating please!,night,community
i want food,i want food,dinner,night,community
giv me pencil,give me pencil,pencil,night,community
i need medicin,i need medicin,tablet,midday,school
i am sd,i am sad,sad,evening,restaurant
i feel pain,i feel pain,nurse,midday,school
be safet,be safety,safety,morning,home
can you help put on clothes,can you help put on clothes,help put on clothes,morning,home
i want aaloo poori,i want aaloo poori,aaloo poori,afternoon,hospital
can y change music,can y change music,change music,midday,school
iwas hit,was hit,i was hit,evening,restaurant
there is the lamp,there is the lamp,lamp,night,community
can you hepl medo this,can you hepl medu this,help me do this,afternoon,hospital
open the door,open the door,door,midday,school
i feel cold,i feel cold,blanket,morning,home
i need medicin,i need medicin,capsule,afternoon,hospital
happybirthday,birthday,cousin's birthday,night,community
iwant mashed potatoes,want mashed potatoes,mashed potatoes,night,community
i want to eat,i want to eat,lunch,midday,school
make soem porridge,make some porridge,porridge,afternoon,hospital
bake somevegitables,bake vegitables,baked vegetables,midday,school
 want to dance,want to dance,dance,midday,school
i want a drink,i want a drink,soda,night,community
this ismy father,this ismy father,father,night,community
i am thirsty,i am thirsty,soda,night,community
i wan a drink,i wan a drink,juice,midday,school
take me to doctor,take me to doctor,doctor,afternoon,hospital
thr is some money,there is some money,money,midday,school
i am hungry,i am hungry,tiffin,evening,restaurant
my eyes,my eyes,eyes,night,community
i wan food,i wan food,lunch,midday,school
i want oburnvita,i want bournvita,bournvita,evening,restaurant
addmore sause,addmore sause,sauce,night,community
i want to eat,i want to eat,breakfast,morning,home
i want a drink,i want a drink,soda,night,community
i feel cold,i feel cold,sweater,evening,restaurant
give me papay,give me papaya,papaya,night,community
ptu my body vest,ptu my body vest,body vests,midday,school
i want to eat,i want to eat,tiffin,evening,restaurant
i need medicine,i need medicine,syrup,evening,restaurant
giev me papaya,give me papaya,papaya,morning,home
its in ou living room,its in you living room,living room,afternoon,hospital
i like soccer,i like soccer,soccer,midday,school
i want a drink,i want a drink,water,afternoon,hospital
i wantroast chicken,i wantroast chicken,roast chicken,morning,home
i am thirsty,i am thirsty,juice,evening,restaurant
my legs,my legs,legs,night,community
i am thirsty,i am thirsty,water,afternoon,hospital
i want oatmea,i want oatmeal,oatmeal,night,community
it?? a rabbit,its a rabbit,rabbit,morning,home
make some pasta,make some pasta,pasta,morning,home
i wnat my jacket,i what my jacket,jacket,night,community
"""please giv me a dosa.""","""please give me a dosa.""",dosa,evening,restaurant
i want dosa,i want dosa,dosa,night,community
give me pencil,give me pencil,pencil,morning,home
i want food,i want food,lunch,midday,school
please slow down,please slow down,please slow down,afternoon,hospital
there is thedove,there is thedove,dove,night,community
i want fud,i want fud,tiffin,evening,restaurant
where is the scssrs,where is the scissors,scissors,night,community
iwant some laddoo,want some laddoo,laddoo,night,community
giv me some pancakes,give me some pancakes,pancakes,morning,home
this is my chappals,this is my chappals,chappals,morning,home
i wantmedu wada,i wantmedu wada,medu wada,midday,school
no htiting please,no hitting please,no hitting please,afternoon,hospital
this is my father,this is my father,father,morning,home
give me coloured pape,give me coloured paper,coloured paper,midday,school
its asquare,its square,square,morning,home
give me some fruit,give me some fruit,fruit,night,community
i want to go to clinic,i want to go to clinic,clinic,morning,home
give me some frozen yogurt,give me some frozen yogurt,frozen yogurt,midday,school
there i the eagle,there i the eagle,eagle,morning,home
i want pizza,i want pizza,pizza,afternoon,hospital
take me to hospital,take me to hospital,hospital,evening,restaurant
i wan to eat,i wan to eat,tiffin,evening,restaurant
i is 100 rupees,i is 100 rupees,inr 100,evening,restaurant
give me papaya,give me papaya,papaya,midday,school
i want to sleep,i want to sleep,nap,morning,home
i want food,i want food,breakfast,morning,home
sit in chr,sit in chair,chair,morning,home
my hr,my hr,hair,evening,restaurant
i wan food,i wan food,dinner,night,community
give m some milk,give m some milk,milk,night,community
i want to change my t-shirt,i want to change my t-shirt,change t-shirt,midday,school
i want food,i want food,snack,afternoon,hospital
i want a drink,i want a drink,juice,midday,school
i wan some hotdog,i want some hotdog,hotdog,morning,home
gv some pickle,gve some pickle,pickle,midday,school
give me pe,give me pie,pen,evening,restaurant
no hitting please,no hitting please,no hitting please,night,community
its pnik,its pink,pink,morning,home
do some salad dressing,do some salad dressing,salad dressing,morning,home
i wan to eat,i wan to eat,dinner,night,community
ther is the lock and key,there is the lock and key,lock and key,night,community
i want aaloo poori,i want aaloo poori,aaloo poori,evening,restaurant
i want fud,i want fud,dinner,night,community
this is my sister,this is my sister,sister,morning,home
i want to eat,i want to eat,snack,afternoon,hospital
iwas hit,was hit,i was hit,midday,school
i wan to eat,i wan to eat,breakfast,morning,home
i am confused,i am confused,confused,afternoon,hospital
htere is a duck,here is a duck,duck,morning,home
can you comb my hair,can you comb my hair,comb hair,midday,school
i want dosa,i want dosa,dosa,afternoon,hospital
no hitting please,no hitting please,no hitting please,morning,home
i am hungry,i am hungry,snack,afternoon,hospital
i lovecheese sticks,i cheese sticks,cheese sticks,morning,home
lets go to grocery shop,lets go to grocery shop,grocery shop,afternoon,hospital
i want to sleep,i want to sleep,rest,evening,restaurant
give me some pancakes,give me some pancakes,pancakes,afternoon,hospital
i want to be aloen,i want to be alone,i want to be alone,morning,home
giv me something to drink,give me something to drink,drinks,afternoon,hospital
i like cheees,i like cheese,cheese,morning,home
i wan a drink,i wan a drink,juice,midday,school
i want shampoo,i want shampoo,shampoo,afternoon,hospital
ihave allergy,have allergy,allergy,midday,school
i have a emergency,i have a emergency,emergency,afternoon,hospital
i wan to sleep,i wan to sleep,nap,morning,home
i need medicine,i need medicine,tablet,midday,school
i am happ,i am happy,happy,morning,home
i want to eat with small bts,i want to eat with small bites,eat with small bites,afternoon,hospital
take my dress,take my dress,dress,midday,school
i amconfused,i confused,confused,afternoon,hospital
give memuskmelon,give muskmelon,muskmelon,evening,restaurant
there is kngfshr,there is kingfisher,kingfisher,morning,home
i want to eat,i want to eat,breakfast,morning,home
i like soccer,i like soccer,soccer,afternoon,hospital
i lik chicken wings,i like chicken wings,chicken wings,afternoon,hospital
i want to change my skirts,i want to change my skirts,change skirt,evening,restaurant
i want osme soup,i want some soup,soup,afternoon,hospital
i want food,i want food,breakfast,morning,home
its a star,its a star,star,night,community
i want apple,i want apple,apple,night,community
i love racquet sports,i love racquet sports,racquet sports,evening,restaurant
i want to sleep,i want to sleep,nap,morning,home
thereis the fox,there's the fox,fox,midday,school
make me sit in sofa,make me sit in sofa,sofa,afternoon,hospital
i lv sausage,i lv sausage,sausage,afternoon,hospital
i needhelp,i i need help,i need help,morning,home
i am thirsty,i am thirsty,water bottle,midday,school
i need a chalk,i need a chalk,chalk,night,community
i need a chalk,i need a chalk,chalk,afternoon,hospital
i want to sleep,i want to sleep,sleep,night,community
put my body evst,put my body vest,body vests,night,community
canyou repeat that question,canyou repeat that question,questions,midday,school
hwo many,hwo many,how many,afternoon,hospital
 like guava,like guava,guava,morning,home
shall w play board game,shall w play board game,board game,night,community
it s 200 rupees,it s 200 rupees,inr 200,evening,restaurant
i want ice cream,i want ice cream,icecream,evening,restaurant
i want to sleep,i want to sleep,nap,morning,home
there is a divider,there is a divider,divider,evening,restaurant
there i the sheep,there i the sheep,sheep,evening,restaurant
i want to chang,i want to change,change,evening,restaurant
i want pudding,i want pudding,pudding,afternoon,hospital
i need cable,i need cable,cable,midday,school
i feel cold,i feel cold,shawl,afternoon,hospital
i want a drink,i want a drink,water,morning,home
is this th standing line,is this the standing line,standing line,afternoon,hospital
i wan food,i wan food,tiffin,evening,restaurant
salsataste good,salsataste good,salsa,morning,home
i am hungry,i am hungry,breakfast,morning,home
shallwe play cards,shall play cards,playing cards,morning,home
i am thirsty,i am thirsty,water,morning,home
ther is the pegion,there is the pegion,pigeon,afternoon,hospital
lets go to fun zone,lets go to fun zone,fun zone,evening,restaurant
i want a drink,i want a drink,juice,midday,school
i lovesausage,i sausage,sausage,evening,restaurant
there is th knife,there is the knife,knife,afternoon,hospital
there s the dove,there s the dove,dove,morning,home
i want food,i want food,dinner,night,community
i love gulab jamun,i love gulab jamun,gulab jamun,afternoon,hospital
i want strawberry milkshake,i want strawberry milkshake,strawberry milkshake,midday,school
"""give me water.""","""give me water.""",water,night,community
i am feeling ashmed,i am feeling ashmed,ashamed,morning,home
i want food,i want food,snack,afternoon,hospital
i feel cold,i feel cold,jacket,midday,school
it is 500 rupee,it is 500 rupees,inr 500,midday,school
gv me a cup,gve me a cup,cup,midday,school
i want fish,i want fish,fish,night,community
 want soda,want soda,soda,evening,restaurant
i want bhkr,i want bhakri,bhakri,evening,restaurant
three is the english book,these is the english book,english book,morning,home
i want to eat,i want to eat,breakfast,morning,home
i want jaleb,i want jalebi,jalebi,evening,restaurant
i am thirsty,i am thirsty,juice,evening,restaurant
i want food,i want food,snack,afternoon,hospital
gve me sm idli,gve me sm idli,idli,evening,restaurant
open th door,open the door,door,morning,home
my ahnds,my hands,hands,afternoon,hospital
switch on the fa,switch on the fan,fan,morning,home
i feel pain,i feel pain,sit,evening,restaurant
i want poha,i want poha,poha,evening,restaurant
i want roast lamb,i want roast lamb,roast lamb,afternoon,hospital
happy hl,happy hl,holi,afternoon,hospital
i want orange juice,i want orange juice,orange juice,morning,home
i want a drnk,i want a drnk,water,afternoon,hospital
i want to be alone,i want to be alone,i want to be alone,night,community
"""gvie me water.""","""give me water.""",water,evening,restaurant
i was touched npprprtly,i was touched inappropriately,i was touched inappropriately,afternoon,hospital
i feel pain,i feel pain,rest,morning,home
i am sorry,i am sorry,i am sorry,evening,restaurant
 want aaloo poori,want aaloo poori,aaloo poori,night,community
i need medicin,i need medicin,tablet,morning,home
i want a drink,i want a drink,soda,night,community
i love mango,i love mango,mango,midday,school
i wan to sleep,i wan to sleep,nap,midday,school
i want a drnk,i want a drnk,water,morning,home
give me some biscui,give me some biscuit,biscuits,evening,restaurant
i want somerice,i want somerice,rice,midday,school
give my pillows,give my pillows,pillows,morning,home
take that bowl,take that bowl,bowl,evening,restaurant
its a cta,its a cta,cat,afternoon,hospital
i want a drink,i want a drink,soda,night,community
i wan to eat,i wan to eat,tiffin,evening,restaurant
i need medicine,i need medicine,syrup,evening,restaurant
blowmy nose,blow nose,blow nose,morning,home
i love ssg,i love ssg,sausage,morning,home
hi,hi,hi,morning,home
i want oatmeal,i want oatmeal,oatmeal,night,community
i wan a drink,i wan a drink,soda,night,community
i want to sleep,i want to sleep,sleep,night,community
its thedolphin,its dolphin,dolphin,night,community
i want to sleep,i want to sleep,sleep,night,community
i want to sleep,i want to sleep,nap,afternoon,hospital
make some music,make some music,make music,morning,home
i want a drink,i want a drink,water,afternoon,hospital
i want dal khichdii,i want dal khichdi,dal khichdi,afternoon,hospital
i need medicine,i need medicine,tablet,morning,home
i was touhced inappropriately,i was touched inappropriately,i was touched inappropriately,night,community
i want some lemon juice,i want some lemon juice,lemon juice,morning,home
there is a duck,there is a duck,duck,midday,school
i wan food,i wan food,snack,afternoon,hospital
i feel pain,i feel pain,doctor,afternoon,hospital
i want cuppa noodles,i want cuppa noodles,cuppa noodles,night,community
they are my friend,they are my friend,friends,afternoon,hospital
i don't undersatnd,i don't understand,i don't understand,midday,school
i want food,i want food,lunch,midday,school
take that book,take that book,book,morning,home
my anlke aches,my ankle aches,ankle,morning,home
i want a soft toy,i want a soft toy,soft toy,midday,school
i lov chicken,i love chicken,chicken,evening,restaurant
i feel pain,i feel pain,rest,morning,home
its on thedesk,its on thedesk,desk,morning,home
there is the bsu,there is the bsu,bus,afternoon,hospital
iam sick,am sick,sick,afternoon,hospital
i want to sleep,i want to sleep,nap,afternoon,hospital
microwave it,microwave it,microwave,afternoon,hospital
hppy birthday,happy birthday,father's birthday,afternoon,hospital
i love gulab jamun,i love gulab jamun,gulab jamun,night,community
gd evening,gd evening,evening,night,community
take me to friendshouse,take me to friend's house,friend's house,evening,restaurant
there is the giraffe,there is the giraffe,giraffe,evening,restaurant
i want cuppa noodles,i want cuppa noodles,cuppa noodles,afternoon,hospital
i want to sleap,i want to sleap,nap,morning,home
i am hungry,i am hungry,snack,afternoon,hospital
i needcable,i needcable,cable,morning,home
i feel cold,i feel cold,jacket,midday,school
give some pickle,give some pickle,pickle,midday,school
i wan a drink,i wan a drink,soda,night,community
i want bhakri,i want bhakri,bhakri,night,community
there isthe skunk,there the skunk,skunk,night,community
i need medicine,i need medicine,syrup,evening,restaurant
happy labourday,happy labour day,labour day,midday,school
i wan to sleep,i wan to sleep,nap,morning,home
i want jackfruit,i want jackfruit,jackfruit,night,community
i want to change my jeans,i want to change my jeans,change jeans,afternoon,hospital
i am thirsty,i am thirsty,juice,evening,restaurant
i am hungry,i am hungry,tiffin,evening,restaurant
there is theknife,there is knife,knife,afternoon,hospital
shallwe go to an restaurant,shall go to an restaurant,restaurant,night,community
i needsome sambhar,i needsome sambhar,sambhar,midday,school
i am feelin warm,i am feeling warm,feeling warm,afternoon,hospital
there is an ant,there is an ant,ant,midday,school
i need some sambhar,i need some sambhar,sambhar,afternoon,hospital
acn you change to previous channel,an you change to previous channel,previous channel,morning,home
i am thirsty,i am thirsty,water,afternoon,hospital
crumbel it,crumble it,crumble,morning,home
i feel pain,i feel pain,clinic,night,community
i wan food,i wan food,dinner,night,community
menu pls,menu pls,menu,evening,restaurant
i want to wear belt,i want to wear belt,belt,afternoon,hospital
thereis the fox,there's the fox,fox,afternoon,hospital
i want some lmn juice,i want some lemon juice,lemon juice,midday,school
i feel sick,i feel sick,i feel sick,midday,school
iwant fish,want fish,fish,morning,home
atke that bowl,take that bowl,bowl,morning,home
i need medicine,i need medicine,tablet,morning,home
i like socce,i like soccer,soccer,night,community
i want food,i want food,tiffin,evening,restaurant
i want shampoo,i want shampoo,shampoo,night,community
draw a slanting line,draw a slanting line,slanting line,afternoon,hospital
i want osme raita,i want some raita,raita,evening,restaurant
give me some fruit,give me some fruit,fruit,afternoon,hospital
give me cooki,give me cookie,cookie,morning,home
i need medicin,i need medicin,syrup,night,community
my hp,my hip,hip,evening,restaurant
this ismy brother,this ismy brother,brother,evening,restaurant
its a dmnd,its a dmnd,diamond,midday,school
there i a mouse,there i a mouse,mouse,morning,home
i need a break,i need a break,i need a break,midday,school
excuse m pls,excuse m pls,excuse me,midday,school
i want my gloves,i want my gloves,gloves,morning,home
i want plum,i want plum,plum,night,community
there s the horse,there s the horse,horse,midday,school
my head,my head,head,midday,school
i want to eat,i want to eat,dinner,night,community
thi is my chappals,this is my chappals,chappals,afternoon,hospital
there is the mu,there is the mug,mug,midday,school
i want to wea watch,i want to wear watch,watch,night,community
i want food,i want food,dinner,night,community
can we paly hide and seek,can we play hide and seek,hide and seek,afternoon,hospital
i am frd,i am fried,afraid,night,community
i need mttn,i need mutton,mutton,afternoon,hospital
give my pillows,give my pillows,pillows,night,community
i wan to sleep,i wan to sleep,sleep,night,community
there is a duck,there is a duck,duck,afternoon,hospital
give e milkshake,give e milkshake,milkshake,morning,home
its spring time,its spring time,spring,evening,restaurant
crumble it,crumble it,crumble,evening,restaurant
giveme fruit punch,give fruit punch,fruit punch,morning,home
i need some chikoo,i need some chikoo,chikoo,night,community
i want bournvita,i want bournvita,bournvita,evening,restaurant
there is the pg,there is the pig,pig,midday,school
i want to changethe slacks,i want to change slacks,change slacks,morning,home
i feel cold,i feel cold,sweater,evening,restaurant
i love chicken,i love chicken,chicken,night,community
can you cut my nails,can you cut my nails,cut nails,morning,home
i want chclt cookie,i want chclt cookie,chocolate cookies,afternoon,hospital
it is my school noteboo,it is my school notebook,school notebook,evening,restaurant
i want breakfast,i want breakfast,breakfast,midday,school
its a crow,its a crow,crow,evening,restaurant
there is thedove,there is thedove,dove,evening,restaurant
i am hungry,i am hungry,breakfast,morning,home
i want a drink,i want a drink,coca-cola,evening,restaurant
i want pizz,i want pizza,pizza,midday,school
giv me pencil,give me pencil,pencil,afternoon,hospital
these are my favourites,these are my favourites,favourites,afternoon,hospital
i want cff,i want cff,coffee,midday,school
give me some pancakes,give me some pancakes,pancakes,morning,home
tis pink,this pink,pink,morning,home
i am thirsty,i am thirsty,soda,night,community
i want to sleep,i want to sleep,sleep,night,community
take thatbook,take thatbook,book,night,community
i want to sleap,i want to sleap,sleep,night,community
how,how,how,midday,school
switch to nxt channel,switch to next channel,next channel,morning,home
i am strssd out,i am stressed out,stressed,morning,home
i want some soup,i want some soup,soup,night,community
i want to eat,i want to eat,lunch,midday,school
i see acrocodile,i see crocodile,crocodile,afternoon,hospital
give me apple juice,give me apple juice,apple juice,night,community
goodevening,good evening,good evening,evening,restaurant
give m pencil,give m pencil,pencil,morning,home
i like to watch rollerskating,i like to watch rollerskating,rollerskating,night,community
i want to sleap,i want to sleap,sleep,night,community
where is the blal pit,where is the ball pit,ball pit,midday,school
i wantblueberry,i blueberry,blueberry,morning,home
i want fud,i want fud,lunch,midday,school
myheart,heart,heart,morning,home
tk that book,tk that book,book,midday,school
i want to change my shorts,i want to change my shorts,change shorts,afternoon,hospital
i want to changethe slacks,i want to change slacks,change slacks,evening,restaurant
its in rctngl in shape,its in rectangle in shape,rectangle,morning,home
i need medicin,i need medicin,syrup,night,community
i want to sleep,i want to sleep,sleep,night,community
there is theknife,there is knife,knife,morning,home
can you keep disatnce while talking,can you keep distance while talking,keep distance while talking,night,community
i am frd,i am fried,afraid,afternoon,hospital
i feel cold,i feel cold,jacket,midday,school
i wan to eat,i wan to eat,breakfast,morning,home
give me apple juiec,give me apple juice,apple juice,evening,restaurant
i like to play chess,i like to play chess,chess,midday,school
i want pineapple juice,i want pineapple juice,pineapple juice,afternoon,hospital
can we paly hide and seek,can we play hide and seek,hide and seek,night,community
how wasyour day,how wasyour day,how was your day,night,community
good morning,good morning,good morning,night,community
i want mashed potatoes,i want mashed potatoes,mashed potatoes,evening,restaurant
i wan food,i wan food,tiffin,evening,restaurant
i wan food,i wan food,breakfast,morning,home
h-fv,h-fv,hi-five,midday,school
i want coca-cola,i want coca-cola,coca-cola,morning,home
help me wiht my shirt,help me with my shirt,shirt,afternoon,hospital
i want pudding,i want pudding,pudding,night,community
i need medicine,i need medicine,syrup,evening,restaurant
its the green light,its the green light,green light- go,morning,home
i want to eat,i want to eat,snack,afternoon,hospital
i wantto change my footwear,i want change my footwear,change footwear,night,community
happy ganesh chaturthi,happy ganesh chaturthi,ganesh chaturthi,evening,restaurant
i want food,i want food,snack,afternoon,hospital
its to cold,its to cold,cold,afternoon,hospital
"""please give me a dosa.""","""please give me a dosa.""",dosa,morning,home
i need some sabmhar,i need some sambhar,sambhar,morning,home
i want to wear salwarkameez,i want to wear salwar kameez,salwar kameez,evening,restaurant
i feel cold,i feel cold,sweater,evening,restaurant
i want to sleep,i want to sleep,nap,midday,school
i feel pain,i feel pain,clinic,night,community
happychristmas,christmas,christmas,midday,school
 need sanitary napkins,need sanitary napkins,sanitary napkins,morning,home
i wan to sleep,i wan to sleep,sleep,night,community
i wan to eat,i wan to eat,dinner,night,community
its a crwo,its a crow,crow,afternoon,hospital
i wnt honey,i want honey,honey,afternoon,hospital
thi is my chappals,this is my chappals,chappals,midday,school
there is the pg,there is the pig,pig,afternoon,hospital
i want pzz,i want pizza,pizza,evening,restaurant
its a cockroach,its a cockroach,cockroach,midday,school
i want food,i want food,lunch,midday,school
itstoo cold,itstoo cold,cold,night,community
i want pizz,i want pizza,pizza,afternoon,hospital
i am thirsty,i am thirsty,water bottle,midday,school
happy birthday,happy birthday,friend's birthday,midday,school
give mesome chutney,give some chutney,chutney,midday,school
i want to wear belt,i want to wear belt,belt,midday,school
there is the english obok,there is the english book,english book,morning,home
can you roast beef,can you roast beef,roast beef,morning,home
shall we play snake & ladder,shall we play snake & ladder,snakes & ladders,evening,restaurant
its my body,its my body,body,morning,home
i wan to eat,i wan to eat,dinner,night,community
i am thirsty,i am thirsty,soda,night,community
i am angry,i am angry,angry,midday,school
i wan food,i wan food,dinner,night,community
i want pnppl,i want pnppl,pineapple,morning,home
switch on the light,switch on the light,light,night,community
its my habi,its my habit,habits,afternoon,hospital
i want a drink,i want a drink,juice,midday,school
i need sanitary napkins,i need sanitary napkins,sanitary napkins,morning,home
i want to sleep,i want to sleep,nap,morning,home
happy labour day,happy labour day,labour day,morning,home
i want food,i want food,breakfast,morning,home
itsmy body,its body,body,midday,school
give me a crayo,give me a crayon,crayon,evening,restaurant
i am sad,i am sad,sad,morning,home
i want a drink,i want a drink,coca-cola,evening,restaurant
make m some french toast,make m some french toast,french toast,evening,restaurant
i want to sleep,i want to sleep,nap,afternoon,hospital
my knee,my knee,knee,morning,home
itsitalian,italian,italian,afternoon,hospital
its acube,its cube,cube,afternoon,hospital
i wan to sleep,i wan to sleep,rest,evening,restaurant
i am afraid,i am afraid,afraid,night,community
i am angry,i am angry,angry,evening,restaurant
tkae me to canteen,take me to canteen,canteen,morning,home
giveorange,orange,orange,night,community
can you hepl me do this,can you hepl me do this,help me do this,afternoon,hospital
it is blue,it is blue,blue,afternoon,hospital
shall we go to a restaurant,shall we go to a restaurant,restaurant,morning,home
its a circle,its a circle,circle,afternoon,hospital
"""please giv me a dosa.""","""please give me a dosa.""",dosa,midday,school
give some pickle,give some pickle,pickle,morning,home
i need some vcd,i need some vcd,avacado,afternoon,hospital
i want somerice,i want somerice,rice,afternoon,hospital
 want to sleep,want to sleep,sleep,evening,restaurant
can you bring my medicine,can you bring my medicine,medicine,evening,restaurant
there s the horse,there s the horse,horse,night,community
i want to sleep,i want to sleep,nap,midday,school
there is m frock,there is m frock,frock,evening,restaurant
i want to go t bed,i want to go t bed,bed,evening,restaurant
i want fud,i want fud,breakfast,morning,home
they are m friends,they are m friends,friends,midday,school
its so golde,its so golden,golden,night,community
how long,how long,how long,evening,restaurant
this s my brother,this s my brother,brother,afternoon,hospital
where ismy raincoat,where ismy raincoat,raincoat,afternoon,hospital
i feel tired,i feel tired,i feel tired,night,community
take me tobalcony,take me balcony,balcony,midday,school
nospitting please,spitting please,no spitting please,night,community
godo night,good night,good night,morning,home
lets go t the mall,lets go t the mall,mall,morning,home
happy ganesh chaturthi,happy ganesh chaturthi,ganesh chaturthi,night,community
draw aslanting line,draw slanting line,slanting line,evening,restaurant
do some salad dressing,do some salad dressing,salad dressing,midday,school
please shr,please shirt,please share,midday,school
give me some food,give me some food,food,morning,home
ts silver,its silver,silver,evening,restaurant
this ismy favorite book,this ismy favorite book,favorite book,morning,home
i want ice cream,i want ice cream,ice cream,night,community
makesome music,awesome music,make music,night,community
dd some masala,add some masala,masala,afternoon,hospital
i feel cold,i feel cold,shawl,afternoon,hospital
i want to sleep,i want to sleep,nap,morning,home
i want my bt,i want my bat,boot,night,community
i feel pain,i feel pain,doctor,afternoon,hospital
i want to sleep,i want to sleep,nap,morning,home
i want t play frisbee,i want t play frisbee,frisbee,morning,home
i like sports,i like sports,sports,night,community
happy labour day,happy labour day,labour day,midday,school
its pnik,its pink,pink,afternoon,hospital
i want to sleep,i want to sleep,rest,evening,restaurant
i want to sleep,i want to sleep,rest,evening,restaurant
take al the books,take dal the books,books,morning,home
giv me some pancakes,give me some pancakes,pancakes,afternoon,hospital
its my osap,its my soap,soap,midday,school
i want to eat,i want to eat,breakfast,morning,home
i feel pain,i feel pain,clinic,night,community
add some chilli flakes,add some chilli flakes,chilli flakes,afternoon,hospital
i wan to eat,i wan to eat,snack,afternoon,hospital
i want a drink,i want a drink,soda,night,community
can youroast beef,can roast beef,roast beef,morning,home
tkae me to gymnastics,take me to gymnastics,gymnastics,morning,home
i wan jalebi,i want jalebi,jalebi,night,community
i wan food,i wan food,tiffin,evening,restaurant
i am thirsty,i am thirsty,water,afternoon,hospital
i want to change,i want to change,change,morning,home
use pape clip,use paper clip,paper clip,midday,school
my stomahc aches,my stomach aches,stomach,night,community
ts an owl,its an owl,owl,afternoon,hospital
i wantblueberry,i blueberry,blueberry,night,community
ther is the lock and key,there is the lock and key,lock and key,morning,home
there is the gaot,there is the goat,goat,midday,school
happy dwl,happy dwl,diwali,night,community
go to the meet shop,go to the meet shop,meat shop,morning,home
give me celairs,give me eclairs,eclairs,midday,school
i wan a drink,i wan a drink,juice,midday,school
happy labour day,happy labour day,labour day,afternoon,hospital
how wasyour day,how wasyour day,how was your day,afternoon,hospital
giv me some curd,give me some curd,curd,afternoon,hospital
 like guava,like guava,guava,evening,restaurant
there isthe skiping rope,there the skiping rope,skipping rope,afternoon,hospital
where is the scssrs,where is the scissors,scissors,midday,school
its my lego,its my legos,legos,morning,home
my fingers,my fingers,fingers,morning,home
my ear,my ear,ears,evening,restaurant
i want to go in bike,i want to go in bike,bike,morning,home
take me to the shop,take me to the shop,shop,afternoon,hospital
happy birthday,happy birthday,father's birthday,midday,school
i want jlaebi,i want jalebi,jalebi,midday,school
its too cold,its too cold,cold,night,community
it?? bat,its bat,bat,night,community
give me bear,give me bear,bear,evening,restaurant
where is th pelican,where is the pelican,pelican,afternoon,hospital
can y change music,can y change music,change music,afternoon,hospital
i need some sabmhar,i need some sambhar,sambhar,midday,school
where is my spectacle,where is my spectacles,spectacles,evening,restaurant
i feel cold,i feel cold,shawl,afternoon,hospital
hv a good day,hv a good day,day,morning,home
i see birds,i see birds,birds,night,community
its a cueb,its a cube,cube,midday,school
i want to eat,i want to eat,tiffin,evening,restaurant
i am hungry,i am hungry,dinner,night,community
i feel cold,i feel cold,sweater,evening,restaurant
i want a drnk,i want a drnk,juice,midday,school
i wnt to watch handball,i want to watch handball,handball,afternoon,hospital
i feel cold,i feel cold,jacket,midday,school
i am hungry,i am hungry,dinner,night,community
i want a drink,i want a drink,juice,midday,school
i need medicine,i need medicine,syrup,night,community
there is a divider,there is a divider,divider,afternoon,hospital
strangers beware!,strangers- beware!,strangers- beware!,night,community
my hat,my hat,hat,afternoon,hospital
i don't undersatnd,i don't understand,i don't understand,night,community
i want a drink,i want a drink,water,morning,home
i want mango juice,i want mango juice,mango juice,evening,restaurant
i want brownie,i want brownie,brownie,evening,restaurant
happy birthday,happy birthday,grandpa's birthday,morning,home
i want to sleep,i want to sleep,rest,evening,restaurant
i want a drink,i want a drink,soda,night,community
i don't undersatnd,i don't understand,i don't understand,evening,restaurant
acn you read this for me,an you read this for me,read,afternoon,hospital
can you play with me,can you play with me,play with me,morning,home
where is my spectacles,where is my spectacles,spectacles,afternoon,hospital
hsall we go to playground,small we go to playground,playground,morning,home
i want brnvt,i want brnvt,bournvita,night,community
my elbow,my elbow,elbow,afternoon,hospital
take me to hospital,take me to hospital,hospital,morning,home
i love mnago,i love mango,mango,evening,restaurant
i wan to sleep,i wan to sleep,sleep,night,community
i wnt to wear shorts,i want to wear shorts,shorts,evening,restaurant
run,run,run,afternoon,hospital
i feel pain,i feel pain,sit,evening,restaurant
ru,run,run,midday,school
i want my gloves,i want my gloves,gloves,afternoon,hospital
iam done eating,am done eating,eating,morning,home
i want some grapes,i want some grapes,grapes,midday,school
gv me a cup,gve me a cup,cup,afternoon,hospital
 want aaloo poori,want aaloo poori,aaloo poori,afternoon,hospital
i have a emergency,i have a emergency,emergency,night,community
i want food,i want food,snack,afternoon,hospital
happy ne year,happy new year,new year,midday,school
tis my body,this my body,body,evening,restaurant
i wantcold coffee,i wantcold coffee,cold coffee,night,community
ther is a divider,there is a divider,divider,midday,school
take my dress,take my dress,dress,night,community
i wan to eat,i wan to eat,dinner,night,community
i need medicin,i need medicin,tablet,midday,school
i want some rotti,i want some rotti,roti,afternoon,hospital
i want cherry,i want cherry,cherry,midday,school
i want to request oyu,i want to request oyu,requests,night,community
thereis a bee,there's a bee,bee,midday,school
lets go in escalato,lets go in escalator,escalator,night,community
shall w play a puzzle,shall w play a puzzle,puzzle,evening,restaurant
i want to go snowboardin,i want to go snowboarding,snowboarding,evening,restaurant
i love mnago,i love mango,mango,morning,home
i wan to sleep,i wan to sleep,rest,evening,restaurant
my ankle aches,my ankle aches,ankle,morning,home
i want food,i want food,tiffin,evening,restaurant
 love chaat,love chaat,chaat,midday,school
tis my birthday,this my birthday,my birthday,evening,restaurant
what i the current time,what i the current time,current time,evening,restaurant
i want to ply seesasw,i want to play seesasw,see-saw,midday,school
i wan food,i wan food,snack,afternoon,hospital
i want to eat,i want to eat,snack,afternoon,hospital
can y comb my hair,can y comb my hair,comb hair,evening,restaurant
i wan ginger ale,i want ginger ale,ginger ale,evening,restaurant
it is 10 rupees,it is 10 rupees,inr 10,morning,home
add somemustard,add mustard,mustard,night,community
i feel cold,i feel cold,coat,night,community
make me banana milkshake,make me banana milkshake,banana milkshake,evening,restaurant
i want sheera,i want sheera,sheera,morning,home
ru,run,run,morning,home
giev me papaya,give me papaya,papaya,midday,school
its asquare,its square,square,evening,restaurant
hsall we go to playground,small we go to playground,playground,afternoon,hospital
its the school bsu,its the school bsu,school bus,evening,restaurant
i want to change my leggins,i want to change my leggins,change leggings,morning,home
i lk chicken wings,i lk chicken wings,chicken wings,evening,restaurant
i feel pain,i feel pain,rest,morning,home
go back,go back,back,morning,home
its abuffalo,its buffalo,buffalo,morning,home
i am hungry,i am hungry,lunch,midday,school
i want to sleep,i want to sleep,nap,midday,school
excuse me pls,excuse me pls,excuse me,morning,home
this is my chappals,this is my chappals,chappals,night,community
i am thirsty,i am thirsty,juice,evening,restaurant
make me sit in sofa,make me sit in sofa,sofa,midday,school
i want a drink,i want a drink,coca-cola,evening,restaurant
give me papay,give me papaya,papaya,morning,home
no pinchin please,no pinching please,no pinching please,morning,home
i am hungry,i am hungry,lunch,midday,school
shall we lpay cards,shall we play cards,playing cards,night,community
there i the eagle,there i the eagle,eagle,midday,school
i want to sleap,i want to sleap,nap,midday,school
i want a drink,i want a drink,water,afternoon,hospital
can you make me some scrambled eggs,can you make me some scrambled eggs,scrambled eggs,midday,school
i am hungry,i am hungry,breakfast,morning,home
myhead,head,head,afternoon,hospital
there is a lion,there is a lion,lion,afternoon,hospital
its a cockroach,its a cockroach,cockroach,night,community
i feel pain,i feel pain,sit,evening,restaurant
i want ice cream,i want ice cream,icecream,morning,home
where is my pants,where is my pants,pants,morning,home
blow my nose,blow my nose,blow nose,evening,restaurant
i want food,i want food,breakfast,morning,home
myhead,head,head,morning,home
i feel cold,i feel cold,sweater,evening,restaurant
good drama,good drama,drama,afternoon,hospital
i need mr time,i need mr time,i need more time,night,community
i want to lpay frisbee,i want to play frisbee,frisbee,afternoon,hospital
i want to watch football,i want to watch football,football,midday,school
i feel cold,i feel cold,sweater,evening,restaurant
i wan a drink,i wan a drink,coca-cola,evening,restaurant
it is my school notebook,it is my school notebook,school notebook,afternoon,hospital
give memaaza,give maaza,maaza,afternoon,hospital
higrandpa,grandpa,grandfather,evening,restaurant
i want cherry,i want cherry,cherry,night,community
m shoulder aches,m shoulder aches,shoulder,midday,school
can y change music,can y change music,change music,night,community
i watn to change my leggins,i what to change my leggins,change leggings,evening,restaurant
i need some cihkoo,i need some chikoo,chikoo,night,community
i wan to eat,i wan to eat,tiffin,evening,restaurant
i want to eat,i want to eat,breakfast,morning,home
i need medicin,i need medicin,syrup,evening,restaurant
there is th lock and key,there is the lock and key,lock and key,afternoon,hospital
beautiful coolrs,beautiful colors,colors,evening,restaurant
be safety,be safety,safety,morning,home
take me to bathroom,take me to bathroom,bathroom,night,community
give some ktchp,give some ketchup,ketchup,afternoon,hospital
giv some pickle,give some pickle,pickle,midday,school
there is an ant,there is an ant,ant,night,community
i wan to sleep,i wan to sleep,nap,morning,home
happy birthday,happy birthday,grandpa's birthday,night,community
where is my rrngs,where is my errings,earrings,morning,home
i wnt smoothie,i want smoothie,smoothie,evening,restaurant
i feel pain,i feel pain,clinic,night,community
i want dnout,i want donut,donut,afternoon,hospital
i am hungry,i am hungry,snack,afternoon,hospital
i am thirsty,i am thirsty,water,afternoon,hospital
 need more time,need more time,i need more time,afternoon,hospital
 like strawberry,like strawberry,strawberry,evening,restaurant
my kn,my kn,knee,morning,home
happy brthdy,happy birthday,brother's birthday,evening,restaurant
can you help m remove clothes,can you help m remove clothes,help remove clothes,afternoon,hospital
strngr,stranger,stranger,evening,restaurant
com lets dance,come lets dance,lets dance,night,community
i want to wear shrots,i want to wear shorts,shorts,morning,home
give mesome dips,give some dips,dips,night,community
i feel pain,i feel pain,clinic,night,community
its the elephant,its the elephant,elephant,afternoon,hospital
ts purple,its purple,purple,night,community
can you hel me remove clothes,can you hepl me remove clothes,help remove clothes,night,community
i wan to sleep,i wan to sleep,rest,evening,restaurant
i m all done,i m all done,i am all done,midday,school
can we plya indoor games,can we play indoor games,indoor games,afternoon,hospital
i wnat to change my frock,i what to change my frock,change frock,afternoon,hospital
i need more time,i need more time,i need more time,evening,restaurant
there s my frock,there s my frock,frock,evening,restaurant
can yo make me some scrambled eggs,can you make me some scrambled eggs,scrambled eggs,morning,home
i want shampoo,i want shampoo,shampoo,afternoon,hospital
it is black,it is black,black,midday,school
give me paint,give me paint,paint,night,community
goodevening,good evening,evening,afternoon,hospital
i seebirds,i birds,birds,night,community
there is the pig,there is the pig,pig,midday,school
giv me a granola bar,give me a granola bar,granola bar,morning,home
pu bandage,put bandage,bandage,night,community
i feel pain,i feel pain,doctor,afternoon,hospital
there is a monkey,there is a monkey,monkey,morning,home
i feel pain,i feel pain,sit,evening,restaurant
my mouth,my mouth,mouth,morning,home
i wan to sleep,i wan to sleep,sleep,night,community
i want fud,i want fud,dinner,night,community
i feel cold,i feel cold,blanket,morning,home
i want food,i want food,tiffin,evening,restaurant
i want t watch football,i want t watch football,football,night,community
give me bread,give me bread,bread,night,community
there is my frock,there is my frock,frock,evening,restaurant
it snowy,it snowy,snowy,night,community
microwave it,microwave it,microwave,midday,school
i wan food,i wan food,snack,afternoon,hospital
take all the books,take all the books,books,evening,restaurant
its red,its red,red,midday,school
mymouth,mouth,mouth,midday,school
ho much is it,how much is it,how much,night,community
take me to food court,take me to food court,food court,evening,restaurant
i want a drink,i want a drink,water,afternoon,hospital
i amin pain,i pain pain,i am in pain,morning,home
i want to change myt-shirt,i want to change t-shirt,change t-shirt,night,community
i want to ride bicycle,i want to ride bicycle,bicycle,morning,home
makeme sit in sofa,make sit in sofa,sofa,afternoon,hospital
put my body vest,put my body vest,body vests,night,community
"""please give me  dosa.""","""please give me dosa.""",dosa,evening,restaurant
there is an ant,there is an ant,ant,afternoon,hospital
i need some vcd,i need some vcd,avacado,evening,restaurant
ineed cold drinks,need cold drinks,cold drinks,night,community
i need cmptr,i need computer,computer,evening,restaurant
i want a drink,i want a drink,coca-cola,evening,restaurant
i want fud,i want fud,tiffin,evening,restaurant
i wan a drink,i wan a drink,soda,night,community
ths is my chappals,this is my chappals,chappals,night,community
"""gvie me water.""","""give me water.""",water,afternoon,hospital
i want a drink,i want a drink,juice,midday,school
give me salda,give me salsa,fruit salad,midday,school
 want to play scrabble,want to play scrabble,scrabble,evening,restaurant
i want food,i want food,snack,afternoon,hospital
give me flavoured milk,give me flavoured milk,flavoured milk,morning,home
its a dmnd,its a dmnd,diamond,evening,restaurant
i want t play with friend,i want t play with friend,play with friend,morning,home
i want to eat,i want to eat,tiffin,evening,restaurant
is this the standing line,is this the standing line,standing line,afternoon,hospital
go to the meetshop,go to the meat shop,meat shop,evening,restaurant
my mouth,my mouth,mouth,afternoon,hospital
i want to drw,i want to draw,draw,afternoon,hospital
i want manog milkshake,i want mango milkshake,mango milkshake,night,community
my neck,my neck,neck,evening,restaurant
i want a drink,i want a drink,water,morning,home
i a all done,i a all done,i am all done,morning,home
i want to eat,i want to eat,tiffin,evening,restaurant
i am thirsty,i am thirsty,water,morning,home
i want to change my footwear,i want to change my footwear,change footwear,morning,home
tell me a story,tell me a story,bed time story book,midday,school
siwtch on the air conditioner,switch on the air conditioner,air conditioner,morning,home
thr's the penguin,there's the penguin,penguin,afternoon,hospital
its awesome,its awesome,awesome!,night,community
 need sanitary napkins,need sanitary napkins,sanitary napkins,afternoon,hospital
i wan to eat,i wan to eat,snack,afternoon,hospital
i am thirsty,i am thirsty,water,afternoon,hospital
good evening,good evening,evening,afternoon,hospital
greatjob,great job!!!,great job!!!,midday,school
"""please giv me a dosa.""","""please give me a dosa.""",dosa,afternoon,hospital
there s the picture book,there s the picture book,picture book,evening,restaurant
i like abrfi,i like barfi,barfi,evening,restaurant
take me to relatives house,take me to relatives house,relative's house,evening,restaurant
no inappropriate touch pleas,no inappropriate touch please,no inappropriate touch please,afternoon,hospital
hwo do you do,hwo do you do,how do you do,afternoon,hospital
itsspring time,spring time,spring,afternoon,hospital
i wnat my jacket,i what my jacket,jacket,morning,home
itssilver,silver,silver,afternoon,hospital
mk some porridge,mk some porridge,porridge,midday,school
i haveallergy,i allergy,allergy,midday,school
take my drawnig book,take my drawing book,drawing book,afternoon,hospital
i feel cold,i feel cold,blanket,morning,home
i feel cold,i feel cold,coat,night,community
i am hungry,i am hungry,tiffin,evening,restaurant
i want my jacket,i want my jacket,jacket,afternoon,hospital
i am hungry,i am hungry,tiffin,evening,restaurant
give me some pancakes,give me some pancakes,pancakes,evening,restaurant
omelette pls,omelette pls,omelette,night,community
take me t canteen,take me t canteen,canteen,morning,home
give me brea,give me break,bread,morning,home
add more sause,add more sause,sauce,afternoon,hospital
hwere is the pencil lead,here is the pencil lead,pencil lead,evening,restaurant
i want blueberry,i want blueberry,blueberry,night,community
i seebirds,i birds,birds,midday,school
i want to chang my t-shirt,i want to change my t-shirt,change t-shirt,morning,home
i am hungry,i am hungry,lunch,midday,school
add smoe chilli,add some chilli,chilli,morning,home
i am thirsty,i am thirsty,water,afternoon,hospital
happy halloween,happy halloween,halloween,afternoon,hospital
no hitting please,no hitting please,no hitting please,night,community
"""give mewater.""","""give water.""",water,night,community
i feel pain,i feel pain,sit,evening,restaurant
i want fud,i want fud,snack,afternoon,hospital
i liketo play chess,i like play chess,chess,evening,restaurant
give me some eggs,give me some eggs,eggs,night,community
i watn to go to bed,i what to go to bed,bed,midday,school
itsa snake,its snake,snake,afternoon,hospital
helol,hello,hello,midday,school
hw,how,how,night,community
give my pillows,give my pillows,pillows,evening,restaurant
addsome butter,addsome butter,butter,midday,school
i feel pain,i feel pain,clinic,night,community
i have flngs,i have feelings,feelings,evening,restaurant
i feel cold,i feel cold,sweater,evening,restaurant
i wnt to wear watch,i want to wear watch,watch,afternoon,hospital
 need more time,need more time,i need more time,evening,restaurant
gv me paint,gve me paint,paint,morning,home
i want fud,i want fud,snack,afternoon,hospital
i lv sausage,i lv sausage,sausage,evening,restaurant
ho many,how many,how many,night,community
plaese,please,please,night,community
i wantstapler,i stapler,stapler,afternoon,hospital
give mesome chutney,give some chutney,chutney,morning,home
i am sa,i am sad,sad,midday,school
this is my cousin,this is my cousin,cousin,morning,home
i am hungry,i am hungry,snack,afternoon,hospital
i am hungry,i am hungry,breakfast,morning,home
i need medicine,i need medicine,capsule,afternoon,hospital
i am hungry,i am hungry,snack,afternoon,hospital
i love cheese sticks,i love cheese sticks,cheese sticks,afternoon,hospital
give me some foo,give me some food,food,afternoon,hospital
i wnt to change my socks,i want to change my socks,change socks,night,community
'm irritated,i'm irritated,irritated,night,community
i want to do some exercise,i want to do some exercise,exercises,night,community
i awnt some snacks,i ant some snacks,snacks,night,community
i want t play scrabble,i want t play scrabble,scrabble,morning,home
can you roast beef,can you roast beef,roast beef,evening,restaurant
happybirthday,birthday,birthdays,midday,school
i wan a drink,i wan a drink,juice,midday,school
"""please give me a dosa.""","""please give me a dosa.""",kabab,midday,school
it is 500 rupee,it is 500 rupees,inr 500,afternoon,hospital
this is my brother,this is my brother,brother,midday,school
blow my ns,blow my ns,blow nose,evening,restaurant
i wan a drink,i wan a drink,coca-cola,evening,restaurant
iwant coca-cola,want coca-cola,coca-cola,evening,restaurant
my hip,my hip,hip,evening,restaurant
i wan to eat,i wan to eat,breakfast,morning,home
i want to watch cricket,i want to watch cricket,cricket,afternoon,hospital
i am thirsty,i am thirsty,soda,night,community
i want fud,i want fud,tiffin,evening,restaurant
i want to sleap,i want to sleap,rest,evening,restaurant
i need medicine,i need medicine,tablet,morning,home
i wan to sleep,i wan to sleep,nap,morning,home
happ birthday,happy birthday,brother's birthday,morning,home
canyou repeat that question,canyou repeat that question,questions,afternoon,hospital
there is thesheep,there is these,sheep,night,community
iam amazed,am amazed,amazed,evening,restaurant
i want to eat,i want to eat,tiffin,evening,restaurant
there is the sheep,there is the sheep,sheep,midday,school
give mebear,give bear,bear,midday,school
can you hepl me do this,can you hepl me do this,help me do this,evening,restaurant
where i my pants,where i my pants,pants,evening,restaurant
its in ou living room,its in you living room,living room,midday,school
its a cucko,its a cuckoo,cuckoo,afternoon,hospital
i want a drink,i want a drink,water,afternoon,hospital
put bandage,put bandage,bandage,afternoon,hospital
is htis the standing line,is this the standing line,standing line,midday,school
i want somepear,i want somepear,pear,evening,restaurant
there is th dove,there is the dove,dove,afternoon,hospital
i want a soft toy,i want a soft toy,soft toy,afternoon,hospital
i want to eat,i want to eat,snack,afternoon,hospital
ths hurts,this hurts,hurt,night,community
happy birthda,happy birthday,grandpa's birthday,midday,school
thr are some blocks,there are some blocks,blocks,afternoon,hospital
i want to wear socks,i want to wear socks,socks,afternoon,hospital
this i my house,this i my house,my house,midday,school
give some piclke,give some pickle,pickle,midday,school
i want to sleep,i want to sleep,nap,morning,home
there is a biosn,there is a bison,bison,midday,school
i wantto change my footwear,i want change my footwear,change footwear,morning,home
i lovesausage,i sausage,sausage,afternoon,hospital
hi-five,hi-five,hi-five,afternoon,hospital
ilove khichidi,love khichidi,khichdi,evening,restaurant
 want to play frisbee,want to play frisbee,frisbee,evening,restaurant
i want to wear salwarkameez,i want to wear salwar kameez,salwar kameez,afternoon,hospital
i want to sleap,i want to sleap,nap,midday,school
i want to sleep,i want to sleep,rest,evening,restaurant
i have a bde time routine,i have a be time routine,bed time routine,midday,school
there s my frock,there s my frock,frock,night,community
i want fud,i want fud,lunch,midday,school
where is th muffin,where is the muffin,muffin,night,community
i want a drink,i want a drink,juice,midday,school
i want food,i want food,tiffin,evening,restaurant
i see the cwo,i see the cwo,cow,midday,school
i ilke bracelet,i milk bracelet,bracelet,evening,restaurant
i want a raost pork,i want a roast pork,roast pork,evening,restaurant
give m fork,give m fork,fork,midday,school
where s the scissors,where s the scissors,scissors,evening,restaurant
lets g to fruit shop,lets g to fruit shop,fruit shop,afternoon,hospital
i feel pain,i feel pain,sit,evening,restaurant
i want food,i want food,snack,afternoon,hospital
where is the scssrs,where is the scissors,scissors,afternoon,hospital
tis a snake,this a snake,snake,midday,school
 love chaat,love chaat,chaat,afternoon,hospital
iam bored,am bored,bored,midday,school
mk me a protien shake,mk me a protien shake,protien shake,night,community
siwtch on the air conditioner,switch on the air conditioner,air conditioner,evening,restaurant
i am sa,i am sad,sad,afternoon,hospital
i want pizz,i want pizza,pizza,night,community
can we lpay indoor games,can we play indoor games,indoor games,midday,school
helol,hello,hello,afternoon,hospital
i need achalk,i need chalk,chalk,afternoon,hospital
i want a drink,i want a drink,soda,night,community
my hair,my hair,hair,evening,restaurant
i haveallergy,i allergy,allergy,morning,home
thi is brown,this is brown,brown,morning,home
i wantpudding,i pudding,pudding,midday,school
makeme sit in sofa,make sit in sofa,sofa,morning,home
i fee tired,i feel tired,i feel tired,night,community
i need medicin,i need medicin,syrup,evening,restaurant
i want a drink,i want a drink,soda,night,community
n talking while eating please!,n talking while eating please!,no talking while eating please!,morning,home
i want fud,i want fud,lunch,midday,school
crumbl it,crumble it,crumble,afternoon,hospital
takeme to hospital,take to hospital,hospital,midday,school
i was pinche,i was pinched,i was pinched,evening,restaurant
i am hungry,i am hungry,lunch,midday,school
iam happy,am happy,happy,midday,school
i want to request yuo,i want to request yuo,requests,evening,restaurant
i want to ride bicycle,i want to ride bicycle,bicycle,night,community
these are my favourites,these are my favourites,favourites,night,community
ther is a divider,there is a divider,divider,night,community
crumbel it,crumble it,crumble,night,community
where is my raincoat,where is my raincoat,raincoat,afternoon,hospital
i wnt to change my frock,i want to change my frock,change frock,morning,home
noodle pls,noodles pls,noodles,afternoon,hospital
i am thirsty,i am thirsty,soda,night,community
i lk to play chess,i lk to play chess,chess,midday,school
give me some biscui,give me some biscuit,biscuits,afternoon,hospital
i wnt to change my socks,i want to change my socks,change socks,afternoon,hospital
i want mashed potatoes,i want mashed potatoes,mashed potatoes,midday,school
i want a drink,i want a drink,soda,night,community
its a buffal,its a buffalo,buffalo,afternoon,hospital
i loev mango,i love mango,mango,midday,school
good friday,good friday,good friday,night,community
i want to sleap,i want to sleap,rest,evening,restaurant
its a rainy day,its a rainy day,rainy,afternoon,hospital
give m fish and chips,give m fish and chips,fish and chips,night,community
its th green light,its the green light,green light- go,night,community
i want a drnk,i want a drnk,water,afternoon,hospital
there s my frock,there s my frock,frock,morning,home
where is my spectacles,where is my spectacles,spectacles,evening,restaurant
whatis the current season,what the current season,current season,night,community
give me papay,give me papaya,papaya,midday,school
give my pillows,give my pillows,pillows,morning,home
its italian,its italian,italian,midday,school
i am thirsty,i am thirsty,water,afternoon,hospital
i wan hamburger,i want hamburger,hamburger,afternoon,hospital
i want food,i want food,breakfast,morning,home
how are you,how are you,how are you,afternoon,hospital
shall we play a puzzle,shall we play a puzzle,puzzle,afternoon,hospital
its the green light,its the green light,green light- go,evening,restaurant
i want myscarf,i want scarf,scarf,evening,restaurant
my neck,my neck,neck,afternoon,hospital
i want to see nurse,i want to see nurse,nurse,evening,restaurant
its a crow,its a crow,crow,night,community
i want to change,i want to change,change,afternoon,hospital
i am hungry,i am hungry,snack,afternoon,hospital
take me to bedroo,take me to bedroom,bedroom,night,community
i wan to eat,i wan to eat,breakfast,morning,home
its on the edsk,its on the desk,desk,afternoon,hospital
where is the pencil lead,where is the pencil lead,pencil lead,evening,restaurant
i want cff,i want cff,coffee,evening,restaurant
no talking whil eating please!,no talking while eating please!,no talking while eating please!,afternoon,hospital
i feel pain,i feel pain,clinic,night,community
i wnt to wear shorts,i want to wear shorts,shorts,night,community
good frdy,good friday,good friday,afternoon,hospital
i need medicine,i need medicine,tablet,morning,home
i wan miranda,i want miranda,mirinda,night,community
i want a drink,i want a drink,soda,night,community
i need medicin,i need medicin,syrup,night,community
i want shampoo,i want shampoo,shampoo,evening,restaurant
shall weplay a puzzle,shall play a puzzle,puzzle,night,community
i want to sleap,i want to sleap,nap,midday,school
put my body vest,put my body vest,body vests,midday,school
catch-cathc,catch-catch,catch-catch,midday,school
i want to request oyu,i want to request oyu,requests,evening,restaurant
i want food,i want food,dinner,night,community
give me apple juice,give me apple juice,apple juice,morning,home
i wan a drink,i wan a drink,soda,night,community
take my drawing book,take my drawing book,drawing book,midday,school
i need medicin,i need medicin,tablet,morning,home
my shoulder aches,my shoulder aches,shoulder,night,community
rosogulla is s tasty,rosogulla is s tasty,rosogulla,afternoon,hospital
can y cut my nails,can y cut my nails,cut nails,afternoon,hospital
i want to chang my t-shirt,i want to change my t-shirt,change t-shirt,night,community
gvie me fork,gve me fork,fork,night,community
i want a drnk,i want a drnk,water,afternoon,hospital
i awnt honey,i ant honey,honey,evening,restaurant
its an wl,its an owl,owl,midday,school
i want food,i want food,tiffin,evening,restaurant
i want a soft ty,i want a soft toy,soft toy,afternoon,hospital
i wnt hot chocolate,i want hot chocolate,hot chocolate,night,community
its snwoy,its snowy,snowy,midday,school
there is a divdier,there is a divider,divider,morning,home
take me to stffrm,take me to staffroom,staffroom,evening,restaurant
i want otameal,i want oatmeal,oatmeal,afternoon,hospital
no pickin nose please,no picking nose please,no picking nose please,midday,school
mosquit bites,mosquito bites,mosquito,afternoon,hospital
where i my pants,where i my pants,pants,midday,school
grnd it,grind it,grinder,morning,home
hello aunty,hello aunty,aunt,night,community
i have feelings,i have feelings,feelings,afternoon,hospital
i want to sleep,i want to sleep,nap,afternoon,hospital
i wnat coca-cola,i what coca-cola,coca-cola,evening,restaurant
i love bowling,i love bowling,bowling,evening,restaurant
i want a roast pork,i want a roast pork,roast pork,morning,home
i want smoothie,i want smoothie,smoothie,midday,school
its my habit,its my habit,habits,night,community
i wnat to bathe,i what to bathe,bathing,afternoon,hospital
omelette psl,omelette psl,omelette,afternoon,hospital
its ver hazards,its very hazards,hazards,morning,home
shall we go t playground,shall we go t playground,playground,afternoon,hospital
i wan to sleep,i wan to sleep,sleep,night,community
i wnt honey,i want honey,honey,midday,school
happy birthday,happy birthday,birthdays,morning,home
take me to canteen,take me to canteen,canteen,afternoon,hospital
happybirthday,birthday,father's birthday,afternoon,hospital
it is 500rupees,it is rupees,inr 500,night,community
i wan to eat,i wan to eat,snack,afternoon,hospital
i want food,i want food,dinner,night,community
i have feelings,i have feelings,feelings,evening,restaurant
i feel cold,i feel cold,jacket,midday,school
i wan a drink,i wan a drink,soda,night,community
i want to sleep,i want to sleep,nap,morning,home
i like cheese,i like cheese,cheese,afternoon,hospital
i want fud,i want fud,tiffin,evening,restaurant
noodle pls,noodles pls,noodles,morning,home
i wan food,i wan food,tiffin,evening,restaurant
i wan to sleep,i wan to sleep,nap,morning,home
buy me a mountain dw,buy me a mountain dew,mountain dew,night,community
give me celairs,give me eclairs,eclairs,afternoon,hospital
where i the pencil lead,where i the pencil lead,pencil lead,evening,restaurant
i wan miranda,i want miranda,mirinda,afternoon,hospital
take my drawin book,take my drawing book,drawing book,evening,restaurant
i need medicine,i need medicine,tablet,morning,home
mosquito bites,mosquito bites,mosquito,afternoon,hospital
this is my caregiver,this is my caregiver,caregiver,evening,restaurant
i wnt to wear watch,i want to wear watch,watch,midday,school
i see the cwo,i see the cwo,cow,evening,restaurant
its teh dolphin,its teeth dolphin,dolphin,morning,home
i is 100 rupees,i is 100 rupees,inr 100,night,community
i wan a drink,i wan a drink,juice,midday,school
sit in chair,sit in chair,chair,afternoon,hospital
add osme chilli,add some chilli,chilli,midday,school
i am hungry,i am hungry,breakfast,morning,home
i want to sleep,i want to sleep,sleep,night,community
g to the meet shop,g to the meet shop,meat shop,night,community
i need some chikoo,i need some chikoo,chikoo,evening,restaurant
i want pei,i want pepsi,pie,afternoon,hospital
gv me some chutney,gve me some chutney,chutney,midday,school
gv me flavoured milk,gve me flavoured milk,flavoured milk,night,community
i want food,i want food,lunch,midday,school
i wa pushed,i want pushed,i was pushed,midday,school
i want t watch handball,i want t watch handball,handball,midday,school
tell me a stor,tell me a story,bed time story book,afternoon,hospital
there is a mouse,there is a mouse,mouse,afternoon,hospital
i want a drink,i want a drink,juice,midday,school
giveme an eraser,give an eraser,eraser,afternoon,hospital
lets go to funzone,lets go to fun zone,fun zone,evening,restaurant
i want to sleep,i want to sleep,nap,morning,home
it snowy,it snowy,snowy,midday,school
iwant fish,want fish,fish,night,community
come letsdance,come lets dance,lets dance,night,community
take my dress,take my dress,dress,evening,restaurant
add some butter,add some butter,butter,evening,restaurant
i want to eat,i want to eat,lunch,midday,school
i want ginger ale,i want ginger ale,ginger ale,afternoon,hospital
i want to sleep,i want to sleep,sleep,night,community
i ws pinched,i was pinched,i was pinched,afternoon,hospital
i am hungry,i am hungry,lunch,midday,school
i wantorange juice,i orange juice,orange juice,afternoon,hospital
i want to eat,i want to eat,breakfast,morning,home
i want dalkhichidi,i want dal khichdi,dal khichdi,afternoon,hospital
i feel pain,i feel pain,nurse,midday,school
nospitting please,spitting please,no spitting please,midday,school
i need medicine,i need medicine,tablet,midday,school
my mouth,my mouth,mouth,evening,restaurant
i want jlaebi,i want jalebi,jalebi,night,community
i wantpineapple,i pineapple,pineapple,afternoon,hospital
mk me a protien shake,mk me a protien shake,protien shake,afternoon,hospital
its my body,its my body,body,afternoon,hospital
there is a monkey,there is a monkey,monkey,evening,restaurant
there are some garbage in teh bin,there are some garbage in teeth bin,garbage in the bin,midday,school
i want to eat,i want to eat,lunch,midday,school
i wan to eat,i wan to eat,dinner,night,community
i am thirsty,i am thirsty,water,morning,home
i feel pain,i feel pain,sit,evening,restaurant
i??ts a circle,its a circle,circle,midday,school
be safet,be safety,safety,night,community
this is my father,this is my father,father,midday,school
its a cueb,its a cube,cube,evening,restaurant
happy newyear,happy new year,new year,evening,restaurant
i feel cold,i feel cold,jacket,midday,school
i feel pain,i feel pain,clinic,night,community
ltes go in escalator,lets go in escalator,escalator,afternoon,hospital
i feel pain,i feel pain,nurse,midday,school
i want jackfruit,i want jackfruit,jackfruit,evening,restaurant
i wnt honey,i want honey,honey,evening,restaurant
i like strawberry,i like strawberry,strawberry,morning,home
its teh dolphin,its teeth dolphin,dolphin,night,community
there is a bsn,there is a bison,bison,afternoon,hospital
ther is the mug,there is the mug,mug,midday,school
i want smth,i want smth,smoothie,afternoon,hospital
it is 200 rupees,it is 200 rupees,inr 200,night,community
i want some grapes,i want some grapes,grapes,morning,home
i want to lpay frisbee,i want to play frisbee,frisbee,night,community
i want to sleap,i want to sleap,rest,evening,restaurant
i like t watch rollerskating,i like t watch rollerskating,rollerskating,midday,school
there is the lamp,there is the lamp,lamp,morning,home
lets go to grocery sho,lets go to grocery show,grocery shop,afternoon,hospital
i feel pain,i feel pain,rest,morning,home
i amsorry,i sorry,i am sorry,midday,school
i wan a drink,i wan a drink,juice,midday,school
i want to play ipad games,i want to play ipad games,ipad games,afternoon,hospital
its ver hazards,its very hazards,hazards,night,community
i want to eat,i want to eat,dinner,night,community
lets go to fruit shop,lets go to fruit shop,fruit shop,midday,school
give m coloured paper,give m coloured paper,coloured paper,midday,school
itsspring time,spring time,spring,night,community
i want a drink,i want a drink,coca-cola,evening,restaurant
it inside the fridge,it inside the fridge,fridge,night,community
"""give mewater.""","""give water.""",water,midday,school
gooddrama,gooddrama,drama,night,community
i like abrfi,i like barfi,barfi,afternoon,hospital
i am sick,i am sick,sick,afternoon,hospital
its my habit,its my habit,habits,evening,restaurant
take the bat andball,take the bat handball,bat and ball,afternoon,hospital
give soem ketchup,give some ketchup,ketchup,midday,school
i like chees,i like cheese,cheese,midday,school
i wan apple,i want apple,apple,morning,home
my heart,my heart,heart,night,community
i want to go snowboardin,i want to go snowboarding,snowboarding,morning,home
itsbat,itsbat,bat,afternoon,hospital
tis a square,this a square,square,evening,restaurant
i is black,i is black,black,afternoon,hospital
its ver hazards,its very hazards,hazards,evening,restaurant
i want to eat,i want to eat,snack,afternoon,hospital
i wnt to watch handball,i want to watch handball,handball,evening,restaurant
this is my brother,this is my brother,brother,morning,home
i want jlaebi,i want jalebi,jalebi,afternoon,hospital
make some musi,make some music,make music,afternoon,hospital
lets go to clothes shop,lets go to clothes shop,clothes shop,afternoon,hospital
my eyes,my eyes,eyes,afternoon,hospital
i want hard boiled ggs,i want hard boiled eggs,hard boiled eggs,night,community
its adiamond,its diamond,diamond,night,community
i want ginger ale,i want ginger ale,ginger ale,midday,school
i want to watch foobtall,i want to watch football,football,morning,home
n talking while eating please!,n talking while eating please!,no talking while eating please!,night,community
i want hard boiled ggs,i want hard boiled eggs,hard boiled eggs,evening,restaurant
switch on the air conditioner,switch on the air conditioner,air conditioner,morning,home
there is a mouse,there is a mouse,mouse,night,community
i want paple,i want paper,apple,midday,school
help me wiht my shirt,help me with my shirt,shirt,evening,restaurant
its cloudy,its cloudy,cloudy,morning,home
i want ikwi,i want kiwi,kiwi,evening,restaurant
my eyes,my eyes,eyes,evening,restaurant
no pinching please,no pinching please,no pinching please,midday,school
this is brown,this is brown,brown,afternoon,hospital
i love bowling,i love bowling,bowling,afternoon,hospital
i wanta soft toy,i want soft toy,soft toy,evening,restaurant
help me with my shirt,help me with my shirt,shirt,midday,school
i want a drnk,i want a drnk,juice,midday,school
i want to play with friend,i want to play with friend,play with friend,afternoon,hospital
its very hazards,its very hazards,hazards,night,community
i need medicin,i need medicin,tablet,midday,school
i wantpudding,i pudding,pudding,afternoon,hospital
my ear,my ear,ears,morning,home
i want fruit plttr,i want fruit platter,fruit platter,morning,home
i wan to sleep,i wan to sleep,rest,evening,restaurant
can w go to ice hockey,can w go to ice hockey,ice hockey,morning,home
where is the scl,where is the scale,scale,morning,home
give mesome chutney,give some chutney,chutney,night,community
my mouth,my mouth,mouth,midday,school
i feel cold,i feel cold,blanket,morning,home
add more sause,add more sause,sauce,afternoon,hospital
can you mk me poached eggs,can you mk me poached eggs,poached eggs,night,community
takeall the books,takeall the books,books,afternoon,hospital
its a diamond,its a diamond,diamond,midday,school
its cloudy,its cloudy,cloudy,afternoon,hospital
i am thirsty,i am thirsty,soda,night,community
i??ts a circle,its a circle,circle,morning,home
give osme ketchup,give some ketchup,ketchup,morning,home
its in our living rm,its in our living rm,living room,afternoon,hospital
quie please,quiet please,quiet please!,afternoon,hospital
i want a drink,i want a drink,water,afternoon,hospital
i was scolded,i was scolded,i was scolded,morning,home
where is the muffin,where is the muffin,muffin,afternoon,hospital
i feel cold,i feel cold,sweater,evening,restaurant
i need medicin,i need medicin,tablet,morning,home
switch to nxt channel,switch to next channel,next channel,midday,school
itsa cat,its cat,cat,morning,home
i wan to eat,i wan to eat,snack,afternoon,hospital
com lets dance,come lets dance,lets dance,evening,restaurant
catch-catc,catch-catch,catch-catch,morning,home
happydiwali,happydiwali,diwali,night,community
i want odsa,i want soda,dosa,morning,home
i want to eat,i want to eat,snack,afternoon,hospital
i am hungry,i am hungry,lunch,midday,school
n pinching please,n pinching please,no pinching please,night,community
where is my errings,where is my errings,earrings,afternoon,hospital
i want a drnk,i want a drnk,water,morning,home
i need medicin,i need medicin,syrup,evening,restaurant
no bitingplease,no no biting please,no biting please,morning,home
i am thirsty,i am thirsty,water bottle,midday,school
i was pushe,i was pushed,i was pushed,morning,home
i wantmedu wada,i wantmedu wada,medu wada,afternoon,hospital
tkae me to canteen,take me to canteen,canteen,midday,school
i want ice cream,i want ice cream,icecream,night,community
i wan to sleep,i wan to sleep,nap,morning,home
give me banana,give me banana,banana,evening,restaurant
i feel cold,i feel cold,shawl,afternoon,hospital
i want to request oyu,i want to request oyu,requests,afternoon,hospital
i feel cold,i feel cold,jacket,midday,school
i feel cold,i feel cold,shawl,afternoon,hospital
i want to chang my footwear,i want to change my footwear,change footwear,midday,school
switch to nxt channel,switch to next channel,next channel,night,community
have agood day,have good day,day,afternoon,hospital
i wan food,i wan food,breakfast,morning,home
there is the skunk,there is the skunk,skunk,evening,restaurant
i want to change my ksirts,i want to change my skirts,change skirt,evening,restaurant
its thedolphin,its dolphin,dolphin,morning,home
microwave t,microwave t,microwave,morning,home
it a sparrow,it a sparrow,sparrow,afternoon,hospital
shall we go to a restaurant,shall we go to a restaurant,restaurant,evening,restaurant
lets go to fun zone,lets go to fun zone,fun zone,night,community
it?? bat,its bat,bat,morning,home
add som salt,add some salt,salt,afternoon,hospital
i want to change my shorts,i want to change my shorts,change shorts,midday,school
i want to lpay with friend,i want to play with friend,play with friend,morning,home
happy holi,happy holi,holi,morning,home
there is a duck,there is a duck,duck,morning,home
gv some pickle,gve some pickle,pickle,night,community
i wan to eat,i wan to eat,dinner,night,community
i wan to sleep,i wan to sleep,nap,morning,home
give me something to drink,give me something to drink,drinks,morning,home
i wan a drink,i wan a drink,water,morning,home
its my sopa,its my stop,soap,midday,school
happy ied,happy tired,eid,midday,school
there is the pegion,there is the pegion,pigeon,morning,home
be safety,be safety,safety,night,community
no picking onse please,no picking zone please,no picking nose please,afternoon,hospital
strngr,stranger,stranger,afternoon,hospital
there is the picture book,there is the picture book,picture book,afternoon,hospital
i love racquetsports,i love racquet sports,racquet sports,morning,home
there is the pig,there is the pig,pig,morning,home
i want to draw,i want to draw,draw,morning,home
please tell me again,please tell me again,please tell me again,afternoon,hospital
give me some biscui,give me some biscuit,biscuits,night,community
giv me some milk,give me some milk,milk,midday,school
no hnads in underpants,no hands in underpants,no hands in underpants,evening,restaurant
i want pi,i want pit,pie,midday,school
pleasetake me,please take me me,please take me,afternoon,hospital
ahppy birthday,happy birthday,grandma's birthday,morning,home
i want a drink,i want a drink,soda,night,community
i need medicin,i need medicin,syrup,night,community
there is a monkey,there is a monkey,monkey,morning,home
i wan food,i wan food,breakfast,morning,home
grea job,great job,great job!!!,morning,home
happy brthdy,happy birthday,grandma's birthday,midday,school
it is 500rupees,it is rupees,inr 500,midday,school
give me some jam,give me some jam,jam,afternoon,hospital
give me appel juice,give me apple juice,apple juice,night,community
there is a duck,there is a duck,duck,evening,restaurant
drawa slanting line,draw slanting line,slanting line,afternoon,hospital
i feel cold,i feel cold,coat,night,community
canyou seal it,canyou seal it,seal,evening,restaurant
giveme gajarhalwa,give gajarhalwa,gajarhalwa,morning,home
i want shampoo,i want shampoo,shampoo,midday,school
i want to eat,i want to eat,snack,afternoon,hospital
ahppy christmas,happy christmas,christmas,evening,restaurant
i need medicine,i need medicine,syrup,night,community
give me some chutney,give me some chutney,chutney,evening,restaurant
i feel pain,i feel pain,doctor,afternoon,hospital
i want to sleep,i want to sleep,sleep,night,community
can you amke a sandwich for me,can you take a sandwich for me,sandwich,midday,school
give me acake slice,give me cake slice,cake slice,night,community
i need hel,i need hepl,i need help,morning,home
have agood day,have good day,day,night,community
i feel cold,i feel cold,sweater,evening,restaurant
ltes go in escalator,lets go in escalator,escalator,evening,restaurant
i wan a drink,i wan a drink,juice,midday,school
can you keep distance while tlkng,can you keep distance while talking,keep distance while talking,morning,home
thsi is my cousin,this is my cousin,cousin,midday,school
i need sanitary napkin,i need sanitary napkins,sanitary napkins,midday,school
my ht,my hot,hat,evening,restaurant
sabzi is nc,sabzi is nc,sabzi,morning,home
i want to brushmy teeth,i want to brush teeth,brush teeth,night,community
i want fud,i want fud,snack,afternoon,hospital
i wan a drink,i wan a drink,water,morning,home
i want some grps,i want some grapes,grapes,evening,restaurant
i feel pain,i feel pain,clinic,night,community
i want to sleap,i want to sleap,nap,midday,school
my ns,my ns,nose,morning,home
i feel pain,i feel pain,rest,morning,home
i want my lunhc box,i want my lunch box,lunch box,midday,school
i need medicine,i need medicine,tablet,morning,home
taek my bag,take my bag,bag,afternoon,hospital
where isthe ball pit,where the ball pit,ball pit,night,community
happy dussehra,happy dussehra,dussehra,evening,restaurant
its my lego,its my legos,legos,night,community
my ns,my ns,nose,night,community
swtch on the light,switch on the light,light,night,community
i wnt pomegranate,i want pomegranate,pomegranate,morning,home
good evening,good evening,evening,midday,school
give me a granola bar,give me a granola bar,granola bar,midday,school
i am thirsty,i am thirsty,soda,night,community
take me to play room,take me to play room,play room,night,community
i want to sleap,i want to sleap,nap,morning,home
rosogulla is so tasty,rosogulla is so tasty,rosogulla,midday,school
help me with my shoes,help me with my shoes,shoes,evening,restaurant
i wan to sleep,i wan to sleep,nap,afternoon,hospital
iwant some laddoo,want some laddoo,laddoo,afternoon,hospital
give me papaya,give me papaya,papaya,evening,restaurant
giveme some jam,give some jam,jam,night,community
i want food,i want food,dinner,night,community
ho,how,how,midday,school
i want fud,i want fud,lunch,midday,school
noodles pls,noodles pls,noodles,night,community
my hair,my hair,hair,midday,school
there is an ant,there is an ant,ant,evening,restaurant
i want food,i want food,dinner,night,community
there is the goat,there is the goat,goat,evening,restaurant
take m to the park,take m to the park,park,morning,home
there is a parrot,there is a parrot,parrot,evening,restaurant
i want shr,i want shirt,sheera,afternoon,hospital
goback,back,back,midday,school
sit in chair,sit in chair,chair,midday,school
its too cold,its too cold,cold,morning,home
give my pillows,give my pillows,pillows,midday,school
give me fruit punc,give me fruit punch,fruit punch,midday,school
i want t ride bicycle,i want t ride bicycle,bicycle,morning,home
helol,hello,hello,evening,restaurant
i want fud,i want fud,snack,afternoon,hospital
i wnat coca-cola,i what coca-cola,coca-cola,afternoon,hospital
its prpl,its purple,purple,midday,school
i love chicken,i love chicken,chicken,evening,restaurant
ilike soccer,like soccer,soccer,morning,home
goodevening,good evening,good evening,morning,home
i need medicine,i need medicine,tablet,midday,school
i am thirsty,i am thirsty,water,morning,home
i am inpain,i am pain,i am in pain,evening,restaurant
i want food,i want food,tiffin,evening,restaurant
give me flavoured milk,give me flavoured milk,flavoured milk,evening,restaurant
shall wego in ship,shall wego in ship,ship,midday,school
i want a drnk,i want a drnk,coca-cola,evening,restaurant
take me to the shp,take me to the shop,shop,morning,home
i wan food,i wan food,breakfast,morning,home
i need medicine,i need medicine,syrup,night,community
switch on the fan,switch on the fan,fan,afternoon,hospital
add osme chilli,add some chilli,chilli,night,community
i want pineapple juiec,i want pineapple juice,pineapple juice,night,community
giv orange,give orange,orange,morning,home
ts an owl,its an owl,owl,midday,school
i like guava,i like guava,guava,afternoon,hospital
there is the lock and key,there is the lock and key,lock and key,morning,home
itsitalian,italian,italian,morning,home
my hr,my hr,hair,afternoon,hospital
i want to go to bed,i want to go to bed,bed,evening,restaurant
no picking onse please,no picking zone please,no picking nose please,morning,home
no kckng please,no kicking please,no kicking please,midday,school
i want pei,i want pepsi,pie,morning,home
i need medicine,i need medicine,tablet,midday,school
there is the goa,there is the goat,goat,night,community
i want a drink,i want a drink,juice,midday,school
i need medicin,i need medicin,syrup,evening,restaurant
i want to sleep,i want to sleep,sleep,night,community
its my lgs,its my legs,legos,evening,restaurant
there's the pengiun,there's the penguin,penguin,evening,restaurant
iwant cold coffee,want cold coffee,cold coffee,afternoon,hospital
i want ginger ale,i want ginger ale,ginger ale,afternoon,hospital
i wan food,i wan food,lunch,midday,school
get the key,get the key,key,morning,home
goo night,good night,good night,morning,home
i want to go snowboardin,i want to go snowboarding,snowboarding,midday,school
i want to eat,i want to eat,lunch,midday,school
what is the crrnt month,what is the current month,current month,morning,home
give me banana,give me banana,banana,night,community
i want somepear,i want somepear,pear,afternoon,hospital
i feel pain,i feel pain,clinic,night,community
goo evening,good evening,good evening,morning,home
there i the sheep,there i the sheep,sheep,night,community
give e milskhake,give e milkshake,milkshake,evening,restaurant
i need achalk,i need chalk,chalk,night,community
can you read this for me,can you read this for me,read,afternoon,hospital
i want a drnk,i want a drnk,soda,night,community
i feel pain,i feel pain,rest,morning,home
add some chill flakes,add some chilli flakes,chilli flakes,morning,home
i want my bt,i want my bat,boot,evening,restaurant
i want to changethe slacks,i want to change slacks,change slacks,midday,school
i want to sleep,i want to sleep,sleep,night,community
lets go to clothes shop,lets go to clothes shop,clothes shop,midday,school
please,please,please,night,community
i want to sleep,i want to sleep,rest,evening,restaurant
there is th knife,there is the knife,knife,evening,restaurant
please tell meagain,please tell again,please tell me again,midday,school
give me museli,give me museli,muesli,night,community
i want to change my leggins,i want to change my leggins,change leggings,midday,school
i want shampo,i want shampoo,shampoo,morning,home
i like cak,i like cake,cake,morning,home
take me todoctor,take me doctor,doctor,morning,home
i want fish,i want fish,fish,evening,restaurant
strngr,stranger,stranger,morning,home
i want fud,i want fud,lunch,midday,school
i have anemergency,i have emergency,emergency,morning,home
i lkie kabaddi,i line kabaddi,kabaddi,afternoon,hospital
i want a drnk,i want a drnk,water,afternoon,hospital
i want jackfruit,i want jackfruit,jackfruit,midday,school
i need medicine,i need medicine,tablet,midday,school
there is the mg,there is the mug,mug,morning,home
rosogulla is so tasty,rosogulla is so tasty,rosogulla,afternoon,hospital
i want odnut,i want donut,donut,night,community
i feel cold,i feel cold,jacket,midday,school
iam happy,am happy,happy,night,community
i wantstapler,i stapler,stapler,evening,restaurant
m ankle aches,m ankle aches,ankle,morning,home
i am thirsty,i am thirsty,soda,night,community
i want fud,i want fud,snack,afternoon,hospital
can weplay hide and seek,can play hide and seek,hide and seek,night,community
this hurts,this hurts,hurt,morning,home
i want to slide,i want to slide,slide,morning,home
 want to dance,want to dance,dance,night,community
lets go to the mall,lets go to the mall,mall,morning,home
i want a drink,i want a drink,coca-cola,evening,restaurant
giev me energy drink,give me energy drink,energy drink,afternoon,hospital
i want to eat,i want to eat,lunch,midday,school
i want to sleap,i want to sleap,nap,morning,home
give me paint,give me paint,paint,midday,school
pu bandage,put bandage,bandage,morning,home
takeall the books,takeall the books,books,morning,home
take me to staffroom,take me to staffroom,staffroom,afternoon,hospital
i need medicin,i need medicin,tablet,morning,home
i am thirsty,i am thirsty,soda,night,community
i need medicin,i need medicin,tablet,midday,school
i want to sleap,i want to sleap,sleep,night,community
i want a drink,i want a drink,water,afternoon,hospital
i want plms,i want plums,plum,afternoon,hospital
i wan food,i wan food,lunch,midday,school
i wantstrawberry milkshake,i strawberry milkshake,strawberry milkshake,afternoon,hospital
 want kiwi,want kiwi,kiwi,evening,restaurant
i feel pain,i feel pain,sit,evening,restaurant
i wan to eat,i wan to eat,breakfast,morning,home
i want cfofee,i want coffee,coffee,night,community
stranger,stranger,stranger,afternoon,hospital
i wantmiranda,i miranda,mirinda,afternoon,hospital
i want poha,i want poha,poha,night,community
i am thirsty,i am thirsty,water,morning,home
i wantmango juice,i wantmango juice,mango juice,morning,home
i want to eat,i want to eat,dinner,night,community
i lovecheese sticks,i cheese sticks,cheese sticks,night,community
i want my lunhc box,i want my lunch box,lunch box,afternoon,hospital
i want a drink,i want a drink,water,afternoon,hospital
i want smoothie,i want smoothie,smoothie,afternoon,hospital
its a dmnd,its a dmnd,diamond,afternoon,hospital
no spitting please,no spitting please,no spitting please,evening,restaurant
strangers-beware!,strangers- beware!,strangers- beware!,midday,school
shall we go i ship,shall we go i ship,ship,midday,school
my lgs,my legs,legs,afternoon,hospital
i want to wear salwar kameez,i want to wear salwar kameez,salwar kameez,afternoon,hospital
happy dussehra,happy dussehra,dussehra,afternoon,hospital
i want hot chocolate,i want hot chocolate,hot chocolate,afternoon,hospital
this is my fathe,this is my father,father,afternoon,hospital
i want to slide,i want to slide,slide,afternoon,hospital
i wan food,i wan food,dinner,night,community
i am thirsty,i am thirsty,water,afternoon,hospital
its on the desk,its on the desk,desk,night,community
it i 2000 rupees,it i 2000 rupees,inr 2000,afternoon,hospital
its the kangaro,its the kangaroo,kangaroo,morning,home
i was pushe,i was pushed,i was pushed,midday,school
iwant cherry,want cherry,cherry,afternoon,hospital
thr are some blocks,there are some blocks,blocks,midday,school
ahppy birthday,happy birthday,grandma's birthday,evening,restaurant
there i a monkey,there i a monkey,monkey,evening,restaurant
do som salad dressing,do some salad dressing,salad dressing,evening,restaurant
thr is a mouse,there is a mouse,mouse,morning,home
i wnat pineapple,i what pineapple,pineapple,midday,school
good mrnng,good morning,good morning,evening,restaurant
switch on the lght,switch on the light,light,morning,home
taek my bag,take my bag,bag,morning,home
where is the scissors,where is the scissors,scissors,midday,school
its prpl,its purple,purple,morning,home
there is the goa,there is the goat,goat,morning,home
i feel pain,i feel pain,sit,evening,restaurant
i want to se my school,i want to use my school,school,afternoon,hospital
i want mc and cheese,i want mac and cheese,mac and cheese,morning,home
it is hte place of worship,it is white place of worship,places of worship,afternoon,hospital
i need mr time,i need mr time,i need more time,afternoon,hospital
my shoulder aches,my shoulder aches,shoulder,morning,home
there s the giraffe,there s the giraffe,giraffe,morning,home
i want to sleep,i want to sleep,rest,evening,restaurant
cn you roast beef,can you roast beef,roast beef,midday,school
great job,great job,great job!!!,afternoon,hospital
it is 50 rupees,it is 50 rupees,inr 50,midday,school
switchon the heater,switch the heater,heater,midday,school
where is my spectacle,where is my spectacles,spectacles,night,community
i need medicine,i need medicine,syrup,night,community
where is the bal pit,where is the ball pit,ball pit,midday,school
htere is the lamp,here is the lamp,lamp,morning,home
make me banana milkshake,make me banana milkshake,banana milkshake,evening,restaurant
take my coat,take my coat,coat,midday,school
i need medicin,i need medicin,tablet,midday,school
take me to play room,take me to play room,play room,morning,home
add some butter,add some butter,butter,afternoon,hospital
i want to sleep,i want to sleep,sleep,night,community
i want to eat,i want to eat,lunch,midday,school
where is the scl,where is the scale,scale,evening,restaurant
there is the goat,there is the goat,goat,morning,home
i want to sleep,i want to sleep,nap,afternoon,hospital
i feel cold,i feel cold,coat,night,community
acn you read this for me,an you read this for me,read,morning,home
i want t play with friend,i want t play with friend,play with friend,midday,school
i want t play frisbee,i want t play frisbee,frisbee,evening,restaurant
giev me some jam,give me some jam,jam,morning,home
my ys,my ys,eyes,midday,school
its on the desk,its on the desk,desk,evening,restaurant
no inappropriatetouch please,no inappropriate please,no inappropriate touch please,night,community
can you make me poache eggs,can you make me poached eggs,poached eggs,midday,school
give me muesli,give me muesli,muesli,evening,restaurant
i am hungry,i am hungry,tiffin,evening,restaurant
its a rainy day,its a rainy day,rainy,midday,school
where is the scale,where is the scale,scale,evening,restaurant
happylabour day,happylabour day,labour day,night,community
great job,great job,great job!!!,morning,home
gvie me some curd,gve me some curd,curd,evening,restaurant
iwant sheera,want sheera,sheera,midday,school
i need more time,i need more time,i need more time,night,community
i am disappointed,i am disappointed,disappointed,afternoon,hospital
this is my favorit book,this is my favorite book,favorite book,evening,restaurant
wlcm,wlcm,greetings,midday,school
i am thirsty,i am thirsty,juice,evening,restaurant
giv me pencil,give me pencil,pencil,evening,restaurant
i want a drnk,i want a drnk,soda,night,community
i feel pain,i feel pain,clinic,night,community
i am stressed out,i am stressed out,stressed,night,community
i need medicin,i need medicin,syrup,night,community
give me some biscui,give me some biscuit,biscuits,morning,home
i want sm pear,i want sm pear,pear,evening,restaurant
lts go to the mall,lets go to the mall,mall,night,community
i want some lmn juice,i want some lemon juice,lemon juice,evening,restaurant
i want to wear shorts,i want to wear shorts,shorts,evening,restaurant
there is pand,there is panda,panda,morning,home
lts go to fruit shop,lets go to fruit shop,fruit shop,evening,restaurant
i am hungry,i am hungry,lunch,midday,school
its a crow,its a crow,crow,night,community
i need medicine,i need medicine,tablet,morning,home
i liek barfi,i line barfi,barfi,morning,home
can you make a sandwcih for me,can you make a sandwich for me,sandwich,night,community
can you change to previous channel,can you change to previous channel,previous channel,night,community
there is the fox,there is the fox,fox,midday,school
i want to go in bike,i want to go in bike,bike,evening,restaurant
i want to lpay with friend,i want to play with friend,play with friend,evening,restaurant
i am thirsty,i am thirsty,water bottle,midday,school
i love khichidi,i love khichidi,khichdi,afternoon,hospital
stranger,stranger,stranger,evening,restaurant
take me to play orom,take me to play room,play room,midday,school
i want to sleep,i want to sleep,nap,midday,school
i feel pain,i feel pain,doctor,afternoon,hospital
give m fork,give m fork,fork,afternoon,hospital
no biting please,no biting please,no biting please,night,community
i want fud,i want fud,breakfast,morning,home
how do you do,how do you do,how do you do,night,community
no talking while eating please!,no talking while eating please!,no talking while eating please!,midday,school
i likesoftball,i softball,softball,morning,home
i want to sleep,i want to sleep,nap,afternoon,hospital
i want to sleep,i want to sleep,rest,evening,restaurant
i want some snack mix,i want some snack mix,snack mix,evening,restaurant
i am hungry,i am hungry,tiffin,evening,restaurant
come letsdance,come lets dance,lets dance,evening,restaurant
i feel cold,i feel cold,coat,night,community
i wan to sleep,i wan to sleep,rest,evening,restaurant
crumble it,crumble it,crumble,midday,school
i want brownie,i want brownie,brownie,midday,school
i want to change my frock,i want to change my frock,change frock,night,community
give me a crayon,give me a crayon,crayon,midday,school
i am doing lg exercise,i am doing leg exercise,leg exercises,morning,home
i need medicin,i need medicin,syrup,night,community
i want to wr salwar kameez,i want to wr salwar kameez,salwar kameez,afternoon,hospital
takeme to relatives house,take to relatives house,relative's house,afternoon,hospital
it is 500rupees,it is rupees,inr 500,evening,restaurant
there's the penguin,there's the penguin,penguin,afternoon,hospital
there is the picture bk,there is the picture bk,picture book,evening,restaurant
its a cockroach,its a cockroach,cockroach,midday,school
i want to eat,i want to eat,snack,afternoon,hospital
i need medicine,i need medicine,tablet,morning,home
i want bhakri,i want bhakri,bhakri,midday,school
i wan to eat,i wan to eat,breakfast,morning,home
i want food,i want food,snack,afternoon,hospital
i want breakfast,i want breakfast,breakfast,evening,restaurant
add osme chilli flakes,add some chilli flakes,chilli flakes,night,community
i have allergy,i have allergy,allergy,morning,home
iwant to wear salwar kameez,want to wear salwar kameez,salwar kameez,night,community
i feel pain,i feel pain,sit,evening,restaurant
can you make a sandwich for me,can you make a sandwich for me,sandwich,night,community
its silver,its silver,silver,midday,school
giev me energy drink,give me energy drink,energy drink,morning,home
it is 50 rupees,it is 50 rupees,inr 50,morning,home
please shr,please shirt,please share,evening,restaurant
i am hungry,i am hungry,lunch,midday,school
give me some fanta,give me some fanta,fanta,midday,school
give mesome dips,give some dips,dips,evening,restaurant
sit in chair,sit in chair,chair,afternoon,hospital
giv me cookie,give me cookie,cookie,midday,school
tak my bag,take my bag,bag,afternoon,hospital
nice to meet oyu,nice to meet oyu,nice to meet you,evening,restaurant
it is 100 rupees,it is 100 rupees,inr 100,midday,school
godo night,good night,night,afternoon,hospital
i want to sleep,i want to sleep,sleep,evening,restaurant
i want fud,i want fud,breakfast,morning,home
thr's the penguin,there's the penguin,penguin,evening,restaurant
myheart,heart,heart,afternoon,hospital
i feel cold,i feel cold,shawl,afternoon,hospital
lets go to funzone,lets go to fun zone,fun zone,midday,school
its my lgs,its my legs,legos,afternoon,hospital
tis pink,this pink,pink,evening,restaurant
i am thirsty,i am thirsty,juice,evening,restaurant
itsa cat,its cat,cat,afternoon,hospital
can you ctu my nails,can you ctu my nails,cut nails,midday,school
i feel cold,i feel cold,coat,night,community
lets go to grocery sho,lets go to grocery show,grocery shop,night,community
this is my cousin,this is my cousin,cousin,midday,school
i want some rotti,i want some rotti,roti,night,community
this is my caregiver,this is my caregiver,caregiver,morning,home
pleas,please,please,morning,home
add smoe chilli,add some chilli,chilli,midday,school
i want breakfast,i want breakfast,breakfast,evening,restaurant
i want food,i want food,breakfast,morning,home
run,run,run,midday,school
i love khichidi,i love khichidi,khichdi,night,community
tis a square,this a square,square,midday,school
iwant coca-cola,want coca-cola,coca-cola,morning,home
ho many,how many,how many,morning,home
hi-fiv,hi-five,hi-five,night,community
i want chikoo milkshake,i want chikoo milkshake,chikoo milkshake,night,community
i am hungry,i am hungry,tiffin,evening,restaurant
iwant croissant,want croissant,croissant,afternoon,hospital
i wan to eat,i wan to eat,dinner,night,community
i have my mourningroutine,i have my morning routine,morning routine,midday,school
i wan a drink,i wan a drink,juice,midday,school
there are some garbage in the bin,there are some garbage in the bin,garbage in the bin,night,community
is thisthe standing line,is thisthe standing line,standing line,morning,home
happydiwali,happydiwali,diwali,morning,home
i need medicine,i need medicine,syrup,night,community
i want papad,i want papad,papad,midday,school
i want macaroons,i want macaroons,macaroons,morning,home
i wan to eat,i wan to eat,snack,afternoon,hospital
omelette pls,omelette pls,omelette,morning,home
i want to chang,i want to change,change,night,community
i want da,i want day,dal,night,community
i want food,i want food,dinner,night,community
hi grandpa,hi grandpa,grandfather,morning,home
rosogulla s so tasty,rosogulla s so tasty,rosogulla,midday,school
i wan to sleep,i wan to sleep,nap,midday,school
i was made fun o,i was made fun o,i was made fun of,night,community
i want to eat,i want to eat,snack,afternoon,hospital
i wantorange juice,i orange juice,orange juice,evening,restaurant
taek my bag,take my bag,bag,evening,restaurant
take my dress,take my dress,dress,night,community
hi omm,hi omm,mother,night,community
i want food,i want food,tiffin,evening,restaurant
i like to play chess,i like to play chess,chess,evening,restaurant
can w go to ice hockey,can w go to ice hockey,ice hockey,morning,home
put my body evst,put my body vest,body vests,midday,school
there is thesheep,there is these,sheep,morning,home
plesae slow down,please slow down,please slow down,evening,restaurant
takemy cap,take cap,cap,morning,home
its to cold,its to cold,cold,night,community
good night,good night,night,morning,home
i want t wear shorts,i want t wear shorts,shorts,evening,restaurant
itsmy body,its body,body,morning,home
wlcm,wlcm,greetings,morning,home
use paper clip,use paper clip,paper clip,evening,restaurant
draw a slanting line,draw a slanting line,slanting line,morning,home
get me a glass,get me a glass,glass,afternoon,hospital
its my osap,its my soap,soap,evening,restaurant
giv me some pancakes,give me some pancakes,pancakes,midday,school
i want fud,i want fud,lunch,midday,school
i wa pushed,i want pushed,i was pushed,night,community
i wan a drink,i wan a drink,juice,midday,school
i like popcrorn,i like popcorn,popcorn,afternoon,hospital
i want t watch handball,i want t watch handball,handball,morning,home
 want to dance,want to dance,dance,morning,home
no hnads in underpants,no hands in underpants,no hands in underpants,midday,school
menu lps,menu lps,menu,evening,restaurant
its the dlophin,its the dolphin,dolphin,afternoon,hospital
help me with my shirt,help me with my shirt,shirt,night,community
give me maaza,give me maaza,maaza,evening,restaurant
give me coloured pape,give me coloured paper,coloured paper,evening,restaurant
do some salad dressing,do some salad dressing,salad dressing,night,community
i want some soup,i want some soup,soup,morning,home
i want to eat,i want to eat,dinner,night,community
take me to foo court,take me to food court,food court,night,community
it isblue,it blue,blue,evening,restaurant
its my hbt,its my habit,habits,night,community
i am hungry,i am hungry,breakfast,morning,home
i want smoothie,i want smoothie,smoothie,evening,restaurant
welocme,welcome,greetings,afternoon,hospital
i want pudding,i want pudding,pudding,morning,home
i like bracelet,i like bracelet,bracelet,evening,restaurant
give me a cake slic,give me a cake slice,cake slice,afternoon,hospital
i want med wada,i want medu wada,medu wada,afternoon,hospital
i lkie cheese pudding,i line cheese pudding,cheese pudding,midday,school
i want some stmd veggies,i want some stmd veggies,steamed veggies,night,community
i am hungry,i am hungry,dinner,night,community
give me some milk,give me some milk,milk,morning,home
hello nty,hello aunty,aunt,midday,school
i feel cold,i feel cold,coat,night,community
there is the knife,there is the knife,knife,evening,restaurant
i wan to do some exercise,i want to do some exercise,exercises,night,community
there is the picture book,there is the picture book,picture book,night,community
can you make me some scrambled eggs,can you make me some scrambled eggs,scrambled eggs,night,community
i need medicine,i need medicine,capsule,afternoon,hospital
cover me with blanket,cover me with blanket,blanket,afternoon,hospital
happy brthdy,happy birthday,cousin's birthday,morning,home
where is my pants,where is my pants,pants,midday,school
i want fud,i want fud,snack,afternoon,hospital
its very hazards,its very hazards,hazards,midday,school
get mynecklace,get necklace,necklace,midday,school
i want a drnk,i want a drnk,juice,midday,school
can youchange music,can change music,change music,morning,home
i needa break,i need break,i need a break,night,community
can we play indoor gms,can we play indoor games,indoor games,midday,school
its my body,its my body,body,evening,restaurant
can you cmb my hair,can you comb my hair,comb hair,afternoon,hospital
i wantto play ipad games,i want play ipad games,ipad games,afternoon,hospital
ilike sports,like sports,sports,afternoon,hospital
its a cuckoo,its a cuckoo,cuckoo,afternoon,hospital
happy brthdy,happy birthday,brother's birthday,morning,home
where is the pencil lead,where is the pencil lead,pencil lead,morning,home
plesae slow down,please slow down,please slow down,morning,home
i want to eat,i want to eat,tiffin,evening,restaurant
it s 200 rupees,it s 200 rupees,inr 200,midday,school
i want food,i want food,snack,afternoon,hospital
strangers- beware!,strangers- beware!,strangers- beware!,evening,restaurant
there is th shark,there is the shark,shark,night,community
i want a drnk,i want a drnk,water,afternoon,hospital
i wnat to eat with small bites,i what to eat with small bites,eat with small bites,midday,school
gt the key,get the key,key,night,community
i wan to eat,i wan to eat,snack,afternoon,hospital
there s the giraffe,there s the giraffe,giraffe,evening,restaurant
i need medicine,i need medicine,syrup,evening,restaurant
i want food,i want food,lunch,midday,school
i want fired rice,i want tired rice,fried rice,evening,restaurant
happy halloween,happy halloween,halloween,afternoon,hospital
whereis my spectacles,where my spectacles,spectacles,morning,home
it is 50 rupees,it is 50 rupees,inr 50,night,community
 want fried rice,want fried rice,fried rice,evening,restaurant
take my bag,take my bag,bag,afternoon,hospital
happy dwl,happy dwl,diwali,evening,restaurant
i m sad,i m sad,sad,night,community
go to the meetshop,go to the meat shop,meat shop,morning,home
i am feelingcold,i am feeling cold,feeling cold,midday,school
iwant coca-cola,want coca-cola,coca-cola,afternoon,hospital
i wan a drink,i wan a drink,coca-cola,evening,restaurant
i have an mrgncy,i have an emergency,emergency,midday,school
can you ctu my nails,can you ctu my nails,cut nails,afternoon,hospital
hello nty,hello aunty,aunt,evening,restaurant
 like softball,like softball,softball,midday,school
give me sm nuts,give me sm nuts,nuts,midday,school
i was hi,i was hi,i was hit,evening,restaurant
this ismy favorite book,this ismy favorite book,favorite book,evening,restaurant
give me apple juice,give me apple juice,apple juice,evening,restaurant
i wan to eat,i wan to eat,lunch,midday,school
hpapy holi,happy holi,holi,evening,restaurant
get the kye,get the kye,key,afternoon,hospital
i want t play frisbee,i want t play frisbee,frisbee,afternoon,hospital
where is the blal pit,where is the ball pit,ball pit,evening,restaurant
i want a drnk,i want a drnk,water,afternoon,hospital
give me some foo,give me some food,food,midday,school
its in kitchen,its in kitchen,kitchen,evening,restaurant
i am thirsty,i am thirsty,water bottle,midday,school
i want to sleep,i want to sleep,nap,midday,school
thr is kingfisher,there is kingfisher,kingfisher,afternoon,hospital
take my drawing book,take my drawing book,drawing book,evening,restaurant
i want to eat,i want to eat,snack,afternoon,hospital
i want to eat,i want to eat,snack,afternoon,hospital
i ws hit,i was hit,i was hit,morning,home
i wan to eat,i wan to eat,tiffin,evening,restaurant
give me cookie,give me cookie,cookie,morning,home
i amfeeling cold,i feeling cold,feeling cold,morning,home
its asquare,its square,square,night,community
where is my pnts,where is my pants,pants,evening,restaurant
i love bowling,i love bowling,bowling,afternoon,hospital
get m necklace,get m necklace,necklace,night,community
hw,how,how,evening,restaurant
its in my cupbaord,its in my cupboard,cupboard,evening,restaurant
i am afraid,i am afraid,afraid,afternoon,hospital
i want mango milkshake,i want mango milkshake,mango milkshake,midday,school
its a cta,its a cta,cat,midday,school
i want to sleep,i want to sleep,sleep,night,community
i want fud,i want fud,dinner,night,community
i want fis,i want fish,fish,morning,home
i am hungry,i am hungry,breakfast,morning,home
make me banana milkshake,make me banana milkshake,banana milkshake,midday,school
i am thirsty,i am thirsty,juice,evening,restaurant
giveme some jam,give some jam,jam,morning,home
what is the current season,what is the current season,current season,midday,school
i want ice cream,i want ice cream,icecream,midday,school
tis awesome,this awesome,awesome!,midday,school
i want mc and cheese,i want mac and cheese,mac and cheese,midday,school
give m some food,give m some food,food,night,community
lets go to clothes shop,lets go to clothes shop,clothes shop,night,community
give me a crayon,give me a crayon,crayon,morning,home
ahppy birthday,happy birthday,grandma's birthday,night,community
i ws pinched,i was pinched,i was pinched,evening,restaurant
i need medicine,i need medicine,syrup,night,community
ths is my chappals,this is my chappals,chappals,morning,home
i want to sleap,i want to sleap,nap,morning,home
i am sd,i am sad,sad,morning,home
i want to dosome exercise,i want to some exercise,exercises,morning,home
i want a drink,i want a drink,coca-cola,evening,restaurant
add some pepper,add some pepper,pepper,evening,restaurant
 want burger,want burger,burger,evening,restaurant
my legs,my legs,legs,midday,school
i feel cold,i feel cold,jacket,midday,school
put bndg,put bndg,bandage,night,community
i am thirsty,i am thirsty,water,afternoon,hospital
i want to change theslacks,i want to change slacks,change slacks,night,community
i want a drink,i want a drink,juice,midday,school
my clothes rae tight,my clothes rae tight,my clothes are tight,afternoon,hospital
give me a crayon,give me a crayon,crayon,night,community
i want food,i want food,dinner,night,community
i want some pear,i want some pear,pear,morning,home
have a good day,have a good day,day,night,community
where is my pants,where is my pants,pants,night,community
use paepr clip,use paper clip,paper clip,night,community
dosome salad dressing,some salad dressing,salad dressing,night,community
i amsorry,i sorry,i am sorry,night,community
it is 100 rupees,it is 100 rupees,inr 100,afternoon,hospital
tis my body,this my body,body,midday,school
give m a spoon,give m a spoon,spoon,morning,home
i want to sleep,i want to sleep,nap,morning,home
i want to seemy school,i want to see school,school,afternoon,hospital
i feel pain,i feel pain,nurse,midday,school
i want fud,i want fud,dinner,night,community
i am thirsty,i am thirsty,water,afternoon,hospital
i need medicin,i need medicin,capsule,afternoon,hospital
tis pink,this pink,pink,night,community
i want dal khichdii,i want dal khichdi,dal khichdi,night,community
open th door,open the door,door,evening,restaurant
i want a drnk,i want a drnk,coca-cola,evening,restaurant
i wan a drink,i wan a drink,water,morning,home
gv me pepsi,gve me pepsi,pepsi,night,community
i need some sabmhar,i need some sambhar,sambhar,night,community
i want a drink,i want a drink,soda,night,community
its inside the fridge,its inside the fridge,fridge,night,community
i want sheera,i want sheera,sheera,evening,restaurant
i feel pain,i feel pain,nurse,midday,school
i want to sleep,i want to sleep,nap,morning,home
no pshng please,no pushing please,no pushing please,midday,school
i am amazed,i am amazed,amazed,morning,home
happy birthday,happy birthday,grandpa's birthday,midday,school
i feel cold,i feel cold,coat,night,community
lets g to fruit shop,lets g to fruit shop,fruit shop,evening,restaurant
"""give mewater.""","""give water.""",water,morning,home
i am thirsty,i am thirsty,water,afternoon,hospital
its so golden,its so golden,golden,afternoon,hospital
happy bitrhday,happy birthday,birthdays,afternoon,hospital
this hurts,this hurts,hurt,afternoon,hospital
i want to change my leggins,i want to change my leggins,change leggings,afternoon,hospital
can you change to previous channel,can you change to previous channel,previous channel,afternoon,hospital
i want smoothie,i want smoothie,smoothie,afternoon,hospital
i wnt some rice,i want some rice,rice,night,community
i want my gloves,i want my gloves,gloves,midday,school
take my drawing book,take my drawing book,drawing book,morning,home
give mepepsi,give pepsi,pepsi,night,community
i want fried rice,i want fried rice,fried rice,morning,home
i want shampoo,i want shampoo,shampoo,evening,restaurant
i want to wash my face,i want to wash my face,face wash,night,community
there is a parrot,there is a parrot,parrot,night,community
i wan food,i wan food,snack,afternoon,hospital
i want dal khichdii,i want dal khichdi,dal khichdi,morning,home
its the green light,its the green light,green light- go,evening,restaurant
i am in danger,i am in danger,danger,night,community
its a square,its a square,square,night,community
lets go to fruit shop,lets go to fruit shop,fruit shop,morning,home
can we play hide and seek,can we play hide and seek,hide and seek,morning,home
i am thirsty,i am thirsty,juice,evening,restaurant
giv me something to drink,give me something to drink,drinks,midday,school
what is the current time,what is the current time,current time,evening,restaurant
i want breakfast,i want breakfast,breakfast,midday,school
i want a drink,i want a drink,water,afternoon,hospital
i need medicin,i need medicin,syrup,evening,restaurant
i was made fun o,i was made fun o,i was made fun of,morning,home
good nigh,good night,night,night,community
htere is a duck,here is a duck,duck,midday,school
ths hurts,this hurts,hurt,afternoon,hospital
my elbow,my elbow,elbow,evening,restaurant
take me to the shp,take me to the shop,shop,afternoon,hospital
shallwe play cards,shall play cards,playing cards,afternoon,hospital
i want a drnk,i want a drnk,soda,night,community
my ihp,my ihp,hip,midday,school
give me a granola bar,give me a granola bar,granola bar,evening,restaurant
i feel pain,i feel pain,rest,morning,home
i want fried rice,i want fried rice,fried rice,night,community
i want oburnvita,i want bournvita,bournvita,afternoon,hospital
i'm irritated,i'm irritated,irritated,evening,restaurant
give me banana,give me banana,banana,afternoon,hospital
there is the pegio,there is the pegion,pigeon,evening,restaurant
give me sm nuts,give me sm nuts,nuts,night,community
take my dress,take my dress,dress,afternoon,hospital
give me some milk,give me some milk,milk,evening,restaurant
there is a bison,there is a bison,bison,afternoon,hospital
good evenin,good evening,good evening,night,community
i want t change my socks,i want t change my socks,change socks,afternoon,hospital
shall we play snk & ladder,shall we play snake & ladder,snakes & ladders,afternoon,hospital
i am thirsty,i am thirsty,water,morning,home
its on thedesk,its on thedesk,desk,evening,restaurant
i want chclt cookie,i want chclt cookie,chocolate cookies,night,community
i m sad,i m sad,sad,midday,school
its purlpe,its purple,purple,night,community
i like chees,i like cheese,cheese,evening,restaurant
i want to sleep,i want to sleep,sleep,night,community
mynose,nose,nose,morning,home
give me pencil,give me pencil,pencil,afternoon,hospital
i feel pain,i feel pain,nurse,midday,school
please tell me again,please tell me again,please tell me again,evening,restaurant
its in kitchen,its in kitchen,kitchen,midday,school
shall we play cards,shall we play cards,playing cards,evening,restaurant
give me eclairs,give me eclairs,eclairs,morning,home
i want to sleep,i want to sleep,nap,midday,school
i want to sleap,i want to sleap,nap,afternoon,hospital
give me bear,give me bear,bear,midday,school
i want donut,i want donut,donut,morning,home
i am hungry,i am hungry,dinner,night,community
ther is some money,there is some money,money,midday,school
i hv my mourning routine,i hv my mourning routine,morning routine,morning,home
i want food,i want food,snack,afternoon,hospital
give me salad,give me salad,fruit salad,afternoon,hospital
i want to s nurse,i want to s nurse,nurse,midday,school
good evening,good evening,good evening,afternoon,hospital
its my lgs,its my legs,legos,midday,school
n pinching please,n pinching please,no pinching please,midday,school
i was hit,i was hit,i was hit,night,community
i wan to eat,i wan to eat,snack,afternoon,hospital
i want to sleep,i want to sleep,rest,evening,restaurant
i want food,i want food,lunch,midday,school
these aremy favourites,these are favourites,favourites,night,community
i want tosee nurse,i want see nurse,nurse,midday,school
i lk chicken wings,i lk chicken wings,chicken wings,midday,school
its toocold,its toocold,cold,night,community
itsitalian,italian,italian,night,community
it?? a rabbit,its a rabbit,rabbit,midday,school
i want to ridebicycle,i want to bicycle,bicycle,night,community
give me paint,give me paint,paint,evening,restaurant
shall we play board gm,shall we play board gm,board game,night,community
i want to go to bed,i want to go to bed,bed,midday,school
i want to change my t-shirt,i want to change my t-shirt,change t-shirt,night,community
i want fud,i want fud,snack,afternoon,hospital
tk me to hospital,tk me to hospital,hospital,midday,school
i wnt smoothie,i want smoothie,smoothie,midday,school
i wan stapler,i want stapler,stapler,night,community
take me to foo court,take me to food court,food court,evening,restaurant
there is m frock,there is m frock,frock,midday,school
i wan to eat,i wan to eat,lunch,midday,school
i need medicine,i need medicine,capsule,afternoon,hospital
hi,hi,hi,evening,restaurant
i want fruitplatter,i want fruit platter,fruit platter,afternoon,hospital
its a crwo,its a crow,crow,midday,school
i feel cold,i feel cold,sweater,evening,restaurant
can yo help put on clothes,can you help put on clothes,help put on clothes,morning,home
i am hungry,i am hungry,dinner,night,community
gvie me some curd,gve me some curd,curd,morning,home
is thisthe standing line,is thisthe standing line,standing line,night,community
hav a good day,have a good day,day,midday,school
i want a drink,i want a drink,water,morning,home
i want to sleep,i want to sleep,nap,afternoon,hospital
i amall done,i mall done,i am all done,morning,home
its green,its green,green,night,community
take me tocanteen,take me canteen,canteen,night,community
 am sorry,am sorry,i am sorry,midday,school
i loev mango,i love mango,mango,afternoon,hospital
i want a drink,i want a drink,juice,midday,school
 am angry,am angry,angry,morning,home
i want to sleep,i want to sleep,nap,midday,school
its a bffl,its a bffl,buffalo,night,community
i am hungry,i am hungry,tiffin,evening,restaurant
i want mashed potatoes,i want mashed potatoes,mashed potatoes,midday,school
give me gajarhalw,give me gajarhalwa,gajarhalwa,afternoon,hospital
ther is a parrot,there is a parrot,parrot,evening,restaurant
i wan to eat,i wan to eat,snack,afternoon,hospital
i am sad,i am sad,sad,midday,school
give me coloured paper,give me coloured paper,coloured paper,morning,home
i feel cold,i feel cold,coat,night,community
i wan food,i wan food,breakfast,morning,home
i need medicine,i need medicine,capsule,afternoon,hospital
i want to sleep,i want to sleep,nap,morning,home
mosquit bites,mosquito bites,mosquito,evening,restaurant
i need medicine,i need medicine,tablet,midday,school
i feel pain,i feel pain,doctor,afternoon,hospital
i am hungry,i am hungry,lunch,midday,school
i am hungry,i am hungry,tiffin,evening,restaurant
ge my necklace,gve my necklace,necklace,evening,restaurant
hwo,hwo,how,morning,home
i want some raita,i want some raita,raita,morning,home
no picking nose please,no picking nose please,no picking nose please,morning,home
i feel sick,i feel sick,i feel sick,evening,restaurant
it is 2000 rupees,it is 2000 rupees,inr 2000,night,community
iwant soda,want soda,soda,morning,home
can you bring mymedicine,can you bring medicine,medicine,evening,restaurant
take m dress,take m dress,dress,night,community
i want fud,i want fud,snack,afternoon,hospital
i want food,i want food,lunch,midday,school
i am hungry,i am hungry,breakfast,morning,home
i feel pain,i feel pain,rest,morning,home
i want a drink,i want a drink,water,afternoon,hospital
where is the blal pit,where is the ball pit,ball pit,night,community
giveme fish and chips,give fish and chips,fish and chips,midday,school
give me gajarhalw,give me gajarhalwa,gajarhalwa,evening,restaurant
i am hungry,i am hungry,tiffin,evening,restaurant
itis 100 rupees,its 100 rupees,inr 100,night,community
thereis an ant,there's an ant,ant,evening,restaurant
there isthe skiping rope,there the skiping rope,skipping rope,evening,restaurant
its on the edsk,its on the desk,desk,night,community
i like lcyhee,i like lychee,lychee,morning,home
i want fud,i want fud,lunch,midday,school
give me custard,give me custard,custard,evening,restaurant
give me somefood,give me somefood,food,afternoon,hospital
giveme fish and chips,give fish and chips,fish and chips,night,community
i want to sleep,i want to sleep,sleep,night,community
tell me a story,tell me a story,bed time story book,night,community
switch to nxt channel,switch to next channel,next channel,evening,restaurant
happy labourday,happy labour day,labour day,afternoon,hospital
i want a drnk,i want a drnk,water,afternoon,hospital
i wnat coca-cola,i what coca-cola,coca-cola,night,community
i want hamburger,i want hamburger,hamburger,afternoon,hospital
iwant burger,want burger,burger,morning,home
good drama,good drama,drama,midday,school
i need medicine,i need medicine,capsule,afternoon,hospital
i want fried rice,i want fried rice,fried rice,midday,school
i want to sleap,i want to sleap,rest,evening,restaurant
bye,bye,bye,midday,school
happy dussehra,happy dussehra,dussehra,midday,school
nospitting please,spitting please,no spitting please,evening,restaurant
giveme some chutney,give some chutney,chutney,midday,school
i am thirsty,i am thirsty,soda,night,community
come lets adnce,come lets dance,lets dance,afternoon,hospital
itsitalian,italian,italian,evening,restaurant
sit in chair,sit in chair,chair,evening,restaurant
helol,hello,hello,night,community
i want a drnk,i want a drnk,water,morning,home
i want to eat,i want to eat,tiffin,evening,restaurant
i am happy,i am happy,happy,night,community
i wnat some rice,i what some rice,rice,night,community
i want a raost pork,i want a roast pork,roast pork,afternoon,hospital
iwant to play seesasw,want to play seesasw,see-saw,night,community
they are m friends,they are m friends,friends,night,community
its tln,its tln,italian,evening,restaurant
myhead,head,head,evening,restaurant
i am hungry,i am hungry,tiffin,evening,restaurant
happy birthday,happy birthday,friend's birthday,morning,home
i want to sleep,i want to sleep,nap,afternoon,hospital
be safety,be safety,safety,midday,school
good morning,good morning,morning,afternoon,hospital
this is my father,this is my father,father,afternoon,hospital
ru,run,run,night,community
give me pepsi,give me pepsi,pepsi,morning,home
i lk chocolate milkshake,i lk chocolate milkshake,chocolate milkshake,evening,restaurant
there is theshark,there is shark,shark,midday,school
there are some garbage in teh bin,there are some garbage in teeth bin,garbage in the bin,afternoon,hospital
salsataste good,salsataste good,salsa,evening,restaurant
i want a drink,i want a drink,soda,night,community
give me bnn,give me bnn,banana,afternoon,hospital
i want to draw,i want to draw,draw,midday,school
quiet pls,quiet pls,quiet please!,evening,restaurant
shall we go i ship,shall we go i ship,ship,afternoon,hospital
add some chilli flake,add some chilli flakes,chilli flakes,afternoon,hospital
it s 200 rupees,it s 200 rupees,inr 200,morning,home
give oraneg,give orange,orange,evening,restaurant
i love rcqt sports,i love rcqt sports,racquet sports,evening,restaurant
i need a chalk,i need a chalk,chalk,morning,home
i want to eat,i want to eat,breakfast,morning,home
give me coloured pape,give me coloured paper,coloured paper,morning,home
take me to the shp,take me to the shop,shop,midday,school
its spring time,its spring time,spring,morning,home
i want fud,i want fud,snack,afternoon,hospital
can w go to ice hockey,can w go to ice hockey,ice hockey,night,community
iwant to play seesasw,want to play seesasw,see-saw,morning,home
i am hungry,i am hungry,dinner,night,community
can you make me some scrambled eggs,can you make me some scrambled eggs,scrambled eggs,morning,home
i have an mrgncy,i have an emergency,emergency,evening,restaurant
give me some jam,give me some jam,jam,evening,restaurant
i need medicin,i need medicin,syrup,night,community
can w go to ice hockey,can w go to ice hockey,ice hockey,night,community
htere is the lamp,here is the lamp,lamp,afternoon,hospital
where is my raincoat,where is my raincoat,raincoat,afternoon,hospital
i am thirsty,i am thirsty,water,morning,home
i like chocolate milkshake,i like chocolate milkshake,chocolate milkshake,morning,home
switch to next channel,switch to next channel,next channel,night,community
no inappropriate touch pleas,no inappropriate touch please,no inappropriate touch please,morning,home
good night,good night,night,midday,school
can yo help put on clothes,can you help put on clothes,help put on clothes,evening,restaurant
add more sause,add more sause,sauce,midday,school
i am hungry,i am hungry,snack,afternoon,hospital
take the bat an ball,take the bat an ball,bat and ball,evening,restaurant
i want a drink,i want a drink,water,afternoon,hospital
my hta,my hta,hat,midday,school
ineed cold drinks,need cold drinks,cold drinks,midday,school
make someparatha,make paratha,paratha,evening,restaurant
giveme gajarhalwa,give gajarhalwa,gajarhalwa,evening,restaurant
i love racquetsports,i love racquet sports,racquet sports,midday,school
gd afternoon,gd afternoon,good afternoon,afternoon,hospital
give me muesli,give me muesli,muesli,night,community
good mrnng,good morning,good morning,midday,school
cacth-catch,catch-catch,catch-catch,afternoon,hospital
switch on the air cndtnr,switch on the air cndtnr,air conditioner,morning,home
i want to change my shorts,i want to change my shorts,change shorts,midday,school
happy eid,happy eid,eid,afternoon,hospital
i want food,i want food,breakfast,morning,home
add sm butter,add sm butter,butter,midday,school
i want food,i want food,breakfast,morning,home
there i the eagle,there i the eagle,eagle,evening,restaurant
happ eid,happy eid,eid,evening,restaurant
there is thegiraffe,there is giraffe,giraffe,evening,restaurant
i want jackfruit,i want jackfruit,jackfruit,evening,restaurant
give me pe,give me pie,pen,morning,home
i want fud,i want fud,tiffin,evening,restaurant
where ismy spectacles,where ismy spectacles,spectacles,morning,home
i wan to sleep,i wan to sleep,nap,afternoon,hospital
catch-catch,catch-catch,catch-catch,night,community
i wan to sleep,i wan to sleep,nap,midday,school
i want to sleap,i want to sleap,nap,morning,home
please giv me,please give me,please give me,night,community
ahppy christmas,happy christmas,christmas,afternoon,hospital
hll aunty,hello aunty,aunt,midday,school
its in red light please stop,its in red light please stop,red light- wait,midday,school
there is the skun,there is the skunk,skunk,night,community
strangers- beware,strangers- beware!,strangers- beware!,evening,restaurant
i wan to eat,i wan to eat,snack,afternoon,hospital
i need medicine,i need medicine,tablet,midday,school
i love chicken,i love chicken,chicken,afternoon,hospital
i need medicin,i need medicin,syrup,evening,restaurant
microwave t,microwave t,microwave,evening,restaurant
i was pushed,i was pushed,i was pushed,afternoon,hospital
i want to eat,i want to eat,dinner,night,community
i want to eat,i want to eat,tiffin,evening,restaurant
"""pleas give me a dosa.""","""please give me a dosa.""",kabab,night,community
i need mr time,i need mr time,i need more time,morning,home
i want some lemon ujice,i want some lemon juice,lemon juice,midday,school
 love chaat,love chaat,chaat,morning,home
i wan to sleep,i wan to sleep,rest,evening,restaurant
i want to sleep,i want to sleep,rest,evening,restaurant
its a sparrow,its a sparrow,sparrow,evening,restaurant
i feel pain,i feel pain,clinic,night,community
there is a divider,there is a divider,divider,midday,school
this is my favorit book,this is my favorite book,favorite book,midday,school
where is the scl,where is the scale,scale,midday,school
this is my sister,this is my sister,sister,afternoon,hospital
this is my fathe,this is my father,father,evening,restaurant
hll aunty,hello aunty,aunt,evening,restaurant
ineed more time,need more time,i need more time,midday,school
i want to sleap,i want to sleap,nap,midday,school
hw,how,how,midday,school
give soem ketchup,give some ketchup,ketchup,afternoon,hospital
i want to eat,i want to eat,tiffin,evening,restaurant
shall we paly a puzzle,shall we play a puzzle,puzzle,midday,school
i am thirsty,i am thirsty,water,morning,home
there is the fox,there is the fox,fox,evening,restaurant
i feel pain,i feel pain,doctor,afternoon,hospital
i feel pain,i feel pain,nurse,midday,school
its a circle,its a circle,circle,midday,school
giv me cookie,give me cookie,cookie,afternoon,hospital
pleasetake me,please take me me,please take me,midday,school
the color is whit,the color is white,white,morning,home
i want opha,i want poha,poha,afternoon,hospital
thereis a bee,there's a bee,bee,night,community
give me cookie,give me cookie,cookie,night,community
i want a drink,i want a drink,coca-cola,evening,restaurant
i was pushed,i was pushed,i was pushed,midday,school
give me some food,give me some food,food,evening,restaurant
can you take me for hiking,can you take me for hiking,hiking,night,community
i feel pain,i feel pain,doctor,afternoon,hospital
i want chioko milkshake,i want chikoo milkshake,chikoo milkshake,midday,school
i need more time,i need more time,i need more time,morning,home
there is th knife,there is the knife,knife,morning,home
iwant some snacks,want some snacks,snacks,midday,school
giv some pickle,give some pickle,pickle,night,community
atke a blank paper,take a blank paper,blank paper,morning,home
i am hungry,i am hungry,breakfast,morning,home
i want a drink,i want a drink,coca-cola,evening,restaurant
it is20 rupees,it is20 rupees,inr 20,evening,restaurant
happy brthdy,happy birthday,cousin's birthday,midday,school
i am hungry,i am hungry,lunch,midday,school
there's the pengiun,there's the penguin,penguin,night,community
happy hl,happy hl,holi,midday,school
i wan to eat,i wan to eat,breakfast,morning,home
itsso foggy,its foggy,foggy,morning,home
there's thepenguin,there's penguin,penguin,afternoon,hospital
i want to changemy skirts,i want to change skirts,change skirt,night,community
put my body vest,put my body vest,body vests,midday,school
i wanthard boiled eggs,i wanthard boiled eggs,hard boiled eggs,afternoon,hospital
they are my friend,they are my friend,friends,evening,restaurant
i like kabaddi,i like kabaddi,kabaddi,afternoon,hospital
i want to sleap,i want to sleap,nap,afternoon,hospital
i have abed time routine,i have bed time routine,bed time routine,evening,restaurant
i feel pain,i feel pain,sit,evening,restaurant
can we go ice skating,can we go ice skating,iceskating,morning,home
give me fruit punch,give me fruit punch,fruit punch,midday,school
i lov chicken,i love chicken,chicken,night,community
i want a drnk,i want a drnk,juice,midday,school
pls,pls,please,night,community
rosogulla s so tasty,rosogulla s so tasty,rosogulla,morning,home
it?? bat,its bat,bat,evening,restaurant
ca you hepl me do this,cat you hepl me do this,help me do this,midday,school
i want to request you,i want to request you,requests,morning,home
give m fork,give m fork,fork,night,community
give me museli,give me museli,muesli,morning,home
ilove khichidi,love khichidi,khichdi,midday,school
i feel pain,i feel pain,nurse,midday,school
my legs,my legs,legs,midday,school
my clothes are tight,my clothes are tight,my clothes are tight,evening,restaurant
i feel pain,i feel pain,sit,evening,restaurant
ptu my body vest,ptu my body vest,body vests,afternoon,hospital
take me to food court,take me to food court,food court,midday,school
i wan food,i wan food,breakfast,morning,home
pleaes share,please share,please share,afternoon,hospital
give me eclaris,give me eclairs,eclairs,afternoon,hospital
its green,its green,green,evening,restaurant
i want pi,i want pit,pie,morning,home
i want food,i want food,tiffin,evening,restaurant
i feel cold,i feel cold,blanket,morning,home
ther are some blocks,there are some blocks,blocks,afternoon,hospital
take me to doctor,take me to doctor,doctor,night,community
there i the eagle,there i the eagle,eagle,afternoon,hospital
gv me apple juice,gve me apple juice,apple juice,morning,home
happy hl,happy hl,holi,night,community
it is my school notebook,it is my school notebook,school notebook,night,community
lets go to fruit shop,lets go to fruit shop,fruit shop,night,community
i need medicine,i need medicine,tablet,morning,home
i am sick,i am sick,sick,evening,restaurant
where is my pnts,where is my pants,pants,midday,school
thereis an ant,there's an ant,ant,morning,home
giveme some chutney,give some chutney,chutney,evening,restaurant
i want a drink,i want a drink,coca-cola,evening,restaurant
these are my favouritse,these are my favourites,favourites,midday,school
nice to meet oyu,nice to meet oyu,nice to meet you,midday,school
i wan to eat,i wan to eat,dinner,night,community
i want ginger ale,i want ginger ale,ginger ale,night,community
i am hungry,i am hungry,tiffin,evening,restaurant
i'm irritated,i'm irritated,irritated,afternoon,hospital
i wan to eat,i wan to eat,breakfast,morning,home
there is the picture bk,there is the picture bk,picture book,night,community
i want mashed potatoes,i want mashed potatoes,mashed potatoes,morning,home
n talking while eating please!,n talking while eating please!,no talking while eating please!,afternoon,hospital
i like abrfi,i like barfi,barfi,midday,school
i feel pain,i feel pain,doctor,afternoon,hospital
add some chilli flakes,add some chilli flakes,chilli flakes,morning,home
i have my mrnng routine,i have my morning routine,morning routine,afternoon,hospital
i am in danger,i am in danger,danger,evening,restaurant
i want some beans on toast,i want some beans on toast,beans on toast,night,community
i want roast chicken,i want roast chicken,roast chicken,night,community
i want food,i want food,lunch,midday,school
itsthe donkey,itsthe donkey,donkey,night,community
there is a lion,there is a lion,lion,night,community
bey,be,bye,night,community
where s the baby,where s the baby,baby,evening,restaurant
can yo play with me,can you play with me,play with me,night,community
i wantcold coffee,i wantcold coffee,cold coffee,evening,restaurant
i feel cold,i feel cold,shawl,afternoon,hospital
this s my brother,this s my brother,brother,evening,restaurant
i need some sambhar,i need some sambhar,sambhar,morning,home
i wan to sleep,i wan to sleep,nap,morning,home
can you bring mymedicine,can you bring medicine,medicine,night,community
i want a drink,i want a drink,water,afternoon,hospital
i want t ride bicycle,i want t ride bicycle,bicycle,midday,school
shall we play cards,shall we play cards,playing cards,morning,home
there is a duck,there is a duck,duck,morning,home
i lk to play chess,i lk to play chess,chess,night,community
i m sad,i m sad,sad,afternoon,hospital
its so golden,its so golden,golden,morning,home
take me tobalcony,take me balcony,balcony,night,community
shall we g in ship,shall we g in ship,ship,evening,restaurant
i want a drink,i want a drink,water,morning,home
i lik softball,i like softball,softball,midday,school
i wantmiranda,i miranda,mirinda,evening,restaurant
thr are some blocks,there are some blocks,blocks,evening,restaurant
 want hamburger,want hamburger,hamburger,morning,home
take me t canteen,take me t canteen,canteen,midday,school
i like cheese,i like cheese,cheese,night,community
i wan food,i wan food,breakfast,morning,home
bye,bye,bye,night,community
i want to be alone,i want to be alone,i want to be alone,afternoon,hospital
i need medicine,i need medicine,capsule,afternoon,hospital
give me some curd,give me some curd,curd,midday,school
rosogulla s so tasty,rosogulla s so tasty,rosogulla,night,community
i love chaat,i love chaat,chaat,afternoon,hospital
i want a drink,i want a drink,water,morning,home
i need medicine,i need medicine,capsule,afternoon,hospital
itsso golden,its golden,golden,morning,home
i want to wr socks,i want to wr socks,socks,evening,restaurant
good friday,good friday,good friday,midday,school
i want a drink,i want a drink,juice,midday,school
take me to museu,take me to museum,museum,afternoon,hospital
go to the meet shop,go to the meet shop,meat shop,midday,school
can you hepl me do this,can you hepl me do this,help me do this,night,community
i am hungry,i am hungry,breakfast,morning,home
lets go to the mall,lets go to the mall,mall,afternoon,hospital
i want to wash my faec,i want to wash my face,face wash,night,community
i want fried rice,i want fried rice,fried rice,afternoon,hospital
there is the lock and ky,there is the lock and key,lock and key,evening,restaurant
give me a cake slic,give me a cake slice,cake slice,evening,restaurant
can you hel me remove clothes,can you hepl me remove clothes,help remove clothes,evening,restaurant
go to medical shop,go to medical shop,medical shop-chemist's shop-pharmacy,morning,home
give m some milk,give m some milk,milk,midday,school
its so foggy,its so foggy,foggy,night,community
i feel cold,i feel cold,coat,night,community
it is 2000 rupees,it is 2000 rupees,inr 2000,afternoon,hospital
nice to meetyou,nice to meetyou,nice to meet you,midday,school
goodevening,good evening,evening,night,community
its my soap,its my soap,soap,evening,restaurant
three is the english book,these is the english book,english book,evening,restaurant
take me to the park,take me to the park,park,morning,home
takeme to hospital,take to hospital,hospital,evening,restaurant
i am thirsty,i am thirsty,juice,evening,restaurant
its my hbt,its my habit,habits,afternoon,hospital
i wnat pineapple,i what pineapple,pineapple,evening,restaurant
take me to doctor,take me to doctor,doctor,morning,home
hwo many,hwo many,how many,morning,home
i want to sleap,i want to sleap,nap,midday,school
i want to eat,i want to eat,snack,afternoon,hospital
i love chicken,i love chicken,chicken,night,community
take that book,take that book,book,night,community
give m pencil,give m pencil,pencil,midday,school
hw much is it,how much is it,how much,night,community
i am thirsty,i am thirsty,juice,evening,restaurant
i wan a drink,i wan a drink,soda,night,community
my ht,my hot,hat,morning,home
run,run,run,morning,home
i am thirsty,i am thirsty,juice,evening,restaurant
salad is nice,salad is nice,salad,morning,home
i want fish,i want fish,fish,night,community
give me pepsi,give me pepsi,pepsi,midday,school
its the kangaroo,its the kangaroo,kangaroo,afternoon,hospital
iwas pinched,was pinched,i was pinched,midday,school
hppy birthday,happy birthday,father's birthday,morning,home
its a raiyn day,its a rainy day,rainy,evening,restaurant
giveme fruit punch,give fruit punch,fruit punch,midday,school
i want to change my skirts,i want to change my skirts,change skirt,night,community
i want coffee,i want coffee,coffee,night,community
i want to brush my teeth,i want to brush my teeth,brush teeth,afternoon,hospital
i am in danger,i am in danger,danger,midday,school
i am thirsty,i am thirsty,soda,night,community
i want to change,i want to change,change,morning,home
nice to meet oyu,nice to meet oyu,nice to meet you,afternoon,hospital
i want doll,i want doll,doll,afternoon,hospital
my kn,my kn,knee,evening,restaurant
i want food,i want food,tiffin,evening,restaurant
i want my scarf,i want my scarf,scarf,evening,restaurant
welcome,welcome,greetings,morning,home
give me coloured ppr,give me coloured paper,coloured paper,morning,home
i am sorry,i am sorry,i am sorry,night,community
i want someraita,i want someraita,raita,midday,school
i want food,i want food,tiffin,evening,restaurant
its my body,its my body,body,night,community
my head,my head,head,morning,home
i wan to eat,i wan to eat,lunch,midday,school
i watn leggings,i what leggings,leggings,midday,school
i like strawberry,i like strawberry,strawberry,night,community
they are m friends,they are m friends,friends,evening,restaurant
i want to change my ksirts,i want to change my skirts,change skirt,afternoon,hospital
hppy birthday,happy birthday,father's birthday,midday,school
i am hungry,i am hungry,breakfast,morning,home
i wantto watch cricket,i want watch cricket,cricket,afternoon,hospital
i want pomegranate,i want pomegranate,pomegranate,morning,home
give m some food,give m some food,food,evening,restaurant
i want food,i want food,lunch,midday,school
can you take me for hiking,can you take me for hiking,hiking,midday,school
i wantorange juice,i orange juice,orange juice,midday,school
grnd it,grind it,grinder,evening,restaurant
i want food,i want food,lunch,midday,school
i feel sick,i feel sick,i feel sick,morning,home
happy hallowee,happy halloween,halloween,midday,school
i feel pain,i feel pain,sit,evening,restaurant
i want orange juice,i want orange juice,orange juice,night,community
i feel pain,i feel pain,doctor,afternoon,hospital
use pape clip,use paper clip,paper clip,afternoon,hospital
i am hungry,i am hungry,snack,afternoon,hospital
i want my lunch bx,i want my lunch box,lunch box,afternoon,hospital
there is the goa,there is the goat,goat,afternoon,hospital
i want to sleep,i want to sleep,nap,midday,school
i feel cold,i feel cold,coat,night,community
there is a lio,there is a lion,lion,midday,school
iwant to wear salwar kameez,want to wear salwar kameez,salwar kameez,afternoon,hospital
ihave allergy,have allergy,allergy,night,community
giv me pencil,give me pencil,pencil,midday,school
its a dmnd,its a dmnd,diamond,morning,home
i want a roast prk,i want a roast pork,roast pork,night,community
i was touched inappropriately,i was touched inappropriately,i was touched inappropriately,evening,restaurant
come lets adnce,come lets dance,lets dance,midday,school
make some prth,make some prth,paratha,evening,restaurant
ineed more time,need more time,i need more time,evening,restaurant
i want to eat,i want to eat,lunch,midday,school
i am happ,i am happy,happy,evening,restaurant
i want macaroons,i want macaroons,macaroons,evening,restaurant
nice to meet you,nice to meet you,nice to meet you,morning,home
ther is a lion,there is a lion,lion,morning,home
good evening,good evening,evening,morning,home
can we plya indoor games,can we play indoor games,indoor games,night,community
i want pizza,i want pizza,pizza,night,community
give me some curd,give me some curd,curd,evening,restaurant
giv me cookie,give me cookie,cookie,evening,restaurant
 want aaloo poori,want aaloo poori,aaloo poori,morning,home
i want a drnk,i want a drnk,water,morning,home
i want fis,i want fish,fish,night,community
happy birtdhay,happy birthday,friend's birthday,midday,school
i want bournvita,i want bournvita,bournvita,night,community
give me maaza,give me maaza,maaza,morning,home
i am thirsty,i am thirsty,water,afternoon,hospital
igve me salad,gve me salad,fruit salad,evening,restaurant
open th door,open the door,door,night,community
give me banana,give me banana,banana,evening,restaurant
my knee,my knee,knee,afternoon,hospital
i want to sleap,i want to sleap,nap,midday,school
take m to staffroom,take m to staffroom,staffroom,night,community
no kckng please,no kicking please,no kicking please,afternoon,hospital
i want food,i want food,dinner,night,community
mltt pls,mltt pls,omelette,evening,restaurant
i want a drink,i want a drink,soda,night,community
can yo make me some scrambled eggs,can you make me some scrambled eggs,scrambled eggs,night,community
cover me with blnkts,cover me with blankets,blanket,night,community
drawa slanting line,draw slanting line,slanting line,evening,restaurant
"""please give me a dosa.""","""please give me a dosa.""",kabab,night,community
i am thirsty,i am thirsty,water,morning,home
i am thirsty,i am thirsty,water bottle,midday,school
i love ssg,i love ssg,sausage,evening,restaurant
by,bye,bye,night,community
its a dmnd,its a dmnd,diamond,night,community
i want tochange my innerwear,i want change my innerwear,change innerwear,night,community
where ismy spectacles,where ismy spectacles,spectacles,evening,restaurant
i want to eat,i want to eat,dinner,night,community
i need cmptr,i need computer,computer,morning,home
give me papaya,give me papaya,papaya,morning,home
i want t play scrabble,i want t play scrabble,scrabble,afternoon,hospital
atke that bowl,take that bowl,bowl,night,community
 want to play frisbee,want to play frisbee,frisbee,afternoon,hospital
get me a glass,get me a glass,glass,morning,home
happy new year,happy new year,new year,morning,home
where is the muffin,where is the muffin,muffin,midday,school
please tell meagain,please tell again,please tell me again,night,community
add some butter,add some butter,butter,morning,home
cacth-catch,catch-catch,catch-catch,evening,restaurant
tis snowy,this snowy,snowy,midday,school
its in our living rm,its in our living rm,living room,night,community
i wantsome steamed veggies,i wantsome steamed veggies,steamed veggies,evening,restaurant
i want rst chicken,i want roast chicken,roast chicken,evening,restaurant
i want some snac mix,i want some snack mix,snack mix,morning,home
i wnt my boot,i want my boot,boot,evening,restaurant
i want a drink,i want a drink,juice,midday,school
my hp,my hip,hip,afternoon,hospital
i feel pain,i feel pain,doctor,afternoon,hospital
happy birthady,happy birthday,friend's birthday,morning,home
i want jackfruit,i want jackfruit,jackfruit,afternoon,hospital
i want to see nurse,i want to see nurse,nurse,evening,restaurant
it is blu,it is blue,blue,morning,home
whr is the pencil lead,where is the pencil lead,pencil lead,midday,school
i needcable,i needcable,cable,afternoon,hospital
cover me withblankets,cover me blankets,blanket,night,community
there is my frock,there is my frock,frock,midday,school
i want to fly kite,i want to fly kite,kite,midday,school
i wan a drink,i wan a drink,water,afternoon,hospital
switch onthe heater,switch month heater,heater,midday,school
i love chaat,i love chaat,chaat,evening,restaurant
tak me to doctor,take me to doctor,doctor,midday,school
happy christmas,happy christmas,christmas,evening,restaurant
there is a lion,there is a lion,lion,midday,school
i need computer,i need computer,computer,midday,school
i lovekhichidi,i khichidi,khichdi,midday,school
i want a drnk,i want a drnk,juice,midday,school
there is a divider,there is a divider,divider,morning,home
i want a drnk,i want a drnk,soda,night,community
there is thesheep,there is these,sheep,evening,restaurant
i want to fly kite,i want to fly kite,kite,morning,home
i want to change my leggins,i want to change my leggins,change leggings,evening,restaurant
i want fud,i want fud,lunch,midday,school
iwas hit,was hit,i was hit,night,community
bye,bye,bye,afternoon,hospital
myear,year,ears,evening,restaurant
i feel cold,i feel cold,sweater,evening,restaurant
i feel pain,i feel pain,sit,evening,restaurant
ineed more time,need more time,i need more time,night,community
catch-cathc,catch-catch,catch-catch,night,community
i feel pain,i feel pain,sit,evening,restaurant
take me torelatives house,take me relatives house,relative's house,night,community
i need hel,i need hepl,i need help,afternoon,hospital
take me to museum,take me to museum,museum,midday,school
i want fud,i want fud,dinner,night,community
its a crow,its a crow,crow,morning,home
i am thirsty,i am thirsty,water,afternoon,hospital
i want toplay with friend,i want play with friend,play with friend,morning,home
its silver,its silver,silver,evening,restaurant
add sm butter,add sm butter,butter,morning,home
i wnt macaroons,i want macaroons,macaroons,evening,restaurant
my head,my head,head,night,community
noodlespls,noodles,noodles,evening,restaurant
i want food,i want food,tiffin,evening,restaurant
i am hungry,i am hungry,dinner,night,community
it is my school noteboo,it is my school notebook,school notebook,midday,school
i want osme rotti,i want some rotti,roti,afternoon,hospital
can you read this for me,can you read this for me,read,evening,restaurant
can you play with me,can you play with me,play with me,morning,home
give me some dips,give me some dips,dips,night,community
where is my raincoat,where is my raincoat,raincoat,midday,school
i love chaat,i love chaat,chaat,midday,school
i am hungry,i am hungry,snack,afternoon,hospital
i want fud,i want fud,tiffin,evening,restaurant
i want to watch cricket,i want to watch cricket,cricket,midday,school
i want to ply seesasw,i want to play seesasw,see-saw,morning,home
i need medicine,i need medicine,tablet,morning,home
ts purple,its purple,purple,morning,home
open teh door,open teeth door,door,midday,school
hw much is it,how much is it,how much,afternoon,hospital
i wantto watch cricket,i want watch cricket,cricket,evening,restaurant
take my abg,take my abg,bag,evening,restaurant
ths hurts,this hurts,hurt,morning,home
i am hungry,i am hungry,dinner,night,community
take me to gymnastics,take me to gymnastics,gymnastics,morning,home
give me papaya,give me papaya,papaya,night,community
take my ocat,take my cat,coat,morning,home
i am thirsty,i am thirsty,water bottle,midday,school
i feel tired,i feel tired,i feel tired,morning,home
giveme papaya,give papaya,papaya,morning,home
its so golde,its so golden,golden,evening,restaurant
i want someraita,i want someraita,raita,afternoon,hospital
i need medicin,i need medicin,tablet,midday,school
i am hungry,i am hungry,tiffin,evening,restaurant
good evenin,good evening,good evening,afternoon,hospital
i wantpomegranate,i pomegranate,pomegranate,evening,restaurant
lets go in escalato,lets go in escalator,escalator,midday,school
give me maaza,give me maaza,maaza,evening,restaurant
this is my favorite book,this is my favorite book,favorite book,afternoon,hospital
pleaseshare,please share,please share,night,community
i like cak,i like cake,cake,evening,restaurant
i want food,i want food,dinner,night,community
i see birds,i see birds,birds,midday,school
ts so foggy,its so foggy,foggy,midday,school
strange,stranger,stranger,afternoon,hospital
pleasetell me again,please me again,please tell me again,morning,home
happybirthday,birthday,cousin's birthday,afternoon,hospital
cover me with blanket,cover me with blanket,blanket,night,community
i like popcrorn,i like popcorn,popcorn,evening,restaurant
i needa break,i need break,i need a break,evening,restaurant
igve me maaza,gve me maaza,maaza,morning,home
this is my caregiver,this is my caregiver,caregiver,night,community
it inside the fridge,it inside the fridge,fridge,morning,home
t??s the school bus,its the school bus,school bus,morning,home
give me some ggs,give me some eggs,eggs,night,community
there is th dove,there is the dove,dove,morning,home
its prpl,its purple,purple,afternoon,hospital
where is my plate,where is my plate,plate,midday,school
i wan to change my innerwear,i want to change my innerwear,change innerwear,midday,school
gv me cookie,gve me cookie,cookie,afternoon,hospital
i need medicine,i need medicine,syrup,night,community
i need medicine,i need medicine,tablet,morning,home
ther is the lock and key,there is the lock and key,lock and key,midday,school
give e milkshake,give e milkshake,milkshake,evening,restaurant
i want food,i want food,breakfast,morning,home
its gray,its gray,gray,night,community
iam amazed,am amazed,amazed,midday,school
this s my brother,this s my brother,brother,night,community
i want my lunhc box,i want my lunch box,lunch box,evening,restaurant
its a cube,its a cube,cube,afternoon,hospital
what is the crrnt month,what is the current month,current month,night,community
i want to wear shrots,i want to wear shorts,shorts,afternoon,hospital
i wantstrawberry milkshake,i strawberry milkshake,strawberry milkshake,midday,school
go back,go back,back,afternoon,hospital
give m pepsi,give m pepsi,pepsi,evening,restaurant
i wan food,i wan food,tiffin,evening,restaurant
give me an eraser,give me an eraser,eraser,afternoon,hospital
i se birds,i use birds,birds,morning,home
iwant to sleep,want to sleep,sleep,midday,school
ts red,its red,red,evening,restaurant
i want to dnc,i want to dance,dance,afternoon,hospital
"""please give m a dosa.""","""please give m a dosa.""",kabab,midday,school
its in ou living room,its in you living room,living room,morning,home
i am thirsty,i am thirsty,water,afternoon,hospital
ther are some blocks,there are some blocks,blocks,night,community
i want to wear blet,i want to wear lets,belt,morning,home
i wan to eat,i wan to eat,snack,afternoon,hospital
ad some salt,sad some salt,salt,afternoon,hospital
i need saniatry napkins,i need sanitary napkins,sanitary napkins,afternoon,hospital
thereis a duck,there's a duck,duck,evening,restaurant
i want to change my shorts,i want to change my shorts,change shorts,afternoon,hospital
sit in chair,sit in chair,chair,morning,home
i want to go to church,i want to go to church,church,morning,home
i want to wash my face,i want to wash my face,face wash,morning,home
i want to changemy skirts,i want to change skirts,change skirt,evening,restaurant
sabzi is nice,sabzi is nice,sabzi,afternoon,hospital
i feel cold,i feel cold,shawl,afternoon,hospital
strange,stranger,stranger,morning,home
it isblack,it black,black,evening,restaurant
blowmy nose,blow nose,blow nose,evening,restaurant
i need cold drinks,i need cold drinks,cold drinks,night,community
can you make m some scrambled eggs,can you make m some scrambled eggs,scrambled eggs,evening,restaurant
i wnat to change my frock,i what to change my frock,change frock,evening,restaurant
strange,stranger,stranger,midday,school
i feel cold,i feel cold,blanket,morning,home
i am afraid,i am afraid,afraid,midday,school
i wnt macaroons,i want macaroons,macaroons,night,community
i want some pr,i want some pr,pear,afternoon,hospital
i ws scolded,i was scolded,i was scolded,evening,restaurant
i have anemergency,i have emergency,emergency,afternoon,hospital
i want tosee nurse,i want see nurse,nurse,afternoon,hospital
i want plum,i want plum,plum,midday,school
i want to sleap,i want to sleap,sleep,night,community
i want donut,i want donut,donut,evening,restaurant
there is kngfshr,there is kingfisher,kingfisher,evening,restaurant
my mouth,my mouth,mouth,afternoon,hospital
i want osme soup,i want some soup,soup,morning,home
happy christmas,happy christmas,christmas,afternoon,hospital
i want a drink,i want a drink,water,morning,home
give me custard,give me custard,custard,afternoon,hospital
happy easte,happy easter,easter,evening,restaurant
ahppy dussehra,happy dussehra,dussehra,midday,school
take m to the park,take m to the park,park,night,community
give m some figs,give m some figs,figs,morning,home
i want ginger l,i want ginger l,ginger ale,evening,restaurant
i wan hamburger,i want hamburger,hamburger,midday,school
i want fud,i want fud,snack,afternoon,hospital
i want a drink,i want a drink,water,afternoon,hospital
i lkie cheese pudding,i line cheese pudding,cheese pudding,evening,restaurant
i want pzz,i want pizza,pizza,afternoon,hospital
i am disappointed,i am disappointed,disappointed,morning,home
thereis the giraffe,there's the giraffe,giraffe,midday,school
use pape clip,use paper clip,paper clip,night,community
i wnt soda,i want soda,soda,morning,home
tis my habit,this my habit,habits,midday,school
please comehere,please comehere,please come here,morning,home
no spitting please,no spitting please,no spitting please,morning,home
i need cable,i need cable,cable,afternoon,hospital
i want a drink,i want a drink,water,afternoon,hospital
there are some garbage in teh bin,there are some garbage in teeth bin,garbage in the bin,morning,home
nobiting please,biting please,no biting please,evening,restaurant
there is the pegio,there is the pegion,pigeon,morning,home
i want a drink,i want a drink,soda,night,community
put bndg,put bndg,bandage,evening,restaurant
there isa monkey,there is monkey,monkey,night,community
i wnt to change my socks,i want to change my socks,change socks,midday,school
"""please give me a dosa.""","""please give me a dosa.""",dosa,morning,home
shall we lpay cards,shall we play cards,playing cards,evening,restaurant
gve me sm idli,gve me sm idli,idli,afternoon,hospital
i want to change my frock,i want to change my frock,change frock,midday,school
i am in adnger,i am in danger,danger,morning,home
i want to eat,i want to eat,snack,afternoon,hospital
can you keep disatnce while talking,can you keep distance while talking,keep distance while talking,afternoon,hospital
takemy cap,take cap,cap,afternoon,hospital
give mesome figs,give some figs,figs,night,community
no bitingplease,no no biting please,no biting please,night,community
lets go to groceryshop,lets go to grocery shop,grocery shop,afternoon,hospital
i want to ride bicycle,i want to ride bicycle,bicycle,midday,school
it is my school notebook,it is my school notebook,school notebook,morning,home
by,bye,bye,afternoon,hospital
i want otameal,i want oatmeal,oatmeal,night,community
its a snake,its a snake,snake,morning,home
i want to sleep,i want to sleep,nap,afternoon,hospital
i was hit,i was hit,i was hit,evening,restaurant
can we go ice skating,can we go ice skating,iceskating,night,community
there is the pg,there is the pig,pig,morning,home
this ismy caregiver,this ismy caregiver,caregiver,evening,restaurant
i am afraid,i am afraid,afraid,afternoon,hospital
i wan burger,i want burger,burger,afternoon,hospital
i feel pain,i feel pain,nurse,midday,school
please tell me again,please tell me again,please tell me again,morning,home
make me somefrench toast,make me french toast,french toast,midday,school
i need computer,i need computer,computer,afternoon,hospital
itscloudy,cloudy,cloudy,morning,home
i am hungry,i am hungry,breakfast,morning,home
its red,its red,red,evening,restaurant
i want strwbrry milkshake,i want strawberry milkshake,strawberry milkshake,midday,school
give me someeggs,give me someeggs,eggs,midday,school
it is 200 rupees,it is 200 rupees,inr 200,evening,restaurant
i wan food,i wan food,breakfast,morning,home
i wan a drink,i wan a drink,water,morning,home
i wantto change my innerwear,i want change my innerwear,change innerwear,evening,restaurant
quie please,quiet please,quiet please!,midday,school
itsgray,itsgray,gray,afternoon,hospital
i want rst chicken,i want roast chicken,roast chicken,midday,school
gv my pillows,gve my pillows,pillows,midday,school
i want macaronos,i want macaroons,macaroons,afternoon,hospital
add some maplesyrup,add some maple syrup,maple syrup,afternoon,hospital
take me to ply room,take me to play room,play room,evening,restaurant
there is a monkey,there is a monkey,monkey,midday,school
i feel pain,i feel pain,nurse,midday,school
i am thirsty,i am thirsty,soda,night,community
i feel pain,i feel pain,sit,evening,restaurant
i want pineapple,i want pineapple,pineapple,morning,home
it is20 rupees,it is20 rupees,inr 20,afternoon,hospital
i am afradi,i am afraid,afraid,afternoon,hospital
ho many,how many,how many,midday,school
how much is it,how much is it,how much,midday,school
i like cake,i like cake,cake,evening,restaurant
i want papad,i want papad,papad,evening,restaurant
i like lcyhee,i like lychee,lychee,night,community
its my lego,its my legos,legos,midday,school
happy birthady,happy birthday,friend's birthday,evening,restaurant
iwant coca-cola,want coca-cola,coca-cola,night,community
lets go to grocery sho,lets go to grocery show,grocery shop,morning,home
i am hungry,i am hungry,breakfast,morning,home
i see a crocodil,i see a crocodile,crocodile,night,community
shall we paly a puzzle,shall we play a puzzle,puzzle,evening,restaurant
i want fruitplatter,i want fruit platter,fruit platter,morning,home
can you bring my medicin,can you bring my medicine,medicine,night,community
i want a drnk,i want a drnk,soda,night,community
can you play with me,can you play with me,play with me,evening,restaurant
make me sit in sofa,make me sit in sofa,sofa,evening,restaurant
i feel pain,i feel pain,nurse,midday,school
i want to wr socks,i want to wr socks,socks,morning,home
i like bracelet,i like bracelet,bracelet,night,community
give me cornflakes,give me cornflakes,cornflakes,evening,restaurant
how much is it,how much is it,how much,evening,restaurant
i need medicin,i need medicin,syrup,evening,restaurant
i want to wr belt,i want to wr belt,belt,morning,home
thereis the hippopotamus,there's the hippopotamus,hippopotamus,afternoon,hospital
it a star,it a star,star,midday,school
give me smoe berries,give me some berries,berries,night,community
s paper clip,s paper clip,paper clip,night,community
give me some dips,give me some dips,dips,morning,home
take m to staffroom,take m to staffroom,staffroom,afternoon,hospital
pleasetake me,please take me me,please take me,evening,restaurant
ho,how,how,morning,home
gooddrama,gooddrama,drama,afternoon,hospital
there is a lion,there is a lion,lion,morning,home
i want to change my t-shirt,i want to change my t-shirt,change t-shirt,evening,restaurant
switch on the heater,switch on the heater,heater,morning,home
where ismy errings,where ismy errings,earrings,evening,restaurant
come lets adnce,come lets dance,lets dance,morning,home
it isblack,it black,black,afternoon,hospital
i need medicin,i need medicin,tablet,midday,school
i want da,i want day,dal,evening,restaurant
i am hungry,i am hungry,lunch,midday,school
i lovesausage,i sausage,sausage,midday,school
give me fruit punc,give me fruit punch,fruit punch,night,community
can you hepl medo this,can you hepl medu this,help me do this,morning,home
take my ocat,take my cat,coat,midday,school
it is black,it is black,black,afternoon,hospital
lets g to clothes shop,lets g to clothes shop,clothes shop,night,community
its the school bsu,its the school bsu,school bus,midday,school
it is 20 rupee,it is 20 rupees,inr 20,night,community
i want a drink,i want a drink,juice,midday,school
i need medicine,i need medicine,capsule,afternoon,hospital
the color is wht,the color is what,white,evening,restaurant
i wantsome laddoo,i wantsome laddoo,laddoo,night,community
hv a good day,hv a good day,day,midday,school
i want to go t bed,i want to go t bed,bed,midday,school
its a rbbt,its a rabbit,rabbit,evening,restaurant
menupls,menupls,menu,evening,restaurant
i am hungry,i am hungry,lunch,midday,school
take thatbook,take thatbook,book,midday,school
shall we play cards,shall we play cards,playing cards,midday,school
there is a parrot,there is a parrot,parrot,evening,restaurant
ogod morning,good morning,morning,afternoon,hospital
ist italian,it italian,italian,evening,restaurant
i am thirsty,i am thirsty,water bottle,midday,school
i need medicine,i need medicine,tablet,midday,school
 need cold drinks,need cold drinks,cold drinks,midday,school
this is my favorit book,this is my favorite book,favorite book,morning,home
i want to sleep,i want to sleep,nap,afternoon,hospital
i am thirsty,i am thirsty,water,morning,home
happy birthday,happy birthday,brother's birthday,evening,restaurant
iam disappointed,am disappointed,disappointed,night,community
i want to wash my faec,i want to wash my face,face wash,midday,school
myshoulder aches,shoulder aches,shoulder,night,community
i love mango,i love mango,mango,night,community
i wan a drink,i wan a drink,coca-cola,evening,restaurant
i wan to sleep,i wan to sleep,rest,evening,restaurant
givee milkshake,give milkshake,milkshake,midday,school
happy birthda,happy birthday,grandpa's birthday,evening,restaurant
there is the gaot,there is the goat,goat,night,community
i want a drink,i want a drink,coca-cola,evening,restaurant
i want smth,i want smth,smoothie,night,community
i feel pain,i feel pain,nurse,midday,school
i want my lunhc box,i want my lunch box,lunch box,morning,home
beautifu colors,beautiful colors,colors,morning,home
its purlpe,its purple,purple,afternoon,hospital
i am feeling ashmed,i am feeling ashmed,ashamed,evening,restaurant
thr is some money,there is some money,money,evening,restaurant
this is my chappals,this is my chappals,chappals,afternoon,hospital
its my habi,its my habit,habits,morning,home
 want shampoo,want shampoo,shampoo,morning,home
i want to brush my teeth,i want to brush my teeth,brush teeth,midday,school
help me with my shirt,help me with my shirt,shirt,morning,home
i want ginger ale,i want ginger ale,ginger ale,night,community
tis a square,this a square,square,morning,home
i need medicin,i need medicin,tablet,morning,home
give me fork,give me fork,fork,night,community
give me some ggs,give me some eggs,eggs,evening,restaurant
i want food,i want food,lunch,midday,school
giveme some dips,give some dips,dips,morning,home
i wantroast chicken,i wantroast chicken,roast chicken,night,community
give m some figs,give m some figs,figs,midday,school
there is th dove,there is the dove,dove,night,community
i want to see my schl,i want to see my school,school,afternoon,hospital
"""gvie me water.""","""give me water.""",water,night,community
i want a drnk,i want a drnk,water,afternoon,hospital
i want to request oyu,i want to request oyu,requests,midday,school
i am thirsty,i am thirsty,soda,night,community
i want t play with friend,i want t play with friend,play with friend,night,community
i like chicken wings,i like chicken wings,chicken wings,night,community
make som pasta,make some pasta,pasta,evening,restaurant
buy mea mountain dew,buy me mountain dew,mountain dew,night,community
i feel pain,i feel pain,sit,evening,restaurant
i wan cold coffee,i want cold coffee,cold coffee,afternoon,hospital
happychristmas,christmas,christmas,evening,restaurant
i feel isck,i feel sick,i feel sick,morning,home
i want to do some exercise,i want to do some exercise,exercises,midday,school
happylabour day,happylabour day,labour day,midday,school
add some mustard,add some mustard,mustard,evening,restaurant
its a cucko,its a cuckoo,cuckoo,midday,school
no picking nose pleas,no picking nose please,no picking nose please,afternoon,hospital
i feel pain,i feel pain,sit,evening,restaurant
i wnt some grapes,i want some grapes,grapes,night,community
ca you read this for me,cat you read this for me,read,midday,school
i want a drink,i want a drink,soda,night,community
i want to eat,i want to eat,lunch,midday,school
give me bread,give me bread,bread,morning,home
i want to sleep,i want to sleep,rest,evening,restaurant
i feel pain,i feel pain,nurse,midday,school
i need medicine,i need medicine,tablet,morning,home
i need medicine,i need medicine,capsule,afternoon,hospital
take me to gymnastics,take me to gymnastics,gymnastics,afternoon,hospital
can you keep distancewhile talking,can you keep distance talking,keep distance while talking,morning,home
happ easter,happy easter,easter,night,community
ts a snake,its a snake,snake,evening,restaurant
there is th knife,there is the knife,knife,midday,school
this is my brother,this is my brother,brother,evening,restaurant
take that obwl,take that owl,bowl,midday,school
its a cube,its a cube,cube,midday,school
i want a drnk,i want a drnk,juice,midday,school
i want a drink,i want a drink,coca-cola,evening,restaurant
i see acrocodile,i see crocodile,crocodile,night,community
i wnt to change my socks,i want to change my socks,change socks,evening,restaurant
i want to eat,i want to eat,tiffin,evening,restaurant
give me apple juice,give me apple juice,apple juice,midday,school
its the school bus,its the school bus,school bus,night,community
i want ppl,i want apple,apple,evening,restaurant
i want mango juice,i want mango juice,mango juice,afternoon,hospital
i feel cold,i feel cold,shawl,afternoon,hospital
hello aunty,hello aunty,aunt,morning,home
can you help me remove clothes,can you help me remove clothes,help remove clothes,afternoon,hospital
i wan apple,i want apple,apple,evening,restaurant
i want food,i want food,snack,afternoon,hospital
give me some jam,give me some jam,jam,night,community
give me something to drink,give me something to drink,drinks,afternoon,hospital
i likecheese,i cheese,cheese,evening,restaurant
i want fruit plttr,i want fruit platter,fruit platter,afternoon,hospital
my fingers,my fingers,fingers,midday,school
i am thirsty,i am thirsty,water bottle,midday,school
i wan to sleep,i wan to sleep,nap,afternoon,hospital
i wanthard boiled eggs,i wanthard boiled eggs,hard boiled eggs,evening,restaurant
my anlke aches,my ankle aches,ankle,night,community
i am feeling ashmed,i am feeling ashmed,ashamed,midday,school
it is my school notebook,it is my school notebook,school notebook,morning,home
i am hungry,i am hungry,tiffin,evening,restaurant
i want to wear shrots,i want to wear shorts,shorts,night,community
add somemustard,add mustard,mustard,midday,school
i wnt honey,i want honey,honey,night,community
i lk basket ball,i lk basket ball,basketball,night,community
i feel cold,i feel cold,shawl,afternoon,hospital
i want to eat,i want to eat,dinner,night,community
i want to sleap,i want to sleap,nap,morning,home
i love racquet sports,i love racquet sports,racquet sports,evening,restaurant
it is 10rupees,it is rupees,inr 10,morning,home
take me t canteen,take me t canteen,canteen,night,community
i want to see nurse,i want to see nurse,nurse,afternoon,hospital
i need medicine,i need medicine,tablet,morning,home
can you chagne music,can you change music,change music,afternoon,hospital
i am feeling warm,i am feeling warm,feeling warm,morning,home
giveme some dips,give some dips,dips,midday,school
i am thirsty,i am thirsty,water,morning,home
i want food,i want food,tiffin,evening,restaurant
take the bat andball,take the bat handball,bat and ball,evening,restaurant
i want cold coffee,i want cold coffee,cold coffee,night,community
my clothes are tihgt,my clothes are tight,my clothes are tight,afternoon,hospital
cn w go to ice hockey,can w go to ice hockey,ice hockey,afternoon,hospital
please slw down,please slow down,please slow down,night,community
i am thirsty,i am thirsty,soda,night,community
i was touched inappropriately,i was touched inappropriately,i was touched inappropriately,afternoon,hospital
there is the mg,there is the mug,mug,afternoon,hospital
i am confused,i am confused,confused,morning,home
i want to ridebicycle,i want to bicycle,bicycle,afternoon,hospital
i want to eat,i want to eat,dinner,night,community
i want a drink,i want a drink,water,afternoon,hospital
i like chicken wings,i like chicken wings,chicken wings,afternoon,hospital
my clothesare loose,my clothes loose,my clothes are loose,night,community
i want fired rice,i want tired rice,fried rice,afternoon,hospital
givee milkshake,give milkshake,milkshake,night,community
there s the hippopotamus,there s the hippopotamus,hippopotamus,night,community
i want to sleap,i want to sleap,nap,midday,school
t??s a crow,its a crow,crow,evening,restaurant
i want to go to churc,i want to go to church,church,evening,restaurant
gvie me cornflakes,gve me cornflakes,cornflakes,night,community
i feel pain,i feel pain,rest,morning,home
lets go to the mall,lets go to the mall,mall,evening,restaurant
happy brthdy,happy birthday,cousin's birthday,night,community
there are some garbage in the bn,there are some garbage in the bin,garbage in the bin,midday,school
i wan to eat,i wan to eat,snack,afternoon,hospital
shall we play a puzzle,shall we play a puzzle,puzzle,morning,home
there s the picture book,there s the picture book,picture book,afternoon,hospital
i want my gloves,i want my gloves,gloves,evening,restaurant
i want to chnage my shoe,i want to change my shoe,change shoes,afternoon,hospital
my hnads,my hands,hands,night,community
i am sd,i am sad,sad,afternoon,hospital
i want to eat,i want to eat,lunch,midday,school
i want a drink,i want a drink,juice,midday,school
i like cheese updding,i like cheese pudding,cheese pudding,midday,school
ther is the shark,there is the shark,shark,night,community
give me salda,give me salsa,fruit salad,evening,restaurant
i feel cold,i feel cold,coat,night,community
i want to sleep,i want to sleep,sleep,night,community
mk me a protien shake,mk me a protien shake,protien shake,morning,home
i am hungry,i am hungry,lunch,midday,school
ogod morning,good morning,morning,midday,school
lets g to clothes shop,lets g to clothes shop,clothes shop,evening,restaurant
i want to sleep,i want to sleep,sleep,night,community
its in kitchen,its in kitchen,kitchen,night,community
i need medicine,i need medicine,tablet,morning,home
its a sparrow,its a sparrow,sparrow,night,community
i wan some hotdog,i want some hotdog,hotdog,afternoon,hospital
give me somebiscuit,give me biscuit,biscuits,morning,home
switch to next channel,switch to next channel,next channel,afternoon,hospital
give me acake slice,give me cake slice,cake slice,evening,restaurant
my eyes,my eyes,eyes,night,community
its gree,its green,green,morning,home
give me fish and cihps,give me fish and chips,fish and chips,night,community
make som pasta,make some pasta,pasta,night,community
blow my ns,blow my ns,blow nose,midday,school
i want to brushmy teeth,i want to brush teeth,brush teeth,morning,home
there is a biosn,there is a bison,bison,evening,restaurant
where i the baby,where i the baby,baby,afternoon,hospital
give me brd,give me bread,bread,night,community
i wnat some rice,i what some rice,rice,morning,home
what is the current time,what is the current time,current time,night,community
no biting please,no biting please,no biting please,midday,school
its the dnokey,its the donkey,donkey,evening,restaurant
shall we paly a puzzle,shall we play a puzzle,puzzle,afternoon,hospital
i like cheese puddin,i like cheese pudding,cheese pudding,evening,restaurant
i feel pain,i feel pain,sit,evening,restaurant
i want fud,i want fud,breakfast,morning,home
my hp,my hip,hip,morning,home
i want food,i want food,snack,afternoon,hospital
its awesome,its awesome,awesome!,evening,restaurant
i was hi,i was hi,i was hit,morning,home
i want to go t bed,i want to go t bed,bed,afternoon,hospital
open teh door,open teeth door,door,evening,restaurant
st in chair,sit in chair,chair,evening,restaurant
hello grandma,hello grandma,grandmother,afternoon,hospital
where i the pencil lead,where i the pencil lead,pencil lead,midday,school
i need medicin,i need medicin,syrup,night,community
give m pencil,give m pencil,pencil,night,community
cover me with blankets,cover me with blankets,blanket,afternoon,hospital
give me fish and chips,give me fish and chips,fish and chips,afternoon,hospital
i want tochange my socks,i want change my socks,change socks,afternoon,hospital
ti??s a cuckoo,this a cuckoo,cuckoo,night,community
i want a drnk,i want a drnk,water,morning,home
where is my spectacle,where is my spectacles,spectacles,afternoon,hospital
can you cmb my hair,can you comb my hair,comb hair,midday,school
salad is nice,salad is nice,salad,evening,restaurant
i' irritated,i'm irritated,irritated,morning,home
giv orange,give orange,orange,afternoon,hospital
nice to meet you,nice to meet you,nice to meet you,afternoon,hospital
its silver,its silver,silver,morning,home
switch on the fan,switch on the fan,fan,evening,restaurant
i wan to do some exercise,i want to do some exercise,exercises,evening,restaurant
i want t wear shorts,i want t wear shorts,shorts,midday,school
i wnt pav bhaji,i want pav bhaji,pav bhaji,afternoon,hospital
happy birtdhay,happy birthday,friend's birthday,morning,home
goo evening,good evening,good evening,night,community
can w go ice skating,can w go ice skating,iceskating,midday,school
i wnat some rice,i what some rice,rice,evening,restaurant
i want to eat,i want to eat,lunch,midday,school
i want a drink,i want a drink,soda,night,community
it is 2000 rupees,it is 2000 rupees,inr 2000,morning,home
i want to wash my face,i want to wash my face,face wash,morning,home
atke a blank paper,take a blank paper,blank paper,midday,school
good friday,good friday,good friday,afternoon,hospital
i want food,i want food,lunch,midday,school
please tell meagain,please tell again,please tell me again,evening,restaurant
there is the lock and ky,there is the lock and key,lock and key,night,community
there is the skpng rope,there is the skiping rope,skipping rope,afternoon,hospital
com lets dance,come lets dance,lets dance,morning,home
there is th skunk,there is the skunk,skunk,morning,home
give me apple juiec,give me apple juice,apple juice,night,community
there is the pg,there is the pig,pig,evening,restaurant
i wan to sleep,i wan to sleep,nap,midday,school
give me a granola bar,give me a granola bar,granola bar,night,community
hi grandpa,hi grandpa,grandfather,midday,school
take me to gymnastics,take me to gymnastics,gymnastics,night,community
i am thirsty,i am thirsty,water,morning,home
hw much is it,how much is it,how much,morning,home
i am thirsty,i am thirsty,juice,evening,restaurant
happ holi,happy holi,holi,midday,school
it isblack,it black,black,night,community
i want a drink,i want a drink,water,afternoon,hospital
shallwe play cards,shall play cards,playing cards,night,community
give me som berries,give me some berries,berries,morning,home
add somechilli,add chilli,chilli,evening,restaurant
i want t play scrabble,i want t play scrabble,scrabble,evening,restaurant
make someparatha,make paratha,paratha,afternoon,hospital
happ easter,happy easter,easter,evening,restaurant
t is 50 rupees,t is 50 rupees,inr 50,midday,school
no hands in underpants,no hands in underpants,no hands in underpants,night,community
i want fish,i want fish,fish,midday,school
i wan to sleep,i wan to sleep,nap,morning,home
i want to eat,i want to eat,lunch,midday,school
it is blue,it is blue,blue,evening,restaurant
i want my scarf,i want my scarf,scarf,afternoon,hospital
i want somepear,i want somepear,pear,morning,home
i feel sick,i feel sick,i feel sick,morning,home
take that obwl,take that owl,bowl,evening,restaurant
i wan to sleep,i wan to sleep,nap,midday,school
i m done eating,i m done eating,eating,evening,restaurant
dad some pepper,dad some pepper,pepper,midday,school
m shoulder aches,m shoulder aches,shoulder,evening,restaurant
its italian,its italian,italian,morning,home
"""please give m a dosa.""","""please give m a dosa.""",kabab,night,community
ca you hepl me do this,cat you hepl me do this,help me do this,afternoon,hospital
takeme to hospital,take to hospital,hospital,morning,home
i need medicine,i need medicine,syrup,evening,restaurant
i wnat coca-cola,i what coca-cola,coca-cola,morning,home
i am thirsty,i am thirsty,water bottle,midday,school
tis snowy,this snowy,snowy,afternoon,hospital
i need medicine,i need medicine,tablet,morning,home
i want odnut,i want donut,donut,midday,school
ts so hot,its so hot,hot,afternoon,hospital
i want food,i want food,dinner,night,community
i want to sleap,i want to sleap,nap,midday,school
take my abg,take my abg,bag,midday,school
give m some chocolates,give m some chocolates,chocolate,midday,school
i am thirsty,i am thirsty,water,morning,home
strangers- beware!,strangers- beware!,strangers- beware!,night,community
there is a lion,there is a lion,lion,afternoon,hospital
i am sick,i am sick,sick,afternoon,hospital
'm irritated,i'm irritated,irritated,afternoon,hospital
take me t balcony,take me t balcony,balcony,night,community
open the doo,open the door,door,midday,school
dad some pepper,dad some pepper,pepper,evening,restaurant
hello aunt,hello aunt,aunt,morning,home
can we plya indoor games,can we play indoor games,indoor games,evening,restaurant
giv some pickle,give some pickle,pickle,evening,restaurant
my hr,my hr,hair,midday,school
give me gajarhalwa,give me gajarhalwa,gajarhalwa,afternoon,hospital
g to medical shop,g to medical shop,medical shop-chemist's shop-pharmacy,midday,school
can yo help put on clothes,can you help put on clothes,help put on clothes,afternoon,hospital
i am thirsty,i am thirsty,soda,night,community
where is my plate,where is my plate,plate,night,community
i want fish,i want fish,fish,midday,school
mynose,nose,nose,afternoon,hospital
"""give me water.""","""give me water.""",water,evening,restaurant
i am doneeating,i am eating,eating,morning,home
i wan to eat,i wan to eat,lunch,midday,school
t??s the school bus,its the school bus,school bus,evening,restaurant
i am hungry,i am hungry,lunch,midday,school
can y cut my nails,can y cut my nails,cut nails,morning,home
give me some milk,give me some milk,milk,midday,school
gv me some milk,gve me some milk,milk,midday,school
i want to sleep,i want to sleep,rest,evening,restaurant
its in red light please stop,its in red light please stop,red light- wait,night,community
i ilke bracelet,i milk bracelet,bracelet,midday,school
i feel pain,i feel pain,nurse,midday,school
ther is the bus,there is the bus,bus,afternoon,hospital
i want to wash my face,i want to wash my face,face wash,night,community
hel me with my shoes,hepl me with my shoes,shoes,night,community
i want macaroons,i want macaroons,macaroons,night,community
hi-five,hi-five,hi-five,evening,restaurant
i need medicin,i need medicin,tablet,midday,school
its a crow,its a crow,crow,midday,school
i want to sleap,i want to sleap,nap,morning,home
i feel cold,i feel cold,shawl,afternoon,hospital
ohw many,ohw many,how many,night,community
iwant to play seesasw,want to play seesasw,see-saw,afternoon,hospital
i want a soft toy,i want a soft toy,soft toy,night,community
its pnik,its pink,pink,night,community
myheart,heart,heart,evening,restaurant
my hrt,my hurt,heart,evening,restaurant
i love mango,i love mango,mango,midday,school
give me for,give me for,fork,night,community
how areyou,how areyou,how are you,morning,home
 need cold drinks,need cold drinks,cold drinks,night,community
its toocold,its toocold,cold,afternoon,hospital
i want a drink,i want a drink,coca-cola,evening,restaurant
can you roast beef,can you roast beef,roast beef,afternoon,hospital
i need medicin,i need medicin,capsule,afternoon,hospital
i want fud,i want fud,dinner,night,community
lts go to fruit shop,lets go to fruit shop,fruit shop,night,community
i am thirsty,i am thirsty,juice,evening,restaurant
good night,good night,night,evening,restaurant
i need medicin,i need medicin,syrup,night,community
take me to canteen,take me to canteen,canteen,evening,restaurant
shall we play a puzzle,shall we play a puzzle,puzzle,night,community
happy brthdy,happy birthday,grandma's birthday,afternoon,hospital
i need medicine,i need medicine,tablet,midday,school
thisis my caregiver,this my caregiver,caregiver,midday,school
make someparatha,make paratha,paratha,night,community
i need cable,i need cable,cable,morning,home
i want to go to bed,i want to go to bed,bed,night,community
no hitting please,no hitting please,no hitting please,evening,restaurant
can you take me for hiking,can you take me for hiking,hiking,evening,restaurant
giveme some dips,give some dips,dips,afternoon,hospital
i want to drw,i want to draw,draw,evening,restaurant
its the elephant,its the elephant,elephant,morning,home
where is th pelican,where is the pelican,pelican,night,community
there s the lamp,there s the lamp,lamp,night,community
please gvie me,please gve me,please give me,morning,home
thisis my chappals,this my chappals,chappals,midday,school
i want to eat,i want to eat,breakfast,morning,home
i want to sleep,i want to sleep,rest,evening,restaurant
can you hepl me remove clothes,can you hepl me remove clothes,help remove clothes,night,community
i wan to sleep,i wan to sleep,nap,morning,home
it s 2000 rupees,it s 2000 rupees,inr 2000,evening,restaurant
drawa slanting line,draw slanting line,slanting line,night,community
happ holi,happy holi,holi,morning,home
take me to blcny,take me to balcony,balcony,morning,home
i want to eat,i want to eat,lunch,midday,school
i love sausage,i love sausage,sausage,afternoon,hospital
i lkie chicken wings,i line chicken wings,chicken wings,midday,school
goback,back,back,morning,home
give me fish and chips,give me fish and chips,fish and chips,evening,restaurant
take me to ply room,take me to play room,play room,midday,school
i want food,i want food,dinner,night,community
i want to sleep,i want to sleep,nap,morning,home
sit in chr,sit in chair,chair,midday,school
can you make me some scrambled eggs,can you make me some scrambled eggs,scrambled eggs,night,community
i am hungry,i am hungry,snack,afternoon,hospital
i need medicin,i need medicin,capsule,afternoon,hospital
happybirthday,birthday,cousin's birthday,midday,school
itsmy body,its body,body,night,community
can we g ice skating,can we g ice skating,iceskating,evening,restaurant
i am hungry,i am hungry,tiffin,evening,restaurant
i want to eat,i want to eat,tiffin,evening,restaurant
happ birthday,happy birthday,brother's birthday,midday,school
i wantjackfruit,i jackfruit,jackfruit,night,community
i need medicine,i need medicine,syrup,night,community
i want to play frisbee,i want to play frisbee,frisbee,night,community
i want ice crm,i want ice cream,icecream,night,community
give me a acke slice,give me a jacket slice,cake slice,evening,restaurant
its my soap,its my soap,soap,morning,home
i have my mourningroutine,i have my morning routine,morning routine,evening,restaurant
i love rcqt sports,i love rcqt sports,racquet sports,midday,school
hello grandm,hello grandma,grandmother,afternoon,hospital
igve me salad,gve me salad,fruit salad,afternoon,hospital
give me sm fruit,give me sm fruit,fruit,evening,restaurant
ti??s a cockroach,this a cockroach,cockroach,morning,home
take m dress,take m dress,dress,midday,school
i am hungry,i am hungry,breakfast,morning,home
i want bournvita,i want bournvita,bournvita,morning,home
i like chocolate milkshake,i like chocolate milkshake,chocolate milkshake,afternoon,hospital
i need medicine,i need medicine,tablet,morning,home
happyeaster,happyeaster,easter,morning,home
i am thirsty,i am thirsty,water,afternoon,hospital
give me a acke slice,give me a jacket slice,cake slice,afternoon,hospital
i want to sleap,i want to sleap,nap,midday,school
i am thirsty,i am thirsty,juice,evening,restaurant
i am hungry,i am hungry,tiffin,evening,restaurant
tis cloudy,this cloudy,cloudy,morning,home
i am getting ready,i am getting ready,getting ready,morning,home
put bndg,put bndg,bandage,afternoon,hospital
ths is my sister,this is my sister,sister,evening,restaurant
i have feelings,i have feelings,feelings,morning,home
there isthe skiping rope,there the skiping rope,skipping rope,midday,school
"""give mewater.""","""give water.""",water,evening,restaurant
i am hungry,i am hungry,lunch,midday,school
do som salad dressing,do some salad dressing,salad dressing,morning,home
i want a drink,i want a drink,water,morning,home
i am thirsty,i am thirsty,water bottle,midday,school
gv me a cup,gve me a cup,cup,night,community
i want a drink,i want a drink,juice,midday,school
i want a drink,i want a drink,juice,midday,school
i want to se my school,i want to use my school,school,evening,restaurant
canyou seal it,canyou seal it,seal,night,community
it isblack,it black,black,morning,home
i want cuppa ndls,i want cuppa ndls,cuppa noodles,evening,restaurant
i want to sleep,i want to sleep,nap,morning,home
shall we play snake & ladder,shall we play snake & ladder,snakes & ladders,midday,school
i am hungry,i am hungry,lunch,midday,school
i wantpav bhaji,i wantpav bhaji,pav bhaji,afternoon,hospital
they are my friend,they are my friend,friends,morning,home
happy birthday,happy birthday,birthdays,night,community
tis on the desk,this on the desk,desk,afternoon,hospital
catch-catch,catch-catch,catch-catch,afternoon,hospital
give me someeggs,give me someeggs,eggs,morning,home
its too cold,its too cold,cold,midday,school
i am thirsty,i am thirsty,soda,night,community
howare you,howare you,how are you,night,community
i want poha,i want poha,poha,evening,restaurant
i am hungry,i am hungry,snack,afternoon,hospital
i want fish,i want fish,fish,morning,home
can you hepl me do this,can you hepl me do this,help me do this,midday,school
i want food,i want food,lunch,midday,school
myhands,hands,hands,morning,home
i want mashed potatoes,i want mashed potatoes,mashed potatoes,afternoon,hospital
i want to eat,i want to eat,dinner,night,community
i love gulab jamun,i love gulab jamun,gulab jamun,midday,school
its bat,its bat,bat,midday,school
i likecheese,i cheese,cheese,morning,home
give me smoe berries,give me some berries,berries,morning,home
excuse me pls,excuse me pls,excuse me,afternoon,hospital
i wnt to change my socks,i want to change my socks,change socks,morning,home
i am hurt,i am hurt,i am hurt,afternoon,hospital
i feel pain,i feel pain,sit,evening,restaurant
buy me a mountai dew,buy me a mountain dew,mountain dew,afternoon,hospital
open the doo,open the door,door,afternoon,hospital
i wan a drink,i wan a drink,coca-cola,evening,restaurant
no inappropriatetouch please,no inappropriate please,no inappropriate touch please,midday,school
i want a drnk,i want a drnk,soda,night,community
use pape clip,use paper clip,paper clip,morning,home
i want a drnk,i want a drnk,coca-cola,evening,restaurant
i need medicine,i need medicine,syrup,night,community
how do you d,how do you d,how do you do,midday,school
my heart,my heart,heart,night,community
i watn strawberry milkshake,i what strawberry milkshake,strawberry milkshake,midday,school
i want sm pear,i want sm pear,pear,morning,home
i watn to slide,i what to slide,slide,morning,home
i am feelin warm,i am feeling warm,feeling warm,morning,home
happydussehra,dussehra,dussehra,evening,restaurant
i am in dngr,i am in danger,danger,afternoon,hospital
there is the english obok,there is the english book,english book,midday,school
there is a bee,there is a bee,bee,night,community
i love mango,i love mango,mango,morning,home
myshoulder aches,shoulder aches,shoulder,midday,school
my eyes,my eyes,eyes,morning,home
i wan to eat,i wan to eat,lunch,midday,school
what is thecurrent time,what is current time,current time,midday,school
i want to sleep,i want to sleep,nap,morning,home
give me some food,give me some food,food,midday,school
giv me some pancakes,give me some pancakes,pancakes,night,community
i want to wear watch,i want to wear watch,watch,midday,school
i wan to sleep,i wan to sleep,nap,morning,home
i want to s nurse,i want to s nurse,nurse,night,community
myear,year,ears,morning,home
i want to eat,i want to eat,tiffin,evening,restaurant
it s 200 rupees,it s 200 rupees,inr 200,night,community
i feel pain,i feel pain,clinic,night,community
i wantpomegranate,i pomegranate,pomegranate,night,community
i need medicine,i need medicine,syrup,night,community
i wan poha,i want poha,poha,midday,school
no bitingplease,no no biting please,no biting please,evening,restaurant
take me to play orom,take me to play room,play room,evening,restaurant
i want to sleep,i want to sleep,nap,afternoon,hospital
 am sorry,am sorry,i am sorry,evening,restaurant
i want pnppl,i want pnppl,pineapple,midday,school
i am thirsty,i am thirsty,water,morning,home
take me to museum,take me to museum,museum,afternoon,hospital
there is th dove,there is the dove,dove,midday,school
iwant soda,want soda,soda,midday,school
i feel trd,i feel tired,i feel tired,midday,school
its gray,its gray,gray,morning,home
i have allergy,i have allergy,allergy,evening,restaurant
pls take me,pls take me,please take me,evening,restaurant
my clothesare loose,my clothes loose,my clothes are loose,midday,school
they are my friend,they are my friend,friends,midday,school
i feel cold,i feel cold,jacket,midday,school
i want fud,i want fud,tiffin,evening,restaurant
happydiwali,happydiwali,diwali,afternoon,hospital
i am hungry,i am hungry,lunch,midday,school
ther is a lion,there is a lion,lion,midday,school
its  square,its square,square,night,community
i want a drink,i want a drink,soda,night,community
i wnt some grapes,i want some grapes,grapes,afternoon,hospital
i want to sleep,i want to sleep,nap,midday,school
i want to sleep,i want to sleep,nap,morning,home
i am happ,i am happy,happy,afternoon,hospital
what is the current season,what is the current season,current season,afternoon,hospital
 want donut,want donut,donut,evening,restaurant
no talking while eating please!,no talking while eating please!,no talking while eating please!,night,community
there is the dove,there is the dove,dove,morning,home
i wan a drink,i wan a drink,water,afternoon,hospital
i am thirsty,i am thirsty,water,morning,home
myfingers,fingers,fingers,afternoon,hospital
i need some sambhar,i need some sambhar,sambhar,night,community
make some porridge,make some porridge,porridge,morning,home
i need medicin,i need medicin,syrup,night,community
tell m a story,tell m a story,bed time story book,night,community
shall we play snk & ladder,shall we play snake & ladder,snakes & ladders,midday,school
i need cold drinks,i need cold drinks,cold drinks,morning,home
i want to fly kite,i want to fly kite,kite,afternoon,hospital
put bandage,put bandage,bandage,midday,school
i want pork,i want pork,pork,morning,home
there is theknife,there is knife,knife,midday,school
i want to sleep,i want to sleep,rest,evening,restaurant
give m muskmelon,give m muskmelon,muskmelon,night,community
i want chikoo milkshake,i want chikoo milkshake,chikoo milkshake,midday,school
iwant sheera,want sheera,sheera,evening,restaurant
i watn to slide,i what to slide,slide,evening,restaurant
its a cuckoo,its a cuckoo,cuckoo,morning,home
i am doneeating,i am eating,eating,midday,school
can you bring my medicine,can you bring my medicine,medicine,afternoon,hospital
iwant some laddoo,want some laddoo,laddoo,midday,school
gv some pickle,gve some pickle,pickle,morning,home
my clothesare loose,my clothes loose,my clothes are loose,afternoon,hospital
i want a drink,i want a drink,soda,night,community
it inside the fridge,it inside the fridge,fridge,afternoon,hospital
pleasecome here,please come here here,please come here,evening,restaurant
there is a duck,there is a duck,duck,night,community
how lng,how long,how long,night,community
take me todoctor,take me doctor,doctor,afternoon,hospital
i have allergy,i have allergy,allergy,afternoon,hospital
there is a monkey,there is a monkey,monkey,afternoon,hospital
i want to wr belt,i want to wr belt,belt,evening,restaurant
shall we go to playground,shall we go to playground,playground,midday,school
i want pudding,i want pudding,pudding,midday,school
i want a drink,i want a drink,coca-cola,evening,restaurant
m elbow,m elbow,elbow,afternoon,hospital
i want sheera,i want sheera,sheera,midday,school
i want to chang my t-shirt,i want to change my t-shirt,change t-shirt,evening,restaurant
whr is the pencil lead,where is the pencil lead,pencil lead,night,community
i want to sleep,i want to sleep,rest,evening,restaurant
i want to eat,i want to eat,snack,afternoon,hospital
its purlpe,its purple,purple,morning,home
takeme to staffroom,take to staffroom,staffroom,midday,school
i am hungry,i am hungry,snack,afternoon,hospital
catch-catch,catch-catch,catch-catch,morning,home
i need medicine,i need medicine,syrup,night,community
i want chikoo milkshake,i want chikoo milkshake,chikoo milkshake,evening,restaurant
giev me papaya,give me papaya,papaya,evening,restaurant
i wan to sleep,i wan to sleep,rest,evening,restaurant
i want to eat with small bts,i want to eat with small bites,eat with small bites,midday,school
i want a drink,i want a drink,water,morning,home
no picking onse please,no picking zone please,no picking nose please,evening,restaurant
i am thirsty,i am thirsty,soda,night,community
give me energy drink,give me energy drink,energy drink,night,community
i need sanitary napkin,i need sanitary napkins,sanitary napkins,night,community
i want to sleep,i want to sleep,nap,afternoon,hospital
its in kithcen,its in kitchen,kitchen,morning,home
i want chocolate cookie,i want chocolate cookie,chocolate cookies,evening,restaurant
i want some snac mix,i want some snack mix,snack mix,night,community
i want a drink,i want a drink,water,afternoon,hospital
can you hepl me do this,can you hepl me do this,help me do this,night,community
ho much is it,how much is it,how much,midday,school
i want food,i want food,dinner,night,community
i am hungry,i am hungry,breakfast,morning,home
no kicking pleas,no kicking please,no kicking please,afternoon,hospital
its a sprrw,its a sparrow,sparrow,evening,restaurant
i want fis,i want fish,fish,afternoon,hospital
 want bhakri,want bhakri,bhakri,morning,home
i like popcorrn,i like popcorrn,popcorn,midday,school
i want to eat,i want to eat,breakfast,morning,home
i am thirsty,i am thirsty,soda,night,community
draw aslanting line,draw slanting line,slanting line,midday,school
i need medicin,i need medicin,tablet,morning,home
i want macaroons,i want macaroons,macaroons,night,community
what is thecurrent time,what is current time,current time,evening,restaurant
its prpl,its purple,purple,evening,restaurant
i want a drink,i want a drink,juice,midday,school
there isa mouse,there is mouse,mouse,morning,home
i wnat to bathe,i what to bathe,bathing,evening,restaurant
i want to change my shoe,i want to change my shoe,change shoes,morning,home
make me some frnech toast,make me some french toast,french toast,evening,restaurant
there is a bsn,there is a bison,bison,evening,restaurant
i want my lunch bx,i want my lunch box,lunch box,night,community
there is the fox,there is the fox,fox,evening,restaurant
i am hungry,i am hungry,tiffin,evening,restaurant
i feel cold,i feel cold,coat,night,community
i want pizza,i want pizza,pizza,midday,school
there is the mu,there is the mug,mug,afternoon,hospital
give m a spoon,give m a spoon,spoon,afternoon,hospital
i wan a drink,i wan a drink,water,afternoon,hospital
please show me,please show me,please show me,midday,school
i want to eat,i want to eat,dinner,night,community
rn,run,run,afternoon,hospital
i feel tired,i feel tired,i feel tired,midday,school
itsthe elephant,itsthe elephant,elephant,night,community
i wnt my boot,i want my boot,boot,morning,home
my hnads,my hands,hands,midday,school
i feel cold,i feel cold,coat,night,community
happydiwali,happydiwali,diwali,midday,school
switch on the light,switch on the light,light,midday,school
i want a drink,i want a drink,soda,night,community
ge my necklace,gve my necklace,necklace,morning,home
i want to sleep,i want to sleep,nap,morning,home
i amin danger,i pain danger,danger,midday,school
give me some milk,give me some milk,milk,night,community
i want to eat,i want to eat,breakfast,morning,home
i want t change my socks,i want t change my socks,change socks,midday,school
i am amazed,i am amazed,amazed,evening,restaurant
bk some vegitables,bk some vegitables,baked vegetables,midday,school
i want fud,i want fud,breakfast,morning,home
i wnt pudding,i want pudding,pudding,night,community
i wnt to wear shorts,i want to wear shorts,shorts,afternoon,hospital
"""pleas give me a dosa.""","""please give me a dosa.""",kabab,morning,home
rosogulla is so tasty,rosogulla is so tasty,rosogulla,evening,restaurant
i want pzz,i want pizza,pizza,morning,home
itsthe elephant,itsthe elephant,elephant,midday,school
i love rcqt sports,i love rcqt sports,racquet sports,night,community
 want donut,want donut,donut,afternoon,hospital
omelette pls,omelette pls,omelette,midday,school
i want to change my innerwear,i want to change my innerwear,change innerwear,evening,restaurant
i like cheese updding,i like cheese pudding,cheese pudding,evening,restaurant
its a crow,its a crow,crow,midday,school
i want to change myshoe,i want to change shoe,change shoes,evening,restaurant
can youroast beef,can roast beef,roast beef,evening,restaurant
can you make m some scrambled eggs,can you make m some scrambled eggs,scrambled eggs,afternoon,hospital
i wan food,i wan food,snack,afternoon,hospital
i am hungry,i am hungry,tiffin,evening,restaurant
i wantcold coffee,i wantcold coffee,cold coffee,morning,home
i want someraita,i want someraita,raita,night,community
tis a snake,this a snake,snake,morning,home
 want shampoo,want shampoo,shampoo,afternoon,hospital
i want to sleep,i want to sleep,sleep,night,community
ist italian,it italian,italian,night,community
i feel pain,i feel pain,rest,morning,home
i wan to sleep,i wan to sleep,nap,afternoon,hospital
i need medicine,i need medicine,tablet,midday,school
i want to sleep,i want to sleep,nap,midday,school
i need cable,i need cable,cable,morning,home
hi-fiev,hi-five,hi-five,night,community
i wantto watch cricket,i want watch cricket,cricket,morning,home
 want to play frisbee,want to play frisbee,frisbee,night,community
how muchis it,how much it,how much,midday,school
i feel pain,i feel pain,rest,morning,home
noodlespls,noodles,noodles,afternoon,hospital
my legs,my legs,legs,afternoon,hospital
happy new year,happy new year,new year,night,community
tell m a story,tell m a story,bed time story book,morning,home
where is the pencil lead,where is the pencil lead,pencil lead,afternoon,hospital
excuse m pls,excuse m pls,excuse me,morning,home
i want to eat,i want to eat,tiffin,evening,restaurant
no hands in underpants,no hands in underpants,no hands in underpants,evening,restaurant
i am hungry,i am hungry,breakfast,morning,home
omelette pls,omelette pls,omelette,afternoon,hospital
i want pi,i want pit,pie,afternoon,hospital
its in my cupboard,its in my cupboard,cupboard,night,community
add some mustard,add some mustard,mustard,morning,home
 want aaloo poori,want aaloo poori,aaloo poori,evening,restaurant
i want a drnk,i want a drnk,juice,midday,school
its toocold,its toocold,cold,midday,school
there is the dove,there is the dove,dove,evening,restaurant
i need medicine,i need medicine,tablet,midday,school
pleasecome here,please come here here,please come here,night,community
strangers- beware,strangers- beware!,strangers- beware!,afternoon,hospital
i need medicin,i need medicin,syrup,evening,restaurant
no hitting please,no hitting please,no hitting please,midday,school
give mypillows,give pillows,pillows,evening,restaurant
beautifu colors,beautiful colors,colors,evening,restaurant
give me someeggs,give me someeggs,eggs,evening,restaurant
shall we go to an restaurant,shall we go to an restaurant,restaurant,midday,school
its a snake,its a snake,snake,afternoon,hospital
beautiful coolrs,beautiful colors,colors,morning,home
i want to go snowboarding,i want to go snowboarding,snowboarding,evening,restaurant
itsin kitchen,its kitchen,kitchen,morning,home
my eyes,my eyes,eyes,evening,restaurant
i want a drink,i want a drink,water,morning,home
i am disappointed,i am disappointed,disappointed,evening,restaurant
happy brthdy,happy birthday,brother's birthday,afternoon,hospital
it is 50 rupees,it is 50 rupees,inr 50,evening,restaurant
i am thirsty,i am thirsty,water,morning,home
give me peanu butter,give me peanut butter,peanut butter,midday,school
i amfeeling cold,i feeling cold,feeling cold,afternoon,hospital
it pink,it pink,pink,midday,school
go bac,go back,back,night,community
microwave t,microwave t,microwave,night,community
i feel pain,i feel pain,rest,morning,home
give me a cu,give me a cut,cup,midday,school
i want papad,i want papad,papad,morning,home
i want to wear shrots,i want to wear shorts,shorts,midday,school
its wsm,its wsm,awesome!,midday,school
i want jalebi,i want jalebi,jalebi,midday,school
i want to go snowboarding,i want to go snowboarding,snowboarding,night,community
give me sm biscuit,give me sm biscuit,biscuits,evening,restaurant
gv some pickle,gve some pickle,pickle,evening,restaurant
i am thirsty,i am thirsty,water bottle,midday,school
i feel pain,i feel pain,doctor,afternoon,hospital
blowmy nose,blow nose,blow nose,midday,school
use paepr clip,use paper clip,paper clip,evening,restaurant
i want to change my jeans,i want to change my jeans,change jeans,midday,school
i want dnout,i want donut,donut,evening,restaurant
i want to change my shorts,i want to change my shorts,change shorts,night,community
"""give me water.""","""give me water.""",water,afternoon,hospital
i want to sleep,i want to sleep,sleep,night,community
can you take me for hiking,can you take me for hiking,hiking,afternoon,hospital
can you keep distancewhile talking,can you keep distance talking,keep distance while talking,midday,school
i want food,i want food,snack,afternoon,hospital
i want a drnk,i want a drnk,juice,midday,school
i need medicin,i need medicin,syrup,evening,restaurant
it is 100 rupees,it is 100 rupees,inr 100,morning,home
my eblow,my blow,elbow,night,community
add osme chilli flakes,add some chilli flakes,chilli flakes,midday,school
i wan food,i wan food,tiffin,evening,restaurant
its so golde,its so golden,golden,morning,home
i want to change my frock,i want to change my frock,change frock,evening,restaurant
good ftrnn,good ftrnn,good afternoon,evening,restaurant
there s the hippopotamus,there s the hippopotamus,hippopotamus,morning,home
can you change to previous channel,can you change to previous channel,previous channel,midday,school
happy ganesh chtrth,happy ganesh chaturthi,ganesh chaturthi,evening,restaurant
i want fud,i want fud,dinner,night,community
noodles pls,noodles pls,noodles,evening,restaurant
take my drawnig book,take my drawing book,drawing book,night,community
i want to change my footwear,i want to change my footwear,change footwear,midday,school
taek my coat,take my coat,coat,midday,school
thereis a duck,there's a duck,duck,midday,school
i want food,i want food,breakfast,morning,home
ho much is it,how much is it,how much,evening,restaurant
itsthe elephant,itsthe elephant,elephant,afternoon,hospital
i want some rotti,i want some rotti,roti,midday,school
good frdy,good friday,good friday,evening,restaurant
lets go to fruit shop,lets go to fruit shop,fruit shop,afternoon,hospital
there isthe horse,there the horse,horse,afternoon,hospital
ther is the lock and key,there is the lock and key,lock and key,afternoon,hospital
i awnt honey,i ant honey,honey,morning,home
i love racquetsports,i love racquet sports,racquet sports,afternoon,hospital
add somechilli,add chilli,chilli,afternoon,hospital
happy labour day,happy labour day,labour day,night,community
i m all done,i m all done,i am all done,afternoon,hospital
give me pe,give me pie,pen,midday,school
cn w go to ice hockey,can w go to ice hockey,ice hockey,night,community
my anlke aches,my ankle aches,ankle,afternoon,hospital
i amall done,i mall done,i am all done,midday,school
there s the giraffe,there s the giraffe,giraffe,afternoon,hospital
iam disappointed,am disappointed,disappointed,midday,school
give me some chutney,give me some chutney,chutney,morning,home
i want to go snowboarding,i want to go snowboarding,snowboarding,afternoon,hospital
take my bag,take my bag,bag,evening,restaurant
i wantstapler,i stapler,stapler,midday,school
open th door,open the door,door,midday,school
i want to eat,i want to eat,lunch,midday,school
i wan croissant,i want croissant,croissant,midday,school
i feel pain,i feel pain,nurse,midday,school
thisis my chappals,this my chappals,chappals,afternoon,hospital
n pinching please,n pinching please,no pinching please,afternoon,hospital
i want a drink,i want a drink,water,morning,home
i want to sleep,i want to sleep,nap,afternoon,hospital
i want pzz,i want pizza,pizza,night,community
can you rst beef,can you roast beef,roast beef,night,community
addsome maple syrup,addsome maple syrup,maple syrup,night,community
i want to go to bed,i want to go to bed,bed,morning,home
giveme fruit punch,give fruit punch,fruit punch,night,community
ther is some money,there is some money,money,afternoon,hospital
can you help m remove clothes,can you help m remove clothes,help remove clothes,night,community
happy holi,happy holi,holi,midday,school
iwant some snacks,want some snacks,snacks,afternoon,hospital
 need cold drinks,need cold drinks,cold drinks,evening,restaurant
i feel pain,i feel pain,clinic,night,community
i want a roast prk,i want a roast pork,roast pork,midday,school
i feel pain,i feel pain,rest,morning,home
i feel cold,i feel cold,coat,night,community
this is my favorit book,this is my favorite book,favorite book,afternoon,hospital
i wanthard boiled eggs,i wanthard boiled eggs,hard boiled eggs,morning,home
there is thegiraffe,there is giraffe,giraffe,morning,home
can you read this for me,can you read this for me,read,midday,school
hppy birthday mom,happy birthday mom,mom's birthday,morning,home
makeme sit in sofa,make sit in sofa,sofa,evening,restaurant
i want to eat,i want to eat,dinner,night,community
i am feeling wrm,i am feeling warm,feeling warm,midday,school
com lets dance,come lets dance,lets dance,afternoon,hospital
i want a drnk,i want a drnk,water,afternoon,hospital
i am hungry,i am hungry,breakfast,morning,home
it i 200 rupees,it i 200 rupees,inr 200,evening,restaurant
make me sit in sf,make me sit in sf,sofa,evening,restaurant
i see a crocodil,i see a crocodile,crocodile,evening,restaurant
i want to eat,i want to eat,lunch,midday,school
salad is nic,salad is nice,salad,afternoon,hospital
i wan to go to church,i want to go to church,church,evening,restaurant
cacth-catch,catch-catch,catch-catch,midday,school
there is the skunk,there is the skunk,skunk,morning,home
i want pnppl,i want pnppl,pineapple,night,community
i want food,i want food,tiffin,evening,restaurant
i wan food,i wan food,snack,afternoon,hospital
there ispanda,there panda,panda,midday,school
"""please give me a ds.""","""please give me a dosa.""",kabab,night,community
i love racquet sports,i love racquet sports,racquet sports,morning,home
can we play indoor gms,can we play indoor games,indoor games,afternoon,hospital
i need sanitary napkin,i need sanitary napkins,sanitary napkins,morning,home
happy birthday,happy birthday,birthdays,evening,restaurant
can you change to previous channel,can you change to previous channel,previous channel,morning,home
its my hbt,its my habit,habits,midday,school
giv some pickle,give some pickle,pickle,afternoon,hospital
it is black,it is black,black,morning,home
i want ht chocolate,i want hot chocolate,hot chocolate,night,community
giv me museli,give me museli,muesli,morning,home
i want to change myt-shirt,i want to change t-shirt,change t-shirt,morning,home
i love bowling,i love bowling,bowling,morning,home
i wan to sleep,i wan to sleep,nap,midday,school
i like kabaddi,i like kabaddi,kabaddi,midday,school
happy halloween,happy halloween,halloween,night,community
happy birtdhay,happy birthday,friend's birthday,night,community
i wan to eat,i wan to eat,lunch,midday,school
i love racquetsports,i love racquet sports,racquet sports,evening,restaurant
noodlespls,noodles,noodles,morning,home
ho much is it,how much is it,how much,afternoon,hospital
i watn hard boiled eggs,i what hard boiled eggs,hard boiled eggs,midday,school
i need cable,i need cable,cable,evening,restaurant
i lk basket ball,i lk basket ball,basketball,morning,home
i want a drink,i want a drink,juice,midday,school
i need medicin,i need medicin,capsule,afternoon,hospital
grindit,grind,grinder,afternoon,hospital
i watn leggings,i what leggings,leggings,night,community
i wan a drink,i wan a drink,juice,midday,school
nice to meet oyu,nice to meet oyu,nice to meet you,morning,home
thi is brown,this is brown,brown,midday,school
myear,year,ears,night,community
my ns,my ns,nose,midday,school
i am thirsty,i am thirsty,soda,night,community
i wan a drink,i wan a drink,juice,midday,school
tk that book,tk that book,book,morning,home
this is my favorite book,this is my favorite book,favorite book,evening,restaurant
i want pav bhaji,i want pav bhaji,pav bhaji,afternoon,hospital
i am angry,i am angry,angry,night,community
t??s the peach,its the peach,peach,night,community
no htiting please,no hitting please,no hitting please,night,community
there is knigfisher,there is kingfisher,kingfisher,evening,restaurant
good evening,good evening,evening,evening,restaurant
i wan a drink,i wan a drink,water,morning,home
where is my pants,where is my pants,pants,afternoon,hospital
i want fud,i want fud,breakfast,morning,home
i feel pain,i feel pain,clinic,night,community
i want to eat,i want to eat,snack,afternoon,hospital
plaese,please,please,midday,school
i am getting read,i am getting read,getting ready,afternoon,hospital
i wan to sleep,i wan to sleep,rest,evening,restaurant
good evening,good evening,good evening,night,community
i like chocolate milkshake,i like chocolate milkshake,chocolate milkshake,morning,home
i want to sleep,i want to sleep,nap,morning,home
i want to sleap,i want to sleap,nap,midday,school
i want dosa,i want dosa,dosa,morning,home
give me a crayon,give me a crayon,crayon,midday,school
i wan food,i wan food,breakfast,morning,home
i wan jalebi,i want jalebi,jalebi,afternoon,hospital
i want to be alone,i want to be alone,i want to be alone,evening,restaurant
i want a drink,i want a drink,coca-cola,evening,restaurant
go to the meet shop,go to the meet shop,meat shop,afternoon,hospital
i want fud,i want fud,lunch,midday,school
please gvie me,please gve me,please give me,night,community
i wan food,i wan food,lunch,midday,school
is this th standing line,is this the standing line,standing line,night,community
i wan food,i wan food,lunch,midday,school
i feel cold,i feel cold,coat,night,community
its th donkey,its the donkey,donkey,midday,school
there is my frock,there is my frock,frock,afternoon,hospital
dad some pepper,dad some pepper,pepper,night,community
i feel cold,i feel cold,jacket,midday,school
i am thirsty,i am thirsty,water,morning,home
take that obwl,take that owl,bowl,afternoon,hospital
i love gulab jamun,i love gulab jamun,gulab jamun,evening,restaurant
 want hamburger,want hamburger,hamburger,midday,school
where is my plat,where is my plate,plate,midday,school
i wan a drink,i wan a drink,water,morning,home
 want hamburger,want hamburger,hamburger,night,community
give me enregy drink,give me energy drink,energy drink,night,community
take me to stffrm,take me to staffroom,staffroom,midday,school
buy mea mountain dew,buy me mountain dew,mountain dew,midday,school
ti??s a cuckoo,this a cuckoo,cuckoo,midday,school
give mepepsi,give pepsi,pepsi,midday,school
shall we go t playground,shall we go t playground,playground,midday,school
can we go ice skating,can we go ice skating,iceskating,afternoon,hospital
i want to wear socks,i want to wear socks,socks,midday,school
i want a drnk,i want a drnk,coca-cola,evening,restaurant
happy independence day,happy independence day,independence day,afternoon,hospital
i feel pain,i feel pain,doctor,afternoon,hospital
give orange,give orange,orange,afternoon,hospital
i was touched inappropriately,i was touched inappropriately,i was touched inappropriately,night,community
i am feeling ashmed,i am feeling ashmed,ashamed,morning,home
goodnight,good night,good night,morning,home
ilike guava,like guava,guava,afternoon,hospital
give me somebiscuit,give me biscuit,biscuits,midday,school
myneck,neck,neck,night,community
it i 2000 rupees,it i 2000 rupees,inr 2000,morning,home
i need hel,i need hepl,i need help,midday,school
there isthe skiping rope,there the skiping rope,skipping rope,night,community
i need help,i need help,i need help,night,community
i seebirds,i birds,birds,evening,restaurant
give me a crayon,give me a crayon,crayon,morning,home
i am bored,i am bored,bored,midday,school
i want food,i want food,tiffin,evening,restaurant
give me flavoured milk,give me flavoured milk,flavoured milk,night,community
my hnads,my hands,hands,morning,home
can you roast beef,can you roast beef,roast beef,night,community
its so hot,its so hot,hot,midday,school
i want opha,i want poha,poha,night,community
i am hungry,i am hungry,lunch,midday,school
its on thedesk,its on thedesk,desk,night,community
give some ketchup,give some ketchup,ketchup,afternoon,hospital
my ihp,my ihp,hip,night,community
help me with myshoes,help me with shoes,shoes,morning,home
i want to sleep,i want to sleep,nap,midday,school
give me somefood,give me somefood,food,midday,school
can you hepl me do this,can you hepl me do this,help me do this,afternoon,hospital
i wan a drink,i wan a drink,water,afternoon,hospital
"""pleas give me a dosa.""","""please give me a dosa.""",kabab,afternoon,hospital
it is my school noteboo,it is my school notebook,school notebook,afternoon,hospital
i wantpav bhaji,i wantpav bhaji,pav bhaji,morning,home
mk me a protien shake,mk me a protien shake,protien shake,evening,restaurant
microwave t,microwave t,microwave,midday,school
where is my plate,where is my plate,plate,afternoon,hospital
itsfun,itsfun,fun,afternoon,hospital
i wan a drink,i wan a drink,soda,night,community
shallwe go to an restaurant,shall go to an restaurant,restaurant,midday,school
its a cbue,its a cube,cube,night,community
i wan a drink,i wan a drink,water,afternoon,hospital
its abuffalo,its buffalo,buffalo,afternoon,hospital
it a sparrow,it a sparrow,sparrow,morning,home
i feel pain,i feel pain,rest,morning,home
i wan to eat,i wan to eat,breakfast,morning,home
give me banana,give me banana,banana,morning,home
give me a granolabar,give me a granola bar,granola bar,night,community
strangers- beware!,strangers- beware!,strangers- beware!,afternoon,hospital
i feel pain,i feel pain,doctor,afternoon,hospital
i want some beans o toast,i want some beans o toast,beans on toast,evening,restaurant
ru,run,run,evening,restaurant
i want some pr,i want some pr,pear,midday,school
where is the muffin,where is the muffin,muffin,morning,home
take me tobathroom,take me bathroom,bathroom,evening,restaurant
i want pineapple juiec,i want pineapple juice,pineapple juice,morning,home
i want aaloo poori,i want aaloo poori,aaloo poori,night,community
i was pushe,i was pushed,i was pushed,afternoon,hospital
takeme to staffroom,take to staffroom,staffroom,afternoon,hospital
get me a glass,get me a glass,glass,night,community
i wan a drink,i wan a drink,water,afternoon,hospital
i wan to sleep,i wan to sleep,nap,midday,school
i have my mourning routine,i have my mourning routine,morning routine,afternoon,hospital
put my body vest,put my body vest,body vests,night,community
i want miranda,i want miranda,mirinda,night,community
i am feeling cold,i am feeling cold,feeling cold,morning,home
i love ssg,i love ssg,sausage,night,community
mkae me a protien shake,make me a protien shake,protien shake,morning,home
i want to wear blet,i want to wear lets,belt,night,community
iwant mashed potatoes,want mashed potatoes,mashed potatoes,midday,school
i want to wash my faec,i want to wash my face,face wash,morning,home
i am thirsty,i am thirsty,juice,evening,restaurant
give osme ketchup,give some ketchup,ketchup,midday,school
i want to sleap,i want to sleap,nap,morning,home
how many,how many,how many,afternoon,hospital
i am thirsty,i am thirsty,juice,evening,restaurant
i want jackfruit,i want jackfruit,jackfruit,morning,home
i like strwbrry,i like strawberry,strawberry,night,community
i like chocolat milkshake,i like chocolate milkshake,chocolate milkshake,morning,home
can you change to previous channel,can you change to previous channel,previous channel,evening,restaurant
goo night,good night,good night,night,community
i want a drnk,i want a drnk,water,morning,home
i want a drink,i want a drink,water,afternoon,hospital
i need some sabmhar,i need some sambhar,sambhar,afternoon,hospital
this is my fvrt book,this is my fvrt book,favorite book,midday,school
i feel cold,i feel cold,coat,night,community
it is 2000 rupees,it is 2000 rupees,inr 2000,evening,restaurant
give me som eggs,give me some eggs,eggs,morning,home
iam done eating,am done eating,eating,night,community
i need medicine,i need medicine,syrup,evening,restaurant
i feel cold,i feel cold,sweater,evening,restaurant
take m to the park,take m to the park,park,afternoon,hospital
its a rainy dy,its a rainy day,rainy,morning,home
there is the lamp,there is the lamp,lamp,midday,school
give me eclairs,give me eclairs,eclairs,evening,restaurant
give me pepsi,give me pepsi,pepsi,afternoon,hospital
can you repeat that question,can you repeat that question,questions,midday,school
i want coca-cola,i want coca-cola,coca-cola,midday,school
i need some sabmhar,i need some sambhar,sambhar,evening,restaurant
make some music,make some music,make music,midday,school
gooddrama,gooddrama,drama,morning,home
my r,my r,ears,night,community
my ihp,my ihp,hip,evening,restaurant
i want to sleep,i want to sleep,sleep,morning,home
i wan food,i wan food,dinner,night,community
i want to change,i want to change,change,afternoon,hospital
i feel cold,i feel cold,shawl,afternoon,hospital
i awnt medu wada,i ant medu wada,medu wada,midday,school
take me to gymnastics,take me to gymnastics,gymnastics,morning,home
"""please give m a dosa.""","""please give m a dosa.""",kabab,evening,restaurant
i like popcrorn,i like popcorn,popcorn,morning,home
be safety,be safety,safety,afternoon,hospital
i am hungry,i am hungry,dinner,night,community
i am thirsty,i am thirsty,water,morning,home
there is my frock,there is my frock,frock,night,community
give some ketchup,give some ketchup,ketchup,evening,restaurant
i am hungry,i am hungry,breakfast,morning,home
i want to eat,i want to eat,snack,afternoon,hospital
i want to rd bicycle,i want to red bicycle,bicycle,midday,school
give me a cake slic,give me a cake slice,cake slice,night,community
giv me some fruit,give me some fruit,fruit,morning,home
hello aunt,hello aunt,aunt,night,community
take my coat,take my coat,coat,morning,home
cn w go to ice hockey,can w go to ice hockey,ice hockey,evening,restaurant
i want a drink,i want a drink,water,morning,home
i want sm pear,i want sm pear,pear,night,community
i feel pain,i feel pain,rest,morning,home
take me to ply room,take me to play room,play room,morning,home
i feel pain,i feel pain,nurse,midday,school
i wan to sleep,i wan to sleep,nap,afternoon,hospital
i want to sleap,i want to sleap,nap,midday,school
can you make me poache eggs,can you make me poached eggs,poached eggs,morning,home
i want cff,i want cff,coffee,morning,home
ther is the lock and key,there is the lock and key,lock and key,evening,restaurant
i am hungry,i am hungry,tiffin,evening,restaurant
its in our living rm,its in our living rm,living room,morning,home
what i the current month,what i the current month,current month,morning,home
can you help pu on clothes,can you help put on clothes,help put on clothes,night,community
let go in escalator,lets go in escalator,escalator,evening,restaurant
i feel pain,i feel pain,doctor,afternoon,hospital
i want t watch football,i want t watch football,football,evening,restaurant
i want food,i want food,lunch,midday,school
gv me pepsi,gve me pepsi,pepsi,afternoon,hospital
i want bournvita,i want bournvita,bournvita,afternoon,hospital
i am thirsty,i am thirsty,water bottle,midday,school
i was puhsed,i was pushed,i was pushed,evening,restaurant
i wnat to bathe,i what to bathe,bathing,night,community
i am thirsty,i am thirsty,water,afternoon,hospital
h-fv,h-fv,hi-five,afternoon,hospital
i want to eat,i want to eat,snack,afternoon,hospital
i feel pain,i feel pain,doctor,afternoon,hospital
go to medicalshop,go to medical,medical shop-chemist's shop-pharmacy,morning,home
 want kiwi,want kiwi,kiwi,morning,home
myneck,neck,neck,evening,restaurant
i want to go to clinic,i want to go to clinic,clinic,afternoon,hospital
i need cold drinks,i need cold drinks,cold drinks,evening,restaurant
i want to eat,i want to eat,lunch,midday,school
take me to bedroo,take me to bedroom,bedroom,morning,home
can you comb m hair,can you comb m hair,comb hair,evening,restaurant
mosquito bites,mosquito bites,mosquito,evening,restaurant
b safety,b safety,safety,morning,home
this is my chappals,this is my chappals,chappals,evening,restaurant
i am stressed t,i am stressed t,stressed,afternoon,hospital
i watn leggings,i what leggings,leggings,morning,home
i like to watch rollerskating,i like to watch rollerskating,rollerskating,midday,school
i wantto change my innerwear,i want change my innerwear,change innerwear,afternoon,hospital
give me gajarhalw,give me gajarhalwa,gajarhalwa,morning,home
i am thirsty,i am thirsty,water bottle,midday,school
i am afraid,i am afraid,afraid,midday,school
i want to wear salwar kameez,i want to wear salwar kameez,salwar kameez,midday,school
i watn to go to bed,i what to go to bed,bed,night,community
it is 500rupees,it is rupees,inr 500,morning,home
can weplay hide and seek,can play hide and seek,hide and seek,morning,home
i want to wear socks,i want to wear socks,socks,night,community
i am in adnger,i am in danger,danger,evening,restaurant
sabzi is nice,sabzi is nice,sabzi,morning,home
switch to next channel,switch to next channel,next channel,midday,school
how lon,how long,how long,afternoon,hospital
its a cucko,its a cuckoo,cuckoo,morning,home
i want some grapes,i want some grapes,grapes,night,community
i want to wr salwar kameez,i want to wr salwar kameez,salwar kameez,midday,school
where s the baby,where s the baby,baby,midday,school
take that obwl,take that owl,bowl,morning,home
give memaaza,give maaza,maaza,midday,school
there is the skunk,there is the skunk,skunk,night,community
i want ice cream,i want ice cream,icecream,morning,home
i am hungry,i am hungry,snack,afternoon,hospital
i want to eat,i want to eat,snack,afternoon,hospital
my ear,my ear,ears,night,community
crumble it,crumble it,crumble,morning,home
i wan to do some exercise,i want to do some exercise,exercises,morning,home
can we play indoor gms,can we play indoor games,indoor games,evening,restaurant
its the kangaroo,its the kangaroo,kangaroo,midday,school
i wan poha,i want poha,poha,morning,home
i wan to sleep,i wan to sleep,nap,morning,home
i need medicine,i need medicine,tablet,midday,school
its the peach,its the peach,peach,evening,restaurant
ilike sports,like sports,sports,morning,home
i want some steamed veggies,i want some steamed veggies,steamed veggies,midday,school
i wan to sleep,i wan to sleep,nap,midday,school
i want to s nurse,i want to s nurse,nurse,afternoon,hospital
i want to rd bicycle,i want to red bicycle,bicycle,morning,home
i want cocac-ola,i want coca-cola,coca-cola,afternoon,hospital
i want a drink,i want a drink,soda,night,community
i see a crocodile,i see a crocodile,crocodile,midday,school
its too cold,its too cold,cold,afternoon,hospital
no talking while eating please!,no talking while eating please!,no talking while eating please!,evening,restaurant
i want osme rotti,i want some rotti,roti,evening,restaurant
ilike guava,like guava,guava,evening,restaurant
i wan chocolate cookie,i want chocolate cookie,chocolate cookies,afternoon,hospital
add more sause,add more sause,sauce,morning,home
i needa break,i need break,i need a break,midday,school
i need medicin,i need medicin,capsule,afternoon,hospital
thereis a duck,there's a duck,duck,afternoon,hospital
cover me with blankets,cover me with blankets,blanket,evening,restaurant
i awnt honey,i ant honey,honey,night,community
i was hit,i was hit,i was hit,afternoon,hospital
i feel cold,i feel cold,jacket,midday,school
i want food,i want food,dinner,night,community
my hd,my hd,head,morning,home
i like barfi,i like barfi,barfi,afternoon,hospital
take my dress,take my dress,dress,morning,home
i want pineapple juice,i want pineapple juice,pineapple juice,morning,home
i want some lmn juice,i want some lemon juice,lemon juice,night,community
give me an eraser,give me an eraser,eraser,morning,home
please show me,please show me,please show me,afternoon,hospital
noodles pls,noodles pls,noodles,midday,school
its a raiyn day,its a rainy day,rainy,midday,school
it?? a cockroach,its a cockroach,cockroach,night,community
take the bat andball,take the bat handball,bat and ball,morning,home
give me sm nuts,give me sm nuts,nuts,evening,restaurant
my ankle aches,my ankle aches,ankle,night,community
i wan to sleep,i wan to sleep,sleep,night,community
give m some food,give m some food,food,afternoon,hospital
hello nty,hello aunty,aunt,afternoon,hospital
take me to bedroom,take me to bedroom,bedroom,afternoon,hospital
i feel pain,i feel pain,clinic,night,community
i am doing leg exercise,i am doing leg exercise,leg exercises,night,community
there are some garbage in the bin,there are some garbage in the bin,garbage in the bin,midday,school
i want to eat,i want to eat,snack,afternoon,hospital
pleas,please,please,midday,school
i want a drnk,i want a drnk,water,morning,home
gv me paint,gve me paint,paint,midday,school
i want to eat,i want to eat,tiffin,evening,restaurant
i need medicin,i need medicin,capsule,afternoon,hospital
happybirthday,birthday,father's birthday,midday,school
i lovecheese sticks,i cheese sticks,cheese sticks,midday,school
i am sad,i am sad,sad,evening,restaurant
i feel cold,i feel cold,blanket,morning,home
g to the meet shop,g to the meet shop,meat shop,morning,home
i need more time,i need more time,i need more time,midday,school
i feel cold,i feel cold,jacket,midday,school
help me wiht my shirt,help me with my shirt,shirt,morning,home
i want to be aloen,i want to be alone,i want to be alone,afternoon,hospital
i need medicine,i need medicine,tablet,midday,school
i am thirsty,i am thirsty,soda,night,community
i was puhsed,i was pushed,i was pushed,night,community
i want to sleep,i want to sleep,rest,evening,restaurant
tis awesome,this awesome,awesome!,morning,home
i feel cold,i feel cold,jacket,midday,school
i amfeeling cold,i feeling cold,feeling cold,night,community
catch-catch,catch-catch,catch-catch,midday,school
make me some french toast,make me some french toast,french toast,afternoon,hospital
no hands in underpant,no hands in underpants,no hands in underpants,evening,restaurant
getme a glass,get a glass,glass,night,community
i want to sleap,i want to sleap,nap,afternoon,hospital
there is a divdier,there is a divider,divider,midday,school
i want opha,i want poha,poha,evening,restaurant
i want food,i want food,lunch,midday,school
gv me pencil,gve me pencil,pencil,morning,home
i want to wear shorts,i want to wear shorts,shorts,night,community
i want to sleep,i want to sleep,nap,afternoon,hospital
add some peppe,add some pepper,pepper,midday,school
i am hungry,i am hungry,breakfast,morning,home
i want some soup,i want some soup,soup,morning,home
i want to eat,i want to eat,lunch,midday,school
i wantjackfruit,i jackfruit,jackfruit,evening,restaurant
i am thirsty,i am thirsty,water,morning,home
there's the penguin,there's the penguin,penguin,night,community
take my drwng book,take my drawing book,drawing book,morning,home
i amconfused,i confused,confused,midday,school
ti??s a cuckoo,this a cuckoo,cuckoo,afternoon,hospital
i want pudding,i want pudding,pudding,evening,restaurant
i feel pain,i feel pain,sit,evening,restaurant
i need a break,i need a break,i need a break,evening,restaurant
 want soda,want soda,soda,morning,home
give me peanut butter,give me peanut butter,peanut butter,midday,school
add somemustard,add mustard,mustard,afternoon,hospital
i want chioko milkshake,i want chikoo milkshake,chikoo milkshake,morning,home
addmore sause,addmore sause,sauce,afternoon,hospital
happy brthdy,happy birthday,cousin's birthday,afternoon,hospital
i want to eat,i want to eat,breakfast,morning,home
iwant cold coffee,want cold coffee,cold coffee,evening,restaurant
i am hungry,i am hungry,breakfast,morning,home
i ws scolded,i was scolded,i was scolded,night,community
i want roast lamb,i want roast lamb,roast lamb,midday,school
i want to change my ksirts,i want to change my skirts,change skirt,morning,home
i wan food,i wan food,lunch,midday,school
i want to go in bike,i want to go in bike,bike,night,community
pleaes share,please share,please share,morning,home
how,how,how,afternoon,hospital
i want to go in bike,i want to go in bike,bike,afternoon,hospital
i wantsome steamed veggies,i wantsome steamed veggies,steamed veggies,night,community
take me to food court,take me to food court,food court,morning,home
give me some nuts,give me some nuts,nuts,afternoon,hospital
i feel pain,i feel pain,clinic,night,community
where is th pelican,where is the pelican,pelican,morning,home
microwave it,microwave it,microwave,evening,restaurant
buy me a mountain dw,buy me a mountain dew,mountain dew,evening,restaurant
take me t balcony,take me t balcony,balcony,midday,school
its a rainy dy,its a rainy day,rainy,evening,restaurant
there is a monkey,there is a monkey,monkey,afternoon,hospital
i wan a drink,i wan a drink,coca-cola,evening,restaurant
three is the pig,these is the pig,pig,midday,school
its tln,its tln,italian,morning,home
its the peac,its the peach,peach,night,community
microwave it,microwave it,microwave,evening,restaurant
i want a drink,i want a drink,juice,midday,school
i want to change my frock,i want to change my frock,change frock,morning,home
i want food,i want food,dinner,night,community
i feel pain,i feel pain,nurse,midday,school
happy birthda mom,happy birthday mom,mom's birthday,morning,home
i want to change,i want to change,change,midday,school
i am stressed out,i am stressed out,stressed,evening,restaurant
take me to rltvs house,take me to rltvs house,relative's house,afternoon,hospital
it is 2000 rupees,it is 2000 rupees,inr 2000,night,community
i want m gloves,i want m gloves,gloves,night,community
i am hungry,i am hungry,snack,afternoon,hospital
i want to sleap,i want to sleap,nap,afternoon,hospital
there is a lio,there is a lion,lion,morning,home
no bitingplease,no no biting please,no biting please,midday,school
i feel pain,i feel pain,clinic,night,community
i want to sleep,i want to sleep,sleep,night,community
i have my mourning routine,i have my mourning routine,morning routine,night,community
i want a drink,i want a drink,coca-cola,evening,restaurant
my finger,my fingers,fingers,afternoon,hospital
iwant cherry,want cherry,cherry,morning,home
thecolor is white,color is white,white,morning,home
theer is an ant,these is an ant,ant,morning,home
can yo make me some scrambled eggs,can you make me some scrambled eggs,scrambled eggs,evening,restaurant
give me cooki,give me cookie,cookie,evening,restaurant
i want plum,i want plum,plum,evening,restaurant
ti??s a cockroach,this a cockroach,cockroach,night,community
is this the standing line,is this the standing line,standing line,midday,school
i am thirsty,i am thirsty,water,morning,home
i need medicine,i need medicine,syrup,night,community
i want a drnk,i want a drnk,coca-cola,evening,restaurant
make some paratha,make some paratha,paratha,night,community
 need sanitary napkins,need sanitary napkins,sanitary napkins,night,community
its cldy,its cloudy,cloudy,midday,school
t??s the peach,its the peach,peach,afternoon,hospital
i want to wr belt,i want to wr belt,belt,night,community
take me to ply room,take me to play room,play room,night,community
come letsdance,come lets dance,lets dance,morning,home
no spitting please,no spitting please,no spitting please,midday,school
'm irritated,i'm irritated,irritated,evening,restaurant
i am thirsty,i am thirsty,water bottle,midday,school
 want to sleep,want to sleep,sleep,midday,school
how are oyu,how are oyu,how are you,afternoon,hospital
i want food,i want food,lunch,midday,school
shall we go to an restaurant,shall we go to an restaurant,restaurant,evening,restaurant
i want some soup,i want some soup,soup,midday,school
i want to sleap,i want to sleap,nap,afternoon,hospital
give me some foo,give me some food,food,morning,home
add some chilli,add some chilli,chilli,afternoon,hospital
nospitting please,spitting please,no spitting please,morning,home
make me some french toast,make me some french toast,french toast,night,community
give me something to drink,give me something to drink,drinks,afternoon,hospital
i want cold coffee,i want cold coffee,cold coffee,evening,restaurant
it isblack,it black,black,midday,school
 want pork,want pork,pork,evening,restaurant
can you hel me remove clothes,can you hepl me remove clothes,help remove clothes,midday,school
i want a drnk,i want a drnk,juice,midday,school
i want my lunhc box,i want my lunch box,lunch box,night,community
where is my raincoa,where is my raincoat,raincoat,evening,restaurant
add some salt,add some salt,salt,afternoon,hospital
my hip,my hip,hip,afternoon,hospital
 like guava,like guava,guava,afternoon,hospital
open the door,open the door,door,night,community
its in my cupboard,its in my cupboard,cupboard,midday,school
lets go to clothes shop,lets go to clothes shop,clothes shop,evening,restaurant
addsome butter,addsome butter,butter,evening,restaurant
ca you change to previous channel,cat you change to previous channel,previous channel,morning,home
i want a roast pork,i want a roast pork,roast pork,afternoon,hospital
microwave it,microwave it,microwave,midday,school
take me to bathorom,take me to bathroom,bathroom,morning,home
what is thecurrent time,what is current time,current time,night,community
i want to wtch cricket,i want to watch cricket,cricket,night,community
add some maple syrup,add some maple syrup,maple syrup,afternoon,hospital
i want to sleep,i want to sleep,sleep,night,community
i want food,i want food,lunch,midday,school
i want to change my ksirts,i want to change my skirts,change skirt,midday,school
i am hungry,i am hungry,dinner,night,community
give me some pancakes,give me some pancakes,pancakes,night,community
no inappropriate touch pleas,no inappropriate touch please,no inappropriate touch please,midday,school
i want soem snacks,i want some snacks,snacks,evening,restaurant
i m done eating,i m done eating,eating,afternoon,hospital
i am thirsty,i am thirsty,water bottle,midday,school
there is the skiping rope,there is the skiping rope,skipping rope,midday,school
i wan a drink,i wan a drink,soda,night,community
i want a drink,i want a drink,coca-cola,evening,restaurant
where is the muffin,where is the muffin,muffin,evening,restaurant
i want to change my shorts,i want to change my shorts,change shorts,evening,restaurant
there is th fox,there is the fox,fox,night,community
giv me peanut butter,give me peanut butter,peanut butter,afternoon,hospital
its the dolphin,its the dolphin,dolphin,afternoon,hospital
i want doll,i want doll,doll,evening,restaurant
i wan food,i wan food,tiffin,evening,restaurant
acn you read this for me,an you read this for me,read,night,community
where is my raincoat,where is my raincoat,raincoat,midday,school
i feel cold,i feel cold,blanket,morning,home
i need cold drinks,i need cold drinks,cold drinks,night,community
godo night,good night,good night,night,community
its awesome,its awesome,awesome!,morning,home
i ilke bracelet,i milk bracelet,bracelet,morning,home
there s the horse,there s the horse,horse,afternoon,hospital
shall we go in ship,shall we go in ship,ship,night,community
i wnt pomegranate,i want pomegranate,pomegranate,night,community
i love cheese sticks,i love cheese sticks,cheese sticks,evening,restaurant
 like strawberry,like strawberry,strawberry,morning,home
mk some porridge,mk some porridge,porridge,evening,restaurant
i lovesausage,i sausage,sausage,morning,home
this is brown,this is brown,brown,midday,school
 need mutton,need mutton,mutton,midday,school
i lv gulab jamun,i lv gulab jamun,gulab jamun,night,community
i want to se my school,i want to use my school,school,midday,school
i need some chikoo,i need some chikoo,chikoo,morning,home
i want to sleep,i want to sleep,nap,afternoon,hospital
give me eclairs,give me eclairs,eclairs,afternoon,hospital
i want to wear shorts,i want to wear shorts,shorts,midday,school
i want hard boiled eggs,i want hard boiled eggs,hard boiled eggs,midday,school
hi omm,hi omm,mother,afternoon,hospital
i wan food,i wan food,tiffin,evening,restaurant
give me a cup,give me a cup,cup,night,community
i am getting ready,i am getting ready,getting ready,midday,school
i feel pain,i feel pain,doctor,afternoon,hospital
i want doll,i want doll,doll,morning,home
i need medicine,i need medicine,syrup,night,community
can you keep distance while talking,can you keep distance while talking,keep distance while talking,night,community
i wantpapad,i wantpapad,papad,night,community
i like barfi,i like barfi,barfi,midday,school
i want t wear shorts,i want t wear shorts,shorts,night,community
i want poha,i want poha,poha,afternoon,hospital
igve me salad,gve me salad,fruit salad,night,community
its in red light please stop,its in red light please stop,red light- wait,afternoon,hospital
its fn,its fun,fun,night,community
its a rainy day,its a rainy day,rainy,evening,restaurant
how lon,how long,how long,night,community
btfl colors,btfl colors,colors,afternoon,hospital
i haveallergy,i allergy,allergy,night,community
i want to sleap,i want to sleap,sleep,night,community
i want to eat,i want to eat,snack,afternoon,hospital
i wan to sleep,i wan to sleep,nap,afternoon,hospital
i am hungry,i am hungry,breakfast,morning,home
this is brown,this is brown,brown,night,community
i want fud,i want fud,snack,afternoon,hospital
i amconfused,i confused,confused,night,community
i am feeling warm,i am feeling warm,feeling warm,night,community
i was puhsed,i was pushed,i was pushed,midday,school
i want my lunchbox,i want my lunch box,lunch box,evening,restaurant
go to the meet shop,go to the meet shop,meat shop,night,community
give me some milk,give me some milk,milk,afternoon,hospital
its my habit,its my habit,habits,morning,home
menu pls,menu pls,menu,afternoon,hospital
i am thirsty,i am thirsty,soda,night,community
gv me flavoured milk,gve me flavoured milk,flavoured milk,midday,school
there is the hippopotamus,there is the hippopotamus,hippopotamus,evening,restaurant
can yo read this for me,can you read this for me,read,afternoon,hospital
i want cuppa noodles,i want cuppa noodles,cuppa noodles,morning,home
ther is a divider,there is a divider,divider,afternoon,hospital
i want to bathe,i want to bathe,bathing,midday,school
is htis the standing line,is this the standing line,standing line,night,community
giv orange,give orange,orange,midday,school
its snowy,its snowy,snowy,midday,school
i want to d some exercise,i want to d some exercise,exercises,morning,home
no spitting please,no spitting please,no spitting please,night,community
i like t watch rollerskating,i like t watch rollerskating,rollerskating,morning,home
i wan a drink,i wan a drink,water,morning,home
i need medicin,i need medicin,tablet,morning,home
i want to s nurse,i want to s nurse,nurse,evening,restaurant
beautifu colors,beautiful colors,colors,midday,school
there is the fox,there is the fox,fox,midday,school
make me a protien shake,make me a protien shake,protien shake,night,community
i am thirsty,i am thirsty,water,afternoon,hospital
do som salad dressing,do some salad dressing,salad dressing,night,community
give me a crayon,give me a crayon,crayon,afternoon,hospital
it is 050 rupees,it is 50 rupees,inr 500,morning,home
tak me to doctor,take me to doctor,doctor,morning,home
i want some rice,i want some rice,rice,midday,school
i need medicin,i need medicin,tablet,morning,home
iwant sheera,want sheera,sheera,morning,home
i want a drink,i want a drink,water,morning,home
can you bring my medicine,can you bring my medicine,medicine,night,community
i need medicin,i need medicin,syrup,evening,restaurant
i am hungry,i am hungry,snack,afternoon,hospital
i feel pain,i feel pain,clinic,night,community
give me some nuts,give me some nuts,nuts,night,community
take me to museum,take me to museum,museum,morning,home
no hnads in underpants,no hands in underpants,no hands in underpants,morning,home
happy birthday,happy birthday,father's birthday,evening,restaurant
give me coloured paper,give me coloured paper,coloured paper,evening,restaurant
i want to sleap,i want to sleap,rest,evening,restaurant
no picking nose please,no picking nose please,no picking nose please,afternoon,hospital
take me to canteen,take me to canteen,canteen,night,community
can y comb my hair,can y comb my hair,comb hair,morning,home
help me with myshoes,help me with shoes,shoes,evening,restaurant
hello nty,hello aunty,aunt,night,community
i want to eat,i want to eat,breakfast,morning,home
my hair,my hair,hair,afternoon,hospital
i want food,i want food,tiffin,evening,restaurant
give me a granola bar,give me a granola bar,granola bar,afternoon,hospital
 want shampoo,want shampoo,shampoo,evening,restaurant
my ankle aches,my ankle aches,ankle,afternoon,hospital
can you make me some scrambled eggs,can you make me some scrambled eggs,scrambled eggs,afternoon,hospital
happy birthday,happy birthday,father's birthday,morning,home
pls take me,pls take me,please take me,morning,home
i am thirsty,i am thirsty,water bottle,midday,school
i want a drink,i want a drink,water,afternoon,hospital
i was made fun of,i was made fun of,i was made fun of,morning,home
salsa atste good,salsa taste good,salsa,midday,school
there is kingfisher,there is kingfisher,kingfisher,midday,school
mosquito bites,mosquito bites,mosquito,midday,school
i want some hotdog,i want some hotdog,hotdog,midday,school
i wan food,i wan food,lunch,midday,school
lets go to the mall,lets go to the mall,mall,afternoon,hospital
bake somevegitables,bake vegitables,baked vegetables,morning,home
i want dal,i want dal,dal,night,community
i feel cold,i feel cold,shawl,afternoon,hospital
i wan to sleep,i wan to sleep,sleep,night,community
can you hepl medo this,can you hepl medu this,help me do this,evening,restaurant
greatjob,great job!!!,great job!!!,evening,restaurant
i want smoothie,i want smoothie,smoothie,morning,home
i want to change theslacks,i want to change slacks,change slacks,afternoon,hospital
pleaes share,please share,please share,evening,restaurant
give me som eggs,give me some eggs,eggs,midday,school
give me some chocolates,give me some chocolates,chocolate,evening,restaurant
i need medicine,i need medicine,syrup,evening,restaurant
make me a protie shake,make me a protien shake,protien shake,morning,home
its on the desk,its on the desk,desk,midday,school
give me som berries,give me some berries,berries,evening,restaurant
noodles lps,noodles lps,noodles,morning,home
there is th skunk,there is the skunk,skunk,midday,school
tis my birthday,this my birthday,my birthday,night,community
i want to eat,i want to eat,tiffin,evening,restaurant
open th door,open the door,door,afternoon,hospital
happy birthday,happy birthday,birthdays,midday,school
take me to the park,take me to the park,park,midday,school
tis on the desk,this on the desk,desk,night,community
i want brownei,i want brownie,brownie,evening,restaurant
i want to see my  school,i want to see my school,school,evening,restaurant
i want some pear,i want some pear,pear,evening,restaurant
switch on the air conditioner,switch on the air conditioner,air conditioner,night,community
i wan apple,i want apple,apple,night,community
its cldy,its cloudy,cloudy,night,community
please gvie me,please gve me,please give me,afternoon,hospital
shall we g in ship,shall we g in ship,ship,midday,school
 am angry,am angry,angry,afternoon,hospital
happy hallowee,happy halloween,halloween,morning,home
i am hungry,i am hungry,breakfast,morning,home
thisis my caregiver,this my caregiver,caregiver,night,community
i need some vcd,i need some vcd,avacado,morning,home
iwant to wear salwar kameez,want to wear salwar kameez,salwar kameez,morning,home
make someparatha,make paratha,paratha,midday,school
i want food,i want food,tiffin,evening,restaurant
lets go to clothes shop,lets go to clothes shop,clothes shop,afternoon,hospital
there is theknife,there is knife,knife,evening,restaurant
i want to change myt-shirt,i want to change t-shirt,change t-shirt,evening,restaurant
hav a good day,have a good day,day,night,community
i am thirsty,i am thirsty,water,morning,home
its a buffal,its a buffalo,buffalo,midday,school
gv me pencil,gve me pencil,pencil,afternoon,hospital
drawa slanting line,draw slanting line,slanting line,midday,school
hw much is it,how much is it,how much,midday,school
i want a drnk,i want a drnk,coca-cola,evening,restaurant
let go in escalator,lets go in escalator,escalator,midday,school
i want to change my leggins,i want to change my leggins,change leggings,evening,restaurant
there is kingfisher,there is kingfisher,kingfisher,evening,restaurant
gvie me fork,gve me fork,fork,morning,home
where ismy errings,where ismy errings,earrings,afternoon,hospital
strangers- beware!,strangers- beware!,strangers- beware!,morning,home
thr are some blocks,there are some blocks,blocks,night,community
give me gajarhalwa,give me gajarhalwa,gajarhalwa,night,community
take me to foo court,take me to food court,food court,midday,school
my ahnds,my hands,hands,midday,school
tell me a story,tell me a story,bed time story book,morning,home
i want a drnk,i want a drnk,coca-cola,evening,restaurant
please giv me,please give me,please give me,afternoon,hospital
i want to rd bicycle,i want to red bicycle,bicycle,afternoon,hospital
give mesome dips,give some dips,dips,afternoon,hospital
there is the lamp,there is the lamp,lamp,afternoon,hospital
my eblow,my blow,elbow,afternoon,hospital
there is the english obok,there is the english book,english book,afternoon,hospital
this hurts,this hurts,hurt,midday,school
i need medicine,i need medicine,syrup,night,community
excuse m pls,excuse m pls,excuse me,night,community
can you keep disatnce while talking,can you keep distance while talking,keep distance while talking,evening,restaurant
gv me pepsi,gve me pepsi,pepsi,evening,restaurant
i want tochange my socks,i want change my socks,change socks,morning,home
i want a drink,i want a drink,water,afternoon,hospital
hel me with my shoes,hepl me with my shoes,shoes,afternoon,hospital
i am hungry,i am hungry,snack,afternoon,hospital
i want to sleap,i want to sleap,nap,morning,home
this ismy brother,this ismy brother,brother,morning,home
i need help,i need help,i need help,evening,restaurant
give me some fruit,give me some fruit,fruit,night,community
i want plms,i want plums,plum,midday,school
catch-catc,catch-catch,catch-catch,afternoon,hospital
giveme an eraser,give an eraser,eraser,midday,school
myheart,heart,heart,midday,school
its a cueb,its a cube,cube,morning,home
i want pav bhaji,i want pav bhaji,pav bhaji,afternoon,hospital
lts go to the mall,lets go to the mall,mall,morning,home
there is a lion,there is a lion,lion,night,community
hello grandm,hello grandma,grandmother,evening,restaurant
there is the fox,there is the fox,fox,afternoon,hospital
i want to eat,i want to eat,dinner,night,community
happybirthday,birthday,father's birthday,evening,restaurant
what is the crrnt month,what is the current month,current month,evening,restaurant
its the peac,its the peach,peach,afternoon,hospital
this is brown,this is brown,brown,evening,restaurant
"""please give me a dosa.""","""please give me a dosa.""",dosa,afternoon,hospital
i want to play ipad games,i want to play ipad games,ipad games,morning,home
i want cff,i want cff,coffee,night,community
i need medicine,i need medicine,capsule,afternoon,hospital
happy hl,happy hl,holi,morning,home
i am thirsty,i am thirsty,water,afternoon,hospital
i want to change my leggins,i want to change my leggins,change leggings,night,community
i like cake,i like cake,cake,midday,school
strange,stranger,stranger,evening,restaurant
take my coat,take my coat,coat,midday,school
i need medicine,i need medicine,syrup,evening,restaurant
i am feeling warm,i am feeling warm,feeling warm,evening,restaurant
i need medicine,i need medicine,tablet,midday,school
i want to be alone,i want to be alone,i want to be alone,morning,home
takemy cap,take cap,cap,night,community
gv me pencil,gve me pencil,pencil,evening,restaurant
i want a drink,i want a drink,water,afternoon,hospital
i need medicin,i need medicin,capsule,afternoon,hospital
where is my spectacle,where is my spectacles,spectacles,midday,school
mymouth,mouth,mouth,night,community
i wan to eat,i wan to eat,dinner,night,community
pleasecome here,please come here here,please come here,morning,home
i wan food,i wan food,tiffin,evening,restaurant
nobiting please,biting please,no biting please,night,community
switchon the heater,switch the heater,heater,afternoon,hospital
i want food,i want food,lunch,midday,school
i wnat to change my frock,i what to change my frock,change frock,night,community
i wan a drink,i wan a drink,water,afternoon,hospital
give me some nuts,give me some nuts,nuts,midday,school
there is the goat,there is the goat,goat,afternoon,hospital
i want to sleep,i want to sleep,nap,midday,school
i wan a drink,i wan a drink,water,morning,home
it is my school notebook,it is my school notebook,school notebook,evening,restaurant
i want food,i want food,breakfast,morning,home
take me to play room,take me to play room,play room,evening,restaurant
i love cheese sticks,i love cheese sticks,cheese sticks,midday,school
i wan to sleep,i wan to sleep,rest,evening,restaurant
itsthe donkey,itsthe donkey,donkey,midday,school
its the green light,its the green light,green light- go,midday,school
there is a dg,there is a dog,dog,midday,school
i wan to sleep,i wan to sleep,nap,afternoon,hospital
shall we play board gm,shall we play board gm,board game,morning,home
i want sm pear,i want sm pear,pear,midday,school
pleaseshare,please share,please share,afternoon,hospital
i have flngs,i have feelings,feelings,morning,home
i lik softball,i like softball,softball,morning,home
 like sports,like sports,sports,night,community
gv some pickle,gve some pickle,pickle,afternoon,hospital
good frdy,good friday,good friday,night,community
i need medicine,i need medicine,tablet,morning,home
i see the cow,i see the cow,cow,morning,home
i want food,i want food,breakfast,morning,home
its in kitchen,its in kitchen,kitchen,night,community
igve me maaza,gve me maaza,maaza,night,community
i need medicine,i need medicine,syrup,evening,restaurant
i am sick,i am sick,sick,morning,home
my legs,my legs,legs,morning,home
help me with myshoes,help me with shoes,shoes,night,community
its my lego,its my legos,legos,afternoon,hospital
i want to changemy skirts,i want to change skirts,change skirt,midday,school
can you read this for me,can you read this for me,read,night,community
i am thirsty,i am thirsty,soda,night,community
i am hungry,i am hungry,dinner,night,community
ths is my sister,this is my sister,sister,midday,school
give me a cp,give me a cup,cup,afternoon,hospital
i want to sleap,i want to sleap,nap,midday,school
itsso foggy,its foggy,foggy,midday,school
i am inpain,i am pain,i am in pain,afternoon,hospital
i want pei,i want pepsi,pie,midday,school
i need medicine,i need medicine,capsule,afternoon,hospital
itstoo cold,itstoo cold,cold,midday,school
i want to eat,i want to eat,tiffin,evening,restaurant
please slw down,please slow down,please slow down,evening,restaurant
i want opha,i want poha,poha,midday,school
thr is kingfisher,there is kingfisher,kingfisher,morning,home
i amin pain,i pain pain,i am in pain,afternoon,hospital
i wan a drink,i wan a drink,water,morning,home
i want to sleap,i want to sleap,rest,evening,restaurant
i want my scarf,i want my scarf,scarf,night,community
h grandpa,h grandpa,grandfather,morning,home
there isa mouse,there is mouse,mouse,evening,restaurant
i have a bed time routine,i have a bed time routine,bed time routine,evening,restaurant
happy christmas,happy christmas,christmas,morning,home
i want to request oyu,i want to request oyu,requests,morning,home
i need medicine,i need medicine,syrup,evening,restaurant
i love bowling,i love bowling,bowling,midday,school
give me for,give me for,fork,midday,school
i want to be alone,i want to be alone,i want to be alone,morning,home
i wan apple,i want apple,apple,afternoon,hospital
i love gulab jmn,i love gulab jamun,gulab jamun,morning,home
i ws scolded,i was scolded,i was scolded,morning,home
i am hungry,i am hungry,breakfast,morning,home
thisis my caregiver,this my caregiver,caregiver,afternoon,hospital
can you help put on clothes,can you help put on clothes,help put on clothes,afternoon,hospital
 want to sleep,want to sleep,sleep,afternoon,hospital
i want to play with friend,i want to play with friend,play with friend,morning,home
i want to eat,i want to eat,breakfast,morning,home
i want t wear shorts,i want t wear shorts,shorts,afternoon,hospital
give me cookie,give me cookie,cookie,afternoon,hospital
i need medicine,i need medicine,syrup,night,community
i am hungry,i am hungry,breakfast,morning,home
i like chocolate milkshake,i like chocolate milkshake,chocolate milkshake,evening,restaurant
i want to eat,i want to eat,dinner,night,community
it is black,it is black,black,evening,restaurant
good mrnng,good morning,good morning,morning,home
i want to sleep,i want to sleep,rest,evening,restaurant
pls take me,pls take me,please take me,midday,school
i want mango juice,i want mango juice,mango juice,midday,school
i see acrocodile,i see crocodile,crocodile,midday,school
its purple,its purple,purple,night,community
thisis my chappals,this my chappals,chappals,morning,home
shall we lpay cards,shall we play cards,playing cards,midday,school
giv me some curd,give me some curd,curd,evening,restaurant
i want to wear watch,i want to wear watch,watch,morning,home
its tln,its tln,italian,night,community
i ilke bracelet,i milk bracelet,bracelet,afternoon,hospital
takeall the books,takeall the books,books,midday,school
giv me some fruit,give me some fruit,fruit,afternoon,hospital
its my osap,its my soap,soap,night,community
give me sm fanta,give me sm fanta,fanta,morning,home
how are oyu,how are oyu,how are you,night,community
i want to sleap,i want to sleap,sleep,night,community
i wan a drink,i wan a drink,juice,midday,school
gv me apple juice,gve me apple juice,apple juice,evening,restaurant
my legs,my legs,legs,evening,restaurant
i want pnppl juice,i want pnppl juice,pineapple juice,midday,school
i am sick,i am sick,sick,night,community
can you play with me,can you play with me,play with me,night,community
i am hungry,i am hungry,breakfast,morning,home
i am thirsty,i am thirsty,water bottle,midday,school
i like basket ball,i like basket ball,basketball,evening,restaurant
take me to hospital,take me to hospital,hospital,midday,school
i feel tired,i feel tired,i feel tired,night,community
its a cockroach,its a cockroach,cockroach,evening,restaurant
no talking whil eating please!,no talking while eating please!,no talking while eating please!,evening,restaurant
ineed cold drinks,need cold drinks,cold drinks,afternoon,hospital
its so hot,its so hot,hot,afternoon,hospital
give me a granolabar,give me a granola bar,granola bar,afternoon,hospital
its spring itme,its spring time,spring,midday,school
this is my sister,this is my sister,sister,midday,school
no pinchin please,no pinching please,no pinching please,afternoon,hospital
give me some fruit,give me some fruit,fruit,evening,restaurant
this is brow,this is brown,brown,night,community
i??ts a circle,its a circle,circle,afternoon,hospital
i am hungry,i am hungry,breakfast,morning,home
i need medicine,i need medicine,tablet,morning,home
i wnat mac and cheese,i what mac and cheese,mac and cheese,night,community
be safet,be safety,safety,afternoon,hospital
this isbrown,this brown,brown,afternoon,hospital
it is 200 rupee,it is 200 rupees,inr 200,evening,restaurant
i amangry,i angry,angry,midday,school
iwant some snacks,want some snacks,snacks,morning,home
 want bhakri,want bhakri,bhakri,evening,restaurant
i feel pain,i feel pain,doctor,afternoon,hospital
i wan a drink,i wan a drink,water,afternoon,hospital
happy easte,happy easter,easter,night,community
ti??s a cockroach,this a cockroach,cockroach,afternoon,hospital
how are you,how are you,how are you,evening,restaurant
i love gulab jmn,i love gulab jamun,gulab jamun,afternoon,hospital
i feel cold,i feel cold,blanket,morning,home
i want smth,i want smth,smoothie,evening,restaurant
gv me some chutney,gve me some chutney,chutney,afternoon,hospital
itsspring time,spring time,spring,evening,restaurant
this is my fathe,this is my father,father,night,community
taek my bag,take my bag,bag,midday,school
there is panda,there is panda,panda,evening,restaurant
give me some frozen yogurt,give me some frozen yogurt,frozen yogurt,night,community
i like lych,i like lychee,lychee,night,community
ts a snake,its a snake,snake,afternoon,hospital
i feel cold,i feel cold,shawl,afternoon,hospital
no picking onse please,no picking zone please,no picking nose please,midday,school
i want a drink,i want a drink,water,afternoon,hospital
i want towatch cricket,i want watch cricket,cricket,evening,restaurant
take me to museu,take me to museum,museum,morning,home
i want a drnk,i want a drnk,water,morning,home
i wan to eat,i wan to eat,tiffin,evening,restaurant
there is the skiping rope,there is the skiping rope,skipping rope,afternoon,hospital
i want to sleep,i want to sleep,nap,midday,school
i want a drnk,i want a drnk,coca-cola,evening,restaurant
i am hungry,i am hungry,breakfast,morning,home
i want to sleap,i want to sleap,nap,morning,home
shall w play a puzzle,shall w play a puzzle,puzzle,midday,school
i want to sleep,i want to sleep,rest,evening,restaurant
i need medicine,i need medicine,tablet,morning,home
i want mc and cheese,i want mac and cheese,mac and cheese,evening,restaurant
i wan food,i wan food,snack,afternoon,hospital
i want my lunch bx,i want my lunch box,lunch box,midday,school
my hair,my hair,hair,morning,home
give me coloured ppr,give me coloured paper,coloured paper,midday,school
i am feelingcold,i am feeling cold,feeling cold,evening,restaurant
takeall the books,takeall the books,books,evening,restaurant
i feel sick,i feel sick,i feel sick,night,community
come lets dance,come lets dance,lets dance,evening,restaurant
howare you,howare you,how are you,midday,school
rosogulla s so tasty,rosogulla s so tasty,rosogulla,afternoon,hospital
my anlke aches,my ankle aches,ankle,midday,school
i like chees,i like cheese,cheese,afternoon,hospital
i am hungry,i am hungry,breakfast,morning,home
i feel pain,i feel pain,doctor,afternoon,hospital
its a bffl,its a bffl,buffalo,evening,restaurant
i want to sleep,i want to sleep,nap,morning,home
grindit,grind,grinder,night,community
i am hungry,i am hungry,lunch,midday,school
quiet pls,quiet pls,quiet please!,afternoon,hospital
i am thirsty,i am thirsty,juice,evening,restaurant
give m muskmelon,give m muskmelon,muskmelon,midday,school
i want a drink,i want a drink,water,morning,home
grind it,grind it,grinder,evening,restaurant
welcome,welcome,greetings,night,community
it is black,it is black,black,midday,school
i want to change the slacks,i want to change the slacks,change slacks,morning,home
hw,how,how,morning,home
i want to lpay with friend,i want to play with friend,play with friend,night,community
happy birthday,happy birthday,friend's birthday,evening,restaurant
mosquito bite,mosquito bites,mosquito,evening,restaurant
there is the eagle,there is the eagle,eagle,midday,school
strangers beware!,strangers- beware!,strangers- beware!,morning,home
make soem porridge,make some porridge,porridge,midday,school
there is my frock,there is my frock,frock,morning,home
i want tochange my innerwear,i want change my innerwear,change innerwear,morning,home
shall we goin car,shall we goin car,car,afternoon,hospital
i want food,i want food,tiffin,evening,restaurant
ilove khichidi,love khichidi,khichdi,afternoon,hospital
i wan a drink,i wan a drink,water,morning,home
help me with my shirt,help me with my shirt,shirt,evening,restaurant
i want ginger l,i want ginger l,ginger ale,midday,school
where is my raincoa,where is my raincoat,raincoat,afternoon,hospital
shall wego in ship,shall wego in ship,ship,night,community
salsa taste good,salsa taste good,salsa,night,community
i feel pain,i feel pain,doctor,afternoon,hospital
i wnt some rice,i want some rice,rice,morning,home
i feel cold,i feel cold,shawl,afternoon,hospital
giv me cookie,give me cookie,cookie,morning,home
giev me papaya,give me papaya,papaya,night,community
i want to sleep,i want to sleep,rest,evening,restaurant
i want to eat,i want to eat,lunch,midday,school
i want to eat,i want to eat,tiffin,evening,restaurant
i lik softball,i like softball,softball,evening,restaurant
happy diwali,happy diwali,diwali,midday,school
i want to eat,i want to eat,breakfast,morning,home
i want t change my socks,i want t change my socks,change socks,night,community
i wan to sleep,i wan to sleep,sleep,night,community
i am thirsty,i am thirsty,soda,night,community
i feel cold,i feel cold,blanket,morning,home
i need medicine,i need medicine,syrup,night,community
i want fud,i want fud,breakfast,morning,home
mymouth,mouth,mouth,afternoon,hospital
lets go to clothes shop,lets go to clothes shop,clothes shop,midday,school
i want oatmeal,i want oatmeal,oatmeal,morning,home
i am hungry,i am hungry,dinner,night,community
i feel pain,i feel pain,doctor,afternoon,hospital
help me wiht my shirt,help me with my shirt,shirt,midday,school
my clothes are loose,my clothes are loose,my clothes are loose,morning,home
put my body vest,put my body vest,body vests,afternoon,hospital
i want to eat,i want to eat,breakfast,morning,home
its in kitchen,its in kitchen,kitchen,afternoon,hospital
do some salad dressing,do some salad dressing,salad dressing,afternoon,hospital
happy edi,happy edi,eid,afternoon,hospital
take me to museum,take me to museum,museum,morning,home
giveme papaya,give papaya,papaya,evening,restaurant
make me bnn milkshake,make me bnn milkshake,banana milkshake,afternoon,hospital
there is the lock and key,there is the lock and key,lock and key,night,community
 want my gloves,want my gloves,gloves,midday,school
take that boo,take that boot,book,night,community
i have an mrgncy,i have an emergency,emergency,morning,home
i wan a drink,i wan a drink,water,afternoon,hospital
thr is a dog,there is a dog,dog,evening,restaurant
g to the meet shop,g to the meet shop,meat shop,midday,school
its the dolphin,its the dolphin,dolphin,morning,home
itscloudy,cloudy,cloudy,evening,restaurant
i want strawberry milkshake,i want strawberry milkshake,strawberry milkshake,night,community
i wan food,i wan food,snack,afternoon,hospital
i am afradi,i am afraid,afraid,evening,restaurant
i want my bt,i want my bat,boot,afternoon,hospital
gvie me some curd,gve me some curd,curd,afternoon,hospital
take me tofriends house,take me friends house,friend's house,evening,restaurant
its thedolphin,its dolphin,dolphin,midday,school
i feel cold,i feel cold,sweater,evening,restaurant
i want food,i want food,breakfast,morning,home
this is my fvrt book,this is my fvrt book,favorite book,afternoon,hospital
its in rctngl in shape,its in rectangle in shape,rectangle,night,community
my eblow,my blow,elbow,evening,restaurant
i want cff,i want cff,coffee,afternoon,hospital
there s the lamp,there s the lamp,lamp,midday,school
i want soem snacks,i want some snacks,snacks,midday,school
i feel trd,i feel tired,i feel tired,evening,restaurant
where is my errings,where is my errings,earrings,night,community
i amin pain,i pain pain,i am in pain,evening,restaurant
i want food,i want food,snack,afternoon,hospital
i want ikwi,i want kiwi,kiwi,midday,school
take me to gymnastics,take me to gymnastics,gymnastics,evening,restaurant
my legs,my legs,legs,evening,restaurant
i haveallergy,i allergy,allergy,evening,restaurant
give me an eraser,give me an eraser,eraser,night,community
i am thirsty,i am thirsty,water,afternoon,hospital
its inside hte fridge,its inside white fridge,fridge,midday,school
excuse me pls,excuse me pls,excuse me,morning,home
i want some snack mix,i want some snack mix,snack mix,midday,school
i want my lunchbox,i want my lunch box,lunch box,morning,home
i want to sleap,i want to sleap,sleep,night,community
i feel cold,i feel cold,jacket,midday,school
i was puhsed,i was pushed,i was pushed,morning,home
i want to sleep,i want to sleep,sleep,night,community
shall we goin car,shall we goin car,car,evening,restaurant
get my necklace,get my necklace,necklace,evening,restaurant
its in rctngl in shape,its in rectangle in shape,rectangle,evening,restaurant
give m some fanta,give m some fanta,fanta,afternoon,hospital
i need hel,i need hepl,i need help,evening,restaurant
i need medicin,i need medicin,tablet,midday,school
i want mc and cheese,i want mac and cheese,mac and cheese,afternoon,hospital
i want honey,i want honey,honey,night,community
ther are some blocks,there are some blocks,blocks,midday,school
i want to sleep,i want to sleep,nap,midday,school
give me pen,give me pen,pen,morning,home
i want food,i want food,tiffin,evening,restaurant
i need medicin,i need medicin,syrup,evening,restaurant
i wnt smoothie,i want smoothie,smoothie,morning,home
its so hot,its so hot,hot,morning,home
i feel cold,i feel cold,jacket,midday,school
i want chclt cookie,i want chclt cookie,chocolate cookies,midday,school
my clothes are tihgt,my clothes are tight,my clothes are tight,midday,school
strangers beware!,strangers- beware!,strangers- beware!,evening,restaurant
there is kngfshr,there is kingfisher,kingfisher,afternoon,hospital
noodle pls,noodles pls,noodles,evening,restaurant
i am in dngr,i am in danger,danger,midday,school
i want poha,i want poha,poha,morning,home
lets go to groceryshop,lets go to grocery shop,grocery shop,evening,restaurant
i was scolded,i was scolded,i was scolded,afternoon,hospital
its red,its red,red,night,community
i need mr time,i need mr time,i need more time,evening,restaurant
my ihp,my ihp,hip,afternoon,hospital
i like to play chess,i like to play chess,chess,afternoon,hospital
i love racquet sports,i love racquet sports,racquet sports,night,community
i want m gloves,i want m gloves,gloves,evening,restaurant
i wan to eat,i wan to eat,tiffin,evening,restaurant
ther is the mug,there is the mug,mug,morning,home
i am getting read,i am getting read,getting ready,evening,restaurant
no htiting please,no hitting please,no hitting please,evening,restaurant
godo night,good night,night,morning,home
i am thirsty,i am thirsty,water bottle,midday,school
give me coloured paper,give me coloured paper,coloured paper,night,community
i wan to sleep,i wan to sleep,nap,morning,home
i want to request you,i want to request you,requests,evening,restaurant
mltt pls,mltt pls,omelette,afternoon,hospital
i want to wear belt,i want to wear belt,belt,morning,home
i am stressed out,i am stressed out,stressed,afternoon,hospital
i am thirsty,i am thirsty,water,morning,home
there s the dove,there s the dove,dove,midday,school
i wan food,i wan food,snack,afternoon,hospital
i want food,i want food,lunch,midday,school
there is pand,there is panda,panda,afternoon,hospital
put bandag,put bandage,bandage,afternoon,hospital
can you keep distancewhile talking,can you keep distance talking,keep distance while talking,afternoon,hospital
switch to next channel,switch to next channel,next channel,evening,restaurant
give some ktchp,give some ketchup,ketchup,night,community
i like sports,i like sports,sports,afternoon,hospital
its thepeach,its peach,peach,evening,restaurant
i want some soup,i want some soup,soup,afternoon,hospital
can you hel me remove clothes,can you hepl me remove clothes,help remove clothes,morning,home
i want to chang my footwear,i want to change my footwear,change footwear,night,community
my shoulder aches,my shoulder aches,shoulder,midday,school
take me to bathroom,take me to bathroom,bathroom,evening,restaurant
go back,go back,back,night,community
itsa snake,its snake,snake,evening,restaurant
i want to wash my face,i want to wash my face,face wash,midday,school
i want to sleap,i want to sleap,sleep,night,community
no htiting please,no hitting please,no hitting please,midday,school
i need medicine,i need medicine,tablet,midday,school
gvie me some curd,gve me some curd,curd,night,community
i am feelin warm,i am feeling warm,feeling warm,evening,restaurant
there is the skipin rope,there is the skiping rope,skipping rope,morning,home
i love racquet sports,i love racquet sports,racquet sports,midday,school
i want macaronos,i want macaroons,macaroons,evening,restaurant
it is 20 rupee,it is 20 rupees,inr 20,evening,restaurant
i am thirsty,i am thirsty,juice,evening,restaurant
what is the current season,what is the current season,current season,evening,restaurant
give me banana,give me banana,banana,night,community
goback,back,back,evening,restaurant
can yo read this for me,can you read this for me,read,evening,restaurant
its a cockroach,its a cockroach,cockroach,night,community
i want food,i want food,snack,afternoon,hospital
i want food,i want food,tiffin,evening,restaurant
i want m gloves,i want m gloves,gloves,morning,home
i am thirsty,i am thirsty,water,morning,home
greatjob,great job!!!,great job!!!,afternoon,hospital
it a sparrow,it a sparrow,sparrow,midday,school
 want fried rice,want fried rice,fried rice,night,community
its rde,its ride,red,afternoon,hospital
i want some pear,i want some pear,pear,afternoon,hospital
i want to change my footwear,i want to change my footwear,change footwear,night,community
i am thirsty,i am thirsty,water bottle,midday,school
my hair,my hair,hair,midday,school
i am sick,i am sick,sick,midday,school
goodevening,good evening,evening,midday,school
i want to eat,i want to eat,breakfast,morning,home
switch on the air cndtnr,switch on the air cndtnr,air conditioner,midday,school
i am hungry,i am hungry,tiffin,evening,restaurant
i want to go snowboarding,i want to go snowboarding,snowboarding,morning,home
i am confused,i am confused,confused,midday,school
i need medicine,i need medicine,tablet,midday,school
i need medicin,i need medicin,capsule,afternoon,hospital
take me to bathorom,take me to bathroom,bathroom,night,community
lets g to clothes shop,lets g to clothes shop,clothes shop,morning,home
there is a parrot,there is a parrot,parrot,midday,school
ineed mutton,need mutton,mutton,evening,restaurant
i feel pain,i feel pain,nurse,midday,school
i want to change my shoe,i want to change my shoe,change shoes,midday,school
i am strssd out,i am stressed out,stressed,night,community
i wan to sleep,i wan to sleep,rest,evening,restaurant
cover me with blnkts,cover me with blankets,blanket,morning,home
where is the scissors,where is the scissors,scissors,night,community
gvie me fork,gve me fork,fork,midday,school
rn,run,run,night,community
i need medicine,i need medicine,tablet,morning,home
i want to sleep,i want to sleep,sleep,night,community
i am thirsty,i am thirsty,water bottle,midday,school
i wan a drink,i wan a drink,water,afternoon,hospital
i feel tired,i feel tired,i feel tired,afternoon,hospital
i feel cold,i feel cold,jacket,midday,school
bk some vegitables,bk some vegitables,baked vegetables,morning,home
i want to sleap,i want to sleap,sleep,night,community
i want to lpay frisbee,i want to play frisbee,frisbee,morning,home
i need medicine,i need medicine,tablet,morning,home
can we paly hide and seek,can we play hide and seek,hide and seek,midday,school
take m to the park,take m to the park,park,evening,restaurant
itsa cat,its cat,cat,midday,school
i want fruit platter,i want fruit platter,fruit platter,night,community
i want a drnk,i want a drnk,water,morning,home
rn,run,run,evening,restaurant
take me to museum,take me to museum,museum,evening,restaurant
grind it,grind it,grinder,morning,home
i am thirsty,i am thirsty,water,morning,home
this is my caregiver,this is my caregiver,caregiver,afternoon,hospital
i want to change the slacks,i want to change the slacks,change slacks,midday,school
 need cold drinks,need cold drinks,cold drinks,morning,home
goback,back,back,afternoon,hospital
iwant blueberry,want blueberry,blueberry,morning,home
"""please give me a dosa.""","""please give me a dosa.""",dosa,evening,restaurant
this is my cousi,this is my cousin,cousin,midday,school
take me tocanteen,take me canteen,canteen,morning,home
i want to eat,i want to eat,breakfast,morning,home
s paper clip,s paper clip,paper clip,afternoon,hospital
its the donkey,its the donkey,donkey,morning,home
its th green light,its the green light,green light- go,morning,home
i lk to play chess,i lk to play chess,chess,evening,restaurant
tell m a story,tell m a story,bed time story book,afternoon,hospital
can y cut my nails,can y cut my nails,cut nails,evening,restaurant
i feel cold,i feel cold,blanket,morning,home
i wantto play ipad games,i want play ipad games,ipad games,morning,home
i wantpomegranate,i pomegranate,pomegranate,afternoon,hospital
i want to sleep,i want to sleep,nap,afternoon,hospital
give m muskmelon,give m muskmelon,muskmelon,afternoon,hospital
ts an owl,its an owl,owl,morning,home
there is the hippopotamus,there is the hippopotamus,hippopotamus,afternoon,hospital
 want to change my t-shirt,want to change my t-shirt,change t-shirt,night,community
i watn hard boiled eggs,i what hard boiled eggs,hard boiled eggs,afternoon,hospital
i want t ride bicycle,i want t ride bicycle,bicycle,afternoon,hospital
godo night,good night,night,evening,restaurant
there is a mouse,there is a mouse,mouse,morning,home
take all the books,take all the books,books,midday,school
i want a drnk,i want a drnk,coca-cola,evening,restaurant
give me brd,give me bread,bread,midday,school
i feel pain,i feel pain,nurse,midday,school
itsa star,its star,star,morning,home
no btng please,no biting please,no biting please,afternoon,hospital
give me a cup,give me a cup,cup,afternoon,hospital
i is 100 rupees,i is 100 rupees,inr 100,afternoon,hospital
i want jalebi,i want jalebi,jalebi,morning,home
i feel cold,i feel cold,shawl,afternoon,hospital
i want pizz,i want pizza,pizza,evening,restaurant
i wan to eat,i wan to eat,breakfast,morning,home
i want to sleap,i want to sleap,rest,evening,restaurant
i want to see my schl,i want to see my school,school,morning,home
i need some sambhar,i need some sambhar,sambhar,evening,restaurant
atke that bowl,take that bowl,bowl,midday,school
i wan food,i wan food,dinner,night,community
i want fud,i want fud,tiffin,evening,restaurant
lets go in escalator,lets go in escalator,escalator,night,community
where is th pelican,where is the pelican,pelican,evening,restaurant
what is th current time,what is the current time,current time,evening,restaurant
i want to ply seesasw,i want to play seesasw,see-saw,evening,restaurant
i need medicine,i need medicine,syrup,evening,restaurant
give me fish and chips,give me fish and chips,fish and chips,midday,school
use paepr clip,use paper clip,paper clip,afternoon,hospital
iwant croissant,want croissant,croissant,morning,home
i wan food,i wan food,tiffin,evening,restaurant
there is the fox,there is the fox,fox,afternoon,hospital
good dram,good drama,drama,midday,school
give m banana,give m banana,banana,morning,home
i am thirsty,i am thirsty,water,afternoon,hospital
give osme ketchup,give some ketchup,ketchup,afternoon,hospital
ineed mutton,need mutton,mutton,afternoon,hospital
happy holi,happy holi,holi,night,community
please slw down,please slow down,please slow down,midday,school
i want some snacks,i want some snacks,snacks,night,community
this is my cousi,this is my cousin,cousin,evening,restaurant
have a good day,have a good day,day,afternoon,hospital
there is a monkey,there is a monkey,monkey,midday,school
itsso foggy,its foggy,foggy,evening,restaurant
myshoulder aches,shoulder aches,shoulder,morning,home
i want to eat,i want to eat,breakfast,morning,home
get me aglass,get me glass,glass,afternoon,hospital
i am feeling cold,i am feeling cold,feeling cold,afternoon,hospital
give me sm fanta,give me sm fanta,fanta,afternoon,hospital
pleas,please,please,afternoon,hospital
i want to eat,i want to eat,dinner,night,community
i like socce,i like soccer,soccer,midday,school
i wantpineapple,i pineapple,pineapple,night,community
there isthe horse,there the horse,horse,evening,restaurant
i ws made fun of,i was made fun of,i was made fun of,morning,home
i want to sleep,i want to sleep,rest,evening,restaurant
i want pie,i want pie,pie,afternoon,hospital
i want a soft toy,i want a soft toy,soft toy,morning,home
ahppy dussehra,happy dussehra,dussehra,night,community
i want todance,i want dance,dance,midday,school
i want to change,i want to change,change,night,community
"""please give me  dosa.""","""please give me dosa.""",dosa,morning,home
this is my cousin,this is my cousin,cousin,evening,restaurant
hlelo,hello,hello,night,community
take the bat and ball,take the bat and ball,bat and ball,evening,restaurant
i want a drink,i want a drink,water,afternoon,hospital
i want a drink,i want a drink,water,afternoon,hospital
draw a slanting line,draw a slanting line,slanting line,night,community
i want to sleep,i want to sleep,nap,morning,home
i wan ginger ale,i want ginger ale,ginger ale,night,community
i feel pain,i feel pain,rest,morning,home
make m some french toast,make m some french toast,french toast,night,community
where s the baby,where s the baby,baby,afternoon,hospital
it i 2000 rupees,it i 2000 rupees,inr 2000,evening,restaurant
iam done eating,am done eating,eating,midday,school
thereis a bee,there's a bee,bee,morning,home
hppy new year,happy new year,new year,afternoon,hospital
i want a drink,i want a drink,juice,midday,school
itsa snake,its snake,snake,midday,school
i want food,i want food,dinner,night,community
i want to eat,i want to eat,lunch,midday,school
i wan to eat,i wan to eat,snack,afternoon,hospital
 need more time,need more time,i need more time,night,community
i need medicine,i need medicine,capsule,afternoon,hospital
i wnat pineapple,i what pineapple,pineapple,night,community
i am getting ready,i am getting ready,getting ready,midday,school
i want my gloves,i want my gloves,gloves,evening,restaurant
microwave t,microwave t,microwave,afternoon,hospital
i want dnout,i want donut,donut,midday,school
i wnt to change my frock,i want to change my frock,change frock,afternoon,hospital
i like cak,i like cake,cake,afternoon,hospital
i want to sleep,i want to sleep,nap,afternoon,hospital
cover me withblankets,cover me blankets,blanket,afternoon,hospital
i feel cold,i feel cold,blanket,morning,home
mystomach aches,stomach aches,stomach,night,community
i want to sleap,i want to sleap,sleep,night,community
its green,its green,green,afternoon,hospital
i want some grapes,i want some grapes,grapes,evening,restaurant
ts a snake,its a snake,snake,midday,school
i want otameal,i want oatmeal,oatmeal,morning,home
switch onthe heater,switch month heater,heater,evening,restaurant
i need a chalk,i need a chalk,chalk,evening,restaurant
blow my nose,blow my nose,blow nose,morning,home
no talking while eating please!,no talking while eating please!,no talking while eating please!,afternoon,hospital
take me to food court,take me to food court,food court,afternoon,hospital
drawa slanting line,draw slanting line,slanting line,morning,home
i want ikwi,i want kiwi,kiwi,morning,home
i want fish,i want fish,fish,evening,restaurant
give me  granola bar,give me granola bar,granola bar,afternoon,hospital
g to the meet shop,g to the meet shop,meat shop,afternoon,hospital
i want cocac-ola,i want coca-cola,coca-cola,morning,home
i want to go snowboardin,i want to go snowboarding,snowboarding,night,community
i feel pain,i feel pain,nurse,midday,school
i want a roast pork,i want a roast pork,roast pork,night,community
there is knigfisher,there is kingfisher,kingfisher,midday,school
i am thirsty,i am thirsty,water bottle,midday,school
where is my plate,where is my plate,plate,morning,home
i want to eat,i want to eat,lunch,midday,school
i wan a drink,i wan a drink,soda,night,community
i wan to sleep,i wan to sleep,rest,evening,restaurant
i like cheese,i like cheese,cheese,midday,school
 want to play scrabble,want to play scrabble,scrabble,night,community
hellograndma,hellograndma,grandmother,midday,school
no picking nose pleas,no picking nose please,no picking nose please,morning,home
i lv gulab jamun,i lv gulab jamun,gulab jamun,afternoon,hospital
i feel pain,i feel pain,rest,morning,home
t is 50 rupees,t is 50 rupees,inr 50,night,community
i wan food,i wan food,lunch,midday,school
make some pasta,make some pasta,pasta,evening,restaurant
its cldy,its cloudy,cloudy,evening,restaurant
its in our living rm,its in our living rm,living room,midday,school
i was made fun o,i was made fun o,i was made fun of,evening,restaurant
i am in adnger,i am in danger,danger,afternoon,hospital
i want ice crm,i want ice cream,icecream,afternoon,hospital
bake somevegitables,bake vegitables,baked vegetables,afternoon,hospital
i want to sleep,i want to sleep,nap,morning,home
ts so foggy,its so foggy,foggy,night,community
i want coca-cola,i want coca-cola,coca-cola,night,community
its pnik,its pink,pink,midday,school
i need achalk,i need chalk,chalk,evening,restaurant
i se birds,i use birds,birds,midday,school
these aremy favourites,these are favourites,favourites,midday,school
i need mutton,i need mutton,mutton,afternoon,hospital
i want to brushmy teeth,i want to brush teeth,brush teeth,afternoon,hospital
i was scolded,i was scolded,i was scolded,midday,school
take a blank paper,take a blank paper,blank paper,evening,restaurant
i want fud,i want fud,tiffin,evening,restaurant
my hnads,my hands,hands,afternoon,hospital
i see birds,i see birds,birds,midday,school
i wan to sleep,i wan to sleep,nap,afternoon,hospital
there is the fox,there is the fox,fox,night,community
there is theshark,there is shark,shark,evening,restaurant
i watn to slide,i what to slide,slide,midday,school
i am hungry,i am hungry,breakfast,morning,home
it is 10rupees,it is rupees,inr 10,night,community
shall we go i ship,shall we go i ship,ship,morning,home
happyeaster,happyeaster,easter,night,community
go bac,go back,back,midday,school
help me with my shoes,help me with my shoes,shoes,morning,home
i am hungry,i am hungry,snack,afternoon,hospital
can you help pu on clothes,can you help put on clothes,help put on clothes,evening,restaurant
give me maaza,give me maaza,maaza,afternoon,hospital
my hair,my hair,hair,night,community
hellograndma,hellograndma,grandmother,evening,restaurant
i amin danger,i pain danger,danger,night,community
how long,how long,how long,morning,home
its a cube,its a cube,cube,morning,home
can you help put on clothe,can you help put on clothes,help put on clothes,evening,restaurant
tak me to doctor,take me to doctor,doctor,night,community
siwtch on the air conditioner,switch on the air conditioner,air conditioner,night,community
i want towatch cricket,i want watch cricket,cricket,midday,school
salsa atste good,salsa taste good,salsa,evening,restaurant
no hitting please,no hitting please,no hitting please,afternoon,hospital
i want paple,i want paper,apple,morning,home
i need medicin,i need medicin,syrup,night,community
i wan a drink,i wan a drink,coca-cola,evening,restaurant
ca you read this for me,cat you read this for me,read,afternoon,hospital
ti??s a cockroach,this a cockroach,cockroach,evening,restaurant
i like cheese puddin,i like cheese pudding,cheese pudding,afternoon,hospital
i am feeling wrm,i am feeling warm,feeling warm,morning,home
its in m cupboard,its in m cupboard,cupboard,midday,school
i want a drink,i want a drink,coca-cola,evening,restaurant
i wan a drink,i wan a drink,coca-cola,evening,restaurant
they are myfriends,they are friends,friends,night,community
i want food,i want food,breakfast,morning,home
make some music,make some music,make music,night,community
i want to change my jeans,i want to change my jeans,change jeans,night,community
i want to eat,i want to eat,tiffin,evening,restaurant
ther is the pegion,there is the pegion,pigeon,night,community
happ holi,happy holi,holi,night,community
its the donkey,its the donkey,donkey,evening,restaurant
i love mnago,i love mango,mango,afternoon,hospital
can you make a sandwich for me,can you make a sandwich for me,sandwich,night,community
i want to eat,i want to eat,lunch,midday,school
i wan to eat,i wan to eat,dinner,night,community
lets go to fun zone,lets go to fun zone,fun zone,midday,school
its a cube,its a cube,cube,evening,restaurant
 like strawberry,like strawberry,strawberry,midday,school
i wan to eat,i wan to eat,breakfast,morning,home
i am thirsty,i am thirsty,water,afternoon,hospital
i want to be aloen,i want to be alone,i want to be alone,midday,school
addmore sause,addmore sause,sauce,evening,restaurant
i want to ridebicycle,i want to bicycle,bicycle,evening,restaurant
shall we play board game,shall we play board game,board game,night,community
i want food,i want food,snack,afternoon,hospital
i want aalo poori,i want aaloo poori,aaloo poori,midday,school
happy birthday,happy birthday,cousin's birthday,morning,home
where is my plate,where is my plate,plate,evening,restaurant
where is th pelican,where is the pelican,pelican,midday,school
i am thirsty,i am thirsty,water bottle,midday,school
add some salt,add some salt,salt,morning,home
blow my nose,blow my nose,blow nose,midday,school
make some pasta,make some pasta,pasta,night,community
i want jaleb,i want jalebi,jalebi,morning,home
where is the pelican,where is the pelican,pelican,night,community
i have my mourning routine,i have my mourning routine,morning routine,morning,home
i m all done,i m all done,i am all done,morning,home
i see the cow,i see the cow,cow,evening,restaurant
tell me a story,tell me a story,bed time story book,afternoon,hospital
i want rst chicken,i want roast chicken,roast chicken,night,community
i am hungry,i am hungry,dinner,night,community
where is the muffin,where is the muffin,muffin,night,community
rosogulla is s tasty,rosogulla is s tasty,rosogulla,morning,home
i wan food,i wan food,lunch,midday,school
giev me some jam,give me some jam,jam,midday,school
give me a cake slic,give me a cake slice,cake slice,morning,home
add some maplesyrup,add some maple syrup,maple syrup,evening,restaurant
i want a drink,i want a drink,water,afternoon,hospital
i want t wear shorts,i want t wear shorts,shorts,morning,home
i want my lunchbox,i want my lunch box,lunch box,night,community
i want to dosome exercise,i want to some exercise,exercises,midday,school
i want fud,i want fud,breakfast,morning,home
i wan to sleep,i wan to sleep,rest,evening,restaurant
i want food,i want food,tiffin,evening,restaurant
tk me to hospital,tk me to hospital,hospital,night,community
give me for,give me for,fork,evening,restaurant
i want to change my footwear,i want to change my footwear,change footwear,afternoon,hospital
i want to change my innerwear,i want to change my innerwear,change innerwear,night,community
i want a roast pork,i want a roast pork,roast pork,evening,restaurant
i like soccer,i like soccer,soccer,midday,school
i feel cold,i feel cold,sweater,evening,restaurant
i need medicin,i need medicin,tablet,midday,school
strangers- beware!,strangers- beware!,strangers- beware!,midday,school
there is a duck,there is a duck,duck,afternoon,hospital
i feel pain,i feel pain,clinic,night,community
i amin danger,i pain danger,danger,evening,restaurant
give me maaza,give me maaza,maaza,midday,school
i want a drnk,i want a drnk,juice,midday,school
i am thirsty,i am thirsty,water,morning,home
give me gajarhalwa,give me gajarhalwa,gajarhalwa,midday,school
i lv gulab jamun,i lv gulab jamun,gulab jamun,evening,restaurant
i want to eat,i want to eat,breakfast,morning,home
i want food,i want food,lunch,midday,school
i see birds,i see birds,birds,evening,restaurant
i want food,i want food,lunch,midday,school
i feel pain,i feel pain,sit,evening,restaurant
there is a bsn,there is a bison,bison,midday,school
happy labour day,happy labour day,labour day,afternoon,hospital
hi-fiv,hi-five,hi-five,afternoon,hospital
can you comb m hair,can you comb m hair,comb hair,midday,school
i want to eat,i want to eat,dinner,night,community
its thedolphin,its dolphin,dolphin,evening,restaurant
hwere is the pencil lead,here is the pencil lead,pencil lead,night,community
i want dal khichidi,i want dal khichidi,dal khichdi,night,community
thecolor is white,color is white,white,afternoon,hospital
plesae slow down,please slow down,please slow down,afternoon,hospital
please slow down,please slow down,please slow down,midday,school
my hnads,my hands,hands,evening,restaurant
add some pepper,add some pepper,pepper,morning,home
there is kngfshr,there is kingfisher,kingfisher,night,community
i feel cold,i feel cold,blanket,morning,home
t??s the school bus,its the school bus,school bus,midday,school
i feel cold,i feel cold,sweater,evening,restaurant
its in kithcen,its in kitchen,kitchen,night,community
there is the sheep,there is the sheep,sheep,evening,restaurant
i wan to eat,i wan to eat,dinner,night,community
i m all done,i m all done,i am all done,evening,restaurant
i wan a drink,i wan a drink,water,afternoon,hospital
i want to chnage my shoe,i want to change my shoe,change shoes,midday,school
i want food,i want food,snack,afternoon,hospital
i wan to sleep,i wan to sleep,nap,midday,school
give me somefanta,give me somefanta,fanta,night,community
nohands in underpants,hands in underpants,no hands in underpants,afternoon,hospital
i want food,i want food,lunch,midday,school
menu pls,menu pls,menu,morning,home
i want apple,i want apple,apple,morning,home
my knee,my knee,knee,midday,school
i am hungry,i am hungry,breakfast,morning,home
swtch on the light,switch on the light,light,midday,school
i am confused,i am confused,confused,evening,restaurant
mosquito bite,mosquito bites,mosquito,midday,school
i need medicine,i need medicine,syrup,evening,restaurant
i feel cold,i feel cold,blanket,morning,home
i feel pain,i feel pain,nurse,midday,school
can you make a sandwich for me,can you make a sandwich for me,sandwich,morning,home
happ birthday,happy birthday,brother's birthday,evening,restaurant
i feel cold,i feel cold,blanket,morning,home
i am hurt,i am hurt,i am hurt,midday,school
 want to play scrabble,want to play scrabble,scrabble,afternoon,hospital
i want to eat,i want to eat,breakfast,morning,home
excuse me pls,excuse me pls,excuse me,evening,restaurant
i want to eat,i want to eat,snack,afternoon,hospital
mltt pls,mltt pls,omelette,morning,home
i want to change my frock,i want to change my frock,change frock,afternoon,hospital
my eyes,my eyes,eyes,afternoon,hospital
i feel cold,i feel cold,blanket,morning,home
how lon,how long,how long,morning,home
i wan to eat,i wan to eat,snack,afternoon,hospital
hello,hello,hello,afternoon,hospital
i want food,i want food,snack,afternoon,hospital
its bat,its bat,bat,morning,home
i need medicine,i need medicine,capsule,afternoon,hospital
"""give mewater.""","""give water.""",water,afternoon,hospital
i wan to eat,i wan to eat,snack,afternoon,hospital
make me somefrench toast,make me french toast,french toast,evening,restaurant
i want to eat,i want to eat,dinner,night,community
i want fud,i want fud,breakfast,morning,home
make m some french toast,make m some french toast,french toast,afternoon,hospital
let go in escalator,lets go in escalator,escalator,afternoon,hospital
ca you read this for me,cat you read this for me,read,morning,home
i love chaat,i love chaat,chaat,night,community
give me aneraser,give me eraser,eraser,morning,home
i wan food,i wan food,breakfast,morning,home
give me appel juice,give me apple juice,apple juice,morning,home
i want a drink,i want a drink,water,afternoon,hospital
happy bitrhday,happy birthday,birthdays,midday,school
its a snake,its a snake,snake,midday,school
i want to chnage my shoe,i want to change my shoe,change shoes,evening,restaurant
i am thirsty,i am thirsty,soda,night,community
i needsome sambhar,i needsome sambhar,sambhar,morning,home
ad some pepper,sad some pepper,pepper,morning,home
give me fish and cihps,give me fish and chips,fish and chips,evening,restaurant
thr is a dog,there is a dog,dog,morning,home
i was touched inappropriately,i was touched inappropriately,i was touched inappropriately,midday,school
give me some fruit,give me some fruit,fruit,midday,school
i want a drnk,i want a drnk,water,morning,home
can yo read this for me,can you read this for me,read,morning,home
i want jlaebi,i want jalebi,jalebi,evening,restaurant
its the peach,its the peach,peach,midday,school
i want food,i want food,tiffin,evening,restaurant
i need cold drinks,i need cold drinks,cold drinks,midday,school
i have a emergency,i have a emergency,emergency,midday,school
mosquit bites,mosquito bites,mosquito,midday,school
no btng please,no biting please,no biting please,night,community
i amin danger,i pain danger,danger,morning,home
there is the dove,there is the dove,dove,afternoon,hospital
i am hungry,i am hungry,dinner,night,community
i want to change my jaens,i want to change my jeans,change jeans,night,community
its toocold,its toocold,cold,morning,home
i want poha,i want poha,poha,afternoon,hospital
ti??s a cuckoo,this a cuckoo,cuckoo,evening,restaurant
i want to drw,i want to draw,draw,morning,home
give me apple juiec,give me apple juice,apple juice,morning,home
i want some grps,i want some grapes,grapes,midday,school
my ahnds,my hands,hands,evening,restaurant
good frdy,good friday,good friday,midday,school
i like basket ball,i like basket ball,basketball,morning,home
i am hungry,i am hungry,lunch,midday,school
what i the current time,what i the current time,current time,midday,school
there is the bus,there is the bus,bus,morning,home
i feel cold,i feel cold,blanket,morning,home
i want a drnk,i want a drnk,water,morning,home
take me to bathroom,take me to bathroom,bathroom,afternoon,hospital
where is my plate,where is my plate,plate,midday,school
can you change to previous channel,can you change to previous channel,previous channel,afternoon,hospital
give me muesli,give me muesli,muesli,afternoon,hospital
shallwe play cards,shall play cards,playing cards,evening,restaurant
its gray,its gray,gray,afternoon,hospital
there is the lock and key,there is the lock and key,lock and key,afternoon,hospital
iwant blueberry,want blueberry,blueberry,evening,restaurant
rosogulla is so tasty,rosogulla is so tasty,rosogulla,morning,home
my ht,my hot,hat,midday,school
i am thirsty,i am thirsty,juice,evening,restaurant
i want a drink,i want a drink,water,morning,home
can you take me for hiking,can you take me for hiking,hiking,midday,school
its so golde,its so golden,golden,midday,school
take a blank paper,take a blank paper,blank paper,midday,school
i like to watchrollerskating,i like to rollerskating,rollerskating,evening,restaurant
give me something to drink,give me something to drink,drinks,morning,home
hwo,hwo,how,afternoon,hospital
i am hungry,i am hungry,tiffin,evening,restaurant
i want food,i want food,breakfast,morning,home
give m some frozen yogurt,give m some frozen yogurt,frozen yogurt,night,community
takeme to staffroom,take to staffroom,staffroom,morning,home
i want to sleep,i want to sleep,rest,evening,restaurant
 am sorry,am sorry,i am sorry,afternoon,hospital
get mynecklace,get necklace,necklace,night,community
i am thirsty,i am thirsty,water,morning,home
i need medicine,i need medicine,syrup,night,community
thereis the fox,there's the fox,fox,night,community
please gvie me,please gve me,please give me,evening,restaurant
i was hi,i was hi,i was hit,afternoon,hospital
i feel pain,i feel pain,doctor,afternoon,hospital
i want to sleep,i want to sleep,nap,afternoon,hospital
i want to sleap,i want to sleap,nap,midday,school
give m some figs,give m some figs,figs,night,community
i want food,i want food,breakfast,morning,home
ohw many,ohw many,how many,morning,home
i wan to eat,i wan to eat,lunch,midday,school
iwant cherry,want cherry,cherry,midday,school
i need medicin,i need medicin,tablet,midday,school
i wan a drink,i wan a drink,soda,night,community
its a cta,its a cta,cat,evening,restaurant
i feel pain,i feel pain,clinic,night,community
i need medicine,i need medicine,tablet,midday,school
open teh door,open teeth door,door,morning,home
i want a drink,i want a drink,water,afternoon,hospital
can you take me for hiking,can you take me for hiking,hiking,morning,home
i feel cold,i feel cold,coat,night,community
i want fud,i want fud,snack,afternoon,hospital
add mr sause,add mr sause,sauce,morning,home
welocme,welcome,greetings,morning,home
lets go in escalato,lets go in escalator,escalator,morning,home
crumble t,crumble t,crumble,night,community
give m some fanta,give m some fanta,fanta,midday,school
i want to sleep,i want to sleep,nap,morning,home
where is my raincoat,where is my raincoat,raincoat,night,community
i want a drink,i want a drink,juice,midday,school
come lets adnce,come lets dance,lets dance,evening,restaurant
make me somefrench toast,make me french toast,french toast,afternoon,hospital
i want a drnk,i want a drnk,water,afternoon,hospital
i wan to sleep,i wan to sleep,nap,midday,school
i want to sleap,i want to sleap,rest,evening,restaurant
add some mustard,add some mustard,mustard,night,community
i want to fly kite,i want to fly kite,kite,evening,restaurant
i am hungry,i am hungry,breakfast,morning,home
i want to sleep,i want to sleep,nap,midday,school
i wan to eat,i wan to eat,breakfast,morning,home
i want to eat,i want to eat,snack,afternoon,hospital
i want t play ipad games,i want t play ipad games,ipad games,afternoon,hospital
i like popcrorn,i like popcorn,popcorn,midday,school
this ismy favorite book,this ismy favorite book,favorite book,midday,school
i need some vcd,i need some vcd,avacado,midday,school
add some maplesyrup,add some maple syrup,maple syrup,night,community
add somechilli,add chilli,chilli,midday,school
take the bat an ball,take the bat an ball,bat and ball,afternoon,hospital
its so golden,its so golden,golden,midday,school
i want to request you,i want to request you,requests,afternoon,hospital
give me a crayo,give me a crayon,crayon,night,community
happy labourday,happy labour day,labour day,evening,restaurant
i want to eat,i want to eat,breakfast,morning,home
i want to wash my face,i want to wash my face,face wash,afternoon,hospital
i am hungry,i am hungry,snack,afternoon,hospital
there is th fox,there is the fox,fox,midday,school
i am feeling cold,i am feeling cold,feeling cold,evening,restaurant
take my ocat,take my cat,coat,night,community
i wantjackfruit,i jackfruit,jackfruit,afternoon,hospital
i want to sleap,i want to sleap,sleep,night,community
give m a spoon,give m a spoon,spoon,midday,school
i want to eat with small bts,i want to eat with small bites,eat with small bites,evening,restaurant
ti??s bat,this bat,bat,night,community
thereis a dog,there's a dog,dog,morning,home
give oraneg,give orange,orange,night,community
its pnik,its pink,pink,evening,restaurant
i want to change my frock,i want to change my frock,change frock,evening,restaurant
i want to bath,i want to bathe,bathing,morning,home
i was pushe,i was pushed,i was pushed,evening,restaurant
its th green light,its the green light,green light- go,evening,restaurant
i want some snacks,i want some snacks,snacks,morning,home
i want brownei,i want brownie,brownie,morning,home
i like cheese puddin,i like cheese pudding,cheese pudding,midday,school
i want to wear salwarkameez,i want to wear salwar kameez,salwar kameez,night,community
i lk sports,i lk sports,sports,night,community
i want croissant,i want croissant,croissant,midday,school
i want roast chicken,i want roast chicken,roast chicken,midday,school
give me a cp,give me a cup,cup,morning,home
i want to sleep,i want to sleep,rest,evening,restaurant
i want t play ipad games,i want t play ipad games,ipad games,night,community
i feel cold,i feel cold,jacket,midday,school
make me a protie shake,make me a protien shake,protien shake,night,community
shall we go to playground,shall we go to playground,playground,evening,restaurant
what is thecurrent time,what is current time,current time,afternoon,hospital
where is the scissors,where is the scissors,scissors,morning,home
i want to sleep,i want to sleep,sleep,night,community
there is the lock and key,there is the lock and key,lock and key,evening,restaurant
what is th current time,what is the current time,current time,night,community
i am confused,i am confused,confused,night,community
i need medicin,i need medicin,tablet,morning,home
can you hel me remove clothes,can you hepl me remove clothes,help remove clothes,afternoon,hospital
make someparatha,make paratha,paratha,morning,home
get my necklace,get my necklace,necklace,night,community
can w go ice skating,can w go ice skating,iceskating,evening,restaurant
i need medicine,i need medicine,syrup,night,community
give me flavoured milk,give me flavoured milk,flavoured milk,midday,school
i am hungry,i am hungry,dinner,night,community
please,please,please,midday,school
there is  bison,there is bison,bison,midday,school
i am thirsty,i am thirsty,water bottle,midday,school
i want a drink,i want a drink,coca-cola,evening,restaurant
giveme some chutney,give some chutney,chutney,morning,home
itsthe elephant,itsthe elephant,elephant,morning,home
i wantsome steamed veggies,i wantsome steamed veggies,steamed veggies,morning,home
happy diwali,happy diwali,diwali,afternoon,hospital
give me crnflks,give me cornflakes,cornflakes,midday,school
good nigh,good night,night,evening,restaurant
give me a cp,give me a cup,cup,midday,school
 want to sleep,want to sleep,sleep,night,community
gv my pillows,gve my pillows,pillows,evening,restaurant
i want fud,i want fud,tiffin,evening,restaurant
i want some snack mix,i want some snack mix,snack mix,afternoon,hospital
i want fud,i want fud,tiffin,evening,restaurant
i want macaroons,i want macaroons,macaroons,afternoon,hospital
 want to eat with small bites,want to eat with small bites,eat with small bites,midday,school
i want food,i want food,snack,afternoon,hospital
i feel pain,i feel pain,nurse,midday,school
make me a protien shake,make me a protien shake,protien shake,morning,home
i feel pain,i feel pain,clinic,night,community
i wan to eat,i wan to eat,dinner,night,community
i need medicin,i need medicin,capsule,afternoon,hospital
i was made fun of,i was made fun of,i was made fun of,afternoon,hospital
can we lpay indoor games,can we play indoor games,indoor games,night,community
i am hungry,i am hungry,breakfast,morning,home
happyeaster,happyeaster,easter,evening,restaurant
i want to sleap,i want to sleap,nap,morning,home
i want food,i want food,lunch,midday,school
i want to brush my teeth,i want to brush my teeth,brush teeth,night,community
give e milskhake,give e milkshake,milkshake,night,community
i am hungry,i am hungry,dinner,night,community
i wan to eat,i wan to eat,snack,afternoon,hospital
i want to buy some stationary,i want to buy some stationary,stationery,midday,school
i wan stapler,i want stapler,stapler,evening,restaurant
can you keep distance while tlkng,can you keep distance while talking,keep distance while talking,midday,school
 need mutton,need mutton,mutton,night,community
i feel pain,i feel pain,rest,morning,home
give m something to drink,give m something to drink,drinks,evening,restaurant
i want a drink,i want a drink,water,morning,home
shall we go to a restaurant,shall we go to a restaurant,restaurant,night,community
i wan burger,i want burger,burger,night,community
i wantmango juice,i wantmango juice,mango juice,night,community
happy birthday,happy birthday,brother's birthday,night,community
quiet please,quiet please,quiet please!,evening,restaurant
i wan to sleep,i wan to sleep,nap,afternoon,hospital
i want to sleep,i want to sleep,nap,afternoon,hospital
can you chagne music,can you change music,change music,evening,restaurant
i need sanitary napkins,i need sanitary napkins,sanitary napkins,evening,restaurant
make some paratha,make some paratha,paratha,midday,school
there is the giraffe,there is the giraffe,giraffe,midday,school
take me to gymnastics,take me to gymnastics,gymnastics,evening,restaurant
i needcable,i needcable,cable,night,community
switch on the heater,switch on the heater,heater,evening,restaurant
tak me to doctor,take me to doctor,doctor,afternoon,hospital
i want a soft ty,i want a soft toy,soft toy,night,community
thereis the sheep,there's the sheep,sheep,morning,home
takea blank paper,take blank paper,blank paper,afternoon,hospital
i want chikoomilkshake,i want chikoo milkshake,chikoo milkshake,afternoon,hospital
i am getting ready,i am getting ready,getting ready,afternoon,hospital
i am thirsty,i am thirsty,water,morning,home
happy dussehra,happy dussehra,dussehra,morning,home
hellograndma,hellograndma,grandmother,night,community
its a rainy day,its a rainy day,rainy,morning,home
iwant dal khichidi,want dal khichidi,dal khichdi,evening,restaurant
lts go to fruit shop,lets go to fruit shop,fruit shop,afternoon,hospital
i want to watch cricket,i want to watch cricket,cricket,evening,restaurant
i want food,i want food,dinner,night,community
i wan cold coffee,i want cold coffee,cold coffee,evening,restaurant
draw aslanting line,draw slanting line,slanting line,afternoon,hospital
take me to friends house,take me to friends house,friend's house,morning,home
i am hungry,i am hungry,dinner,night,community
itsgreen,green,green,evening,restaurant
its sohot,its hot,hot,morning,home
its my habi,its my habit,habits,evening,restaurant
i want toplay seesasw,i want play seesasw,see-saw,evening,restaurant
ca you read this for me,cat you read this for me,read,night,community
 want to play scrabble,want to play scrabble,scrabble,morning,home
take me to stffrm,take me to staffroom,staffroom,morning,home
i want a drink,i want a drink,juice,midday,school
i want mango juice,i want mango juice,mango juice,midday,school
take my dress,take my dress,dress,midday,school
give me some jam,give me some jam,jam,morning,home
give mebear,give bear,bear,morning,home
i haveallergy,i allergy,allergy,afternoon,hospital
i want aalo poori,i want aaloo poori,aaloo poori,afternoon,hospital
i wnt some rice,i want some rice,rice,midday,school
i wan to eat,i wan to eat,lunch,midday,school
i want to eat,i want to eat,breakfast,morning,home
there isthe skunk,there the skunk,skunk,midday,school
i wnt hot chocolate,i want hot chocolate,hot chocolate,midday,school
be safety,be safety,safety,night,community
i wan food,i wan food,lunch,midday,school
i wan a drink,i wan a drink,coca-cola,evening,restaurant
its acube,its cube,cube,night,community
letsgo to grocery shop,lets to grocery shop,grocery shop,evening,restaurant
wehre is the sellotape,where is the sellotape,sellotape,afternoon,hospital
gv me pencil,gve me pencil,pencil,night,community
i want mango juice,i want mango juice,mango juice,night,community
i need medicine,i need medicine,syrup,evening,restaurant
i wantsome hotdog,i wantsome hotdog,hotdog,morning,home
i want some steamed veggies,i want some steamed veggies,steamed veggies,night,community
i want to sleap,i want to sleap,rest,evening,restaurant
i wan a drink,i wan a drink,water,morning,home
give m fruit punch,give m fruit punch,fruit punch,evening,restaurant
its thedolphin,its dolphin,dolphin,afternoon,hospital
i want food,i want food,snack,afternoon,hospital
i want to reques you,i want to request you,requests,evening,restaurant
tell m a story,tell m a story,bed time story book,evening,restaurant
i want cuppa ndls,i want cuppa ndls,cuppa noodles,midday,school
gv me gajarhalwa,gve me gajarhalwa,gajarhalwa,night,community
 want my gloves,want my gloves,gloves,night,community
 like bracelet,like bracelet,bracelet,night,community
happy new year,happy new year,new year,evening,restaurant
i want pomegranate,i want pomegranate,pomegranate,night,community
cn you roast beef,can you roast beef,roast beef,night,community
i want fud,i want fud,lunch,midday,school
make me some french toast,make me some french toast,french toast,morning,home
i want to eat,i want to eat,lunch,midday,school
i want to fly kite,i want to fly kite,kite,afternoon,hospital
i want chikoomilkshake,i want chikoo milkshake,chikoo milkshake,morning,home
i want to change my innerwear,i want to change my innerwear,change innerwear,midday,school
ad some pepper,sad some pepper,pepper,evening,restaurant
n pinching please,n pinching please,no pinching please,evening,restaurant
give m coloured paper,give m coloured paper,coloured paper,night,community
higrandpa,grandpa,grandfather,morning,home
i wan roast lamb,i want roast lamb,roast lamb,morning,home
giveme some chocolates,give some chocolates,chocolate,afternoon,hospital
tis on the desk,this on the desk,desk,morning,home
give me a crayon,give me a crayon,crayon,afternoon,hospital
what is the crrnt month,what is the current month,current month,afternoon,hospital
take my drwng book,take my drawing book,drawing book,evening,restaurant
give me coloured paper,give me coloured paper,coloured paper,afternoon,hospital
i need medicine,i need medicine,syrup,evening,restaurant
there is thegiraffe,there is giraffe,giraffe,night,community
menu lps,menu lps,menu,midday,school
there is the hippopotamus,there is the hippopotamus,hippopotamus,morning,home
there is  bison,there is bison,bison,afternoon,hospital
i wan fried rice,i want fried rice,fried rice,midday,school
go to the meet shop,go to the meet shop,meat shop,midday,school
i like chocolat milkshake,i like chocolate milkshake,chocolate milkshake,afternoon,hospital
i wan food,i wan food,tiffin,evening,restaurant
i am hungry,i am hungry,dinner,night,community
shall weplay a puzzle,shall play a puzzle,puzzle,afternoon,hospital
no bitingplease,no no biting please,no biting please,afternoon,hospital
strangers-beware!,strangers- beware!,strangers- beware!,evening,restaurant
i want a drink,i want a drink,coca-cola,evening,restaurant
can you repeat that question,can you repeat that question,questions,morning,home
can you make m some scrambled eggs,can you make m some scrambled eggs,scrambled eggs,morning,home
hapyp birthday,happy birthday,cousin's birthday,night,community
i want to eat,i want to eat,breakfast,morning,home
i feel cold,i feel cold,jacket,midday,school
i feel cold,i feel cold,shawl,afternoon,hospital
bey,be,bye,midday,school
this ismy brother,this ismy brother,brother,afternoon,hospital
i see birds,i see birds,birds,evening,restaurant
n pinching please,n pinching please,no pinching please,morning,home
i want chclt cookie,i want chclt cookie,chocolate cookies,evening,restaurant
give me a crayo,give me a crayon,crayon,morning,home
i want to eat,i want to eat,snack,afternoon,hospital
happ easter,happy easter,easter,midday,school
i need a chalk,i need a chalk,chalk,morning,home
i want som rotti,i want some rotti,roti,afternoon,hospital
give me energy drink,give me energy drink,energy drink,morning,home
i feel cold,i feel cold,shawl,afternoon,hospital
i am hungry,i am hungry,dinner,night,community
i wan to eat,i wan to eat,snack,afternoon,hospital
i wan a drink,i wan a drink,coca-cola,evening,restaurant
i am hungry,i am hungry,lunch,midday,school
lets g to clothes shop,lets g to clothes shop,clothes shop,midday,school
i wnat coca-cola,i what coca-cola,coca-cola,midday,school
i wnat pineapple,i what pineapple,pineapple,afternoon,hospital
i want fud,i want fud,lunch,midday,school
i lkie chicken wings,i line chicken wings,chicken wings,night,community
i need medicine,i need medicine,syrup,night,community
i am hungry,i am hungry,breakfast,morning,home
i need medicine,i need medicine,syrup,evening,restaurant
give me some chutney,give me some chutney,chutney,night,community
hw,how,how,afternoon,hospital
i want to eat,i want to eat,dinner,night,community
give me a crayon,give me a crayon,crayon,evening,restaurant
i am hungry,i am hungry,lunch,midday,school
i want oatmeal,i want oatmeal,oatmeal,afternoon,hospital
this ismy favorite book,this ismy favorite book,favorite book,afternoon,hospital
i feel cold,i feel cold,coat,night,community
i wnt pudding,i want pudding,pudding,midday,school
can you comb m hair,can you comb m hair,comb hair,night,community
i love glb jamun,i love gulab jamun,gulab jamun,midday,school
giv me museli,give me museli,muesli,evening,restaurant
lets go to fun zone,lets go to fun zone,fun zone,night,community
there is the skpng rope,there is the skiping rope,skipping rope,morning,home
give me some biscuit,give me some biscuit,biscuits,midday,school
take me to play room,take me to play room,play room,midday,school
i want to sleap,i want to sleap,rest,evening,restaurant
thereis the hippopotamus,there's the hippopotamus,hippopotamus,night,community
take me to bedroo,take me to bedroom,bedroom,afternoon,hospital
there is the lamp,there is the lamp,lamp,evening,restaurant
i want fud,i want fud,tiffin,evening,restaurant
i am sorry,i am sorry,i am sorry,afternoon,hospital
this is my father,this is my father,father,evening,restaurant
i ws scolded,i was scolded,i was scolded,afternoon,hospital
its a cck,its a cck,cuckoo,midday,school
add som salt,add some salt,salt,evening,restaurant
i want a drnk,i want a drnk,juice,midday,school
take me to the shop,take me to the shop,shop,morning,home
my ankle aches,my ankle aches,ankle,midday,school
it is 50 rupees,it is 50 rupees,inr 50,evening,restaurant
letsgo to fun zone,lets to fun zone,fun zone,midday,school
i am thirsty,i am thirsty,juice,evening,restaurant
i need medicine,i need medicine,syrup,evening,restaurant
my mouth,my mouth,mouth,night,community
i am thirsty,i am thirsty,water,afternoon,hospital
i want to sleep,i want to sleep,sleep,night,community
i wan to eat,i wan to eat,tiffin,evening,restaurant
i want to dosome exercise,i want to some exercise,exercises,afternoon,hospital
add some chilli flake,add some chilli flakes,chilli flakes,midday,school
i want a drink,i want a drink,soda,night,community
give me maaza,give me maaza,maaza,night,community
happ eid,happy eid,eid,morning,home
give me smoe berries,give me some berries,berries,midday,school
i am hungry,i am hungry,breakfast,morning,home
i am thirsty,i am thirsty,water bottle,midday,school
i am inpain,i am pain,i am in pain,night,community
t??s a crow,its a crow,crow,afternoon,hospital
i want manog milkshake,i want mango milkshake,mango milkshake,evening,restaurant
can you change to previous channel,can you change to previous channel,previous channel,night,community
i want roast lamb,i want roast lamb,roast lamb,morning,home
 like basket ball,like basket ball,basketball,morning,home
hello grandm,hello grandma,grandmother,morning,home
i wantto watch cricket,i want watch cricket,cricket,midday,school
my eblow,my blow,elbow,morning,home
its the school bsu,its the school bsu,school bus,afternoon,hospital
switc on the air conditioner,switch on the air conditioner,air conditioner,afternoon,hospital
i am thirsty,i am thirsty,water,afternoon,hospital
i need medicine,i need medicine,syrup,evening,restaurant
give me smoe berries,give me some berries,berries,afternoon,hospital
microwave it,microwave it,microwave,night,community
i need medicine,i need medicine,syrup,evening,restaurant
there s the dove,there s the dove,dove,night,community
i want ice cream,i want ice cream,icecream,evening,restaurant
please give me,please give me,please give me,midday,school
there is the picture book,there is the picture book,picture book,midday,school
give me maaza,give me maaza,maaza,midday,school
i am thirsty,i am thirsty,soda,night,community
i feel pain,i feel pain,nurse,midday,school
take me torelatives house,take me relatives house,relative's house,morning,home
lets go to fun zone,lets go to fun zone,fun zone,morning,home
i want to sleap,i want to sleap,nap,afternoon,hospital
take al the books,take dal the books,books,evening,restaurant
i wan a drink,i wan a drink,coca-cola,evening,restaurant
i wan to eat,i wan to eat,breakfast,morning,home
my hat,my hat,hat,night,community
draw a slanting line,draw a slanting line,slanting line,evening,restaurant
i want t brush my teeth,i want t brush my teeth,brush teeth,afternoon,hospital
i want to seemy school,i want to see school,school,morning,home
i want food,i want food,tiffin,evening,restaurant
by,bye,bye,midday,school
i want fud,i want fud,snack,afternoon,hospital
i want to request yuo,i want to request yuo,requests,night,community
hav a good day,have a good day,day,evening,restaurant
take me to th shop,take me to the shop,shop,midday,school
there is th lock and key,there is the lock and key,lock and key,night,community
i need medicin,i need medicin,tablet,midday,school
i wan to eat,i wan to eat,tiffin,evening,restaurant
i wnt pomegranate,i want pomegranate,pomegranate,afternoon,hospital
lets go to clothes shop,lets go to clothes shop,clothes shop,evening,restaurant
i want som rotti,i want some rotti,roti,evening,restaurant
iwant fish,want fish,fish,midday,school
i want hamburger,i want hamburger,hamburger,night,community
i feel cold,i feel cold,coat,night,community
its rde,its ride,red,night,community
i want a drnk,i want a drnk,coca-cola,evening,restaurant
happy halloween,happy halloween,halloween,morning,home
i am hungry,i am hungry,lunch,midday,school
i feel cold,i feel cold,sweater,evening,restaurant
i need computer,i need computer,computer,night,community
hppy new year,happy new year,new year,evening,restaurant
can you help me remove clothes,can you help me remove clothes,help remove clothes,midday,school
i want a drnk,i want a drnk,water,morning,home
can we plya indoor games,can we play indoor games,indoor games,midday,school
i feel cold,i feel cold,blanket,morning,home
i want to wr salwar kameez,i want to wr salwar kameez,salwar kameez,evening,restaurant
give me a cup,give me a cup,cup,midday,school
i need some chikoo,i need some chikoo,chikoo,morning,home
i want cfofee,i want coffee,coffee,midday,school
i want food,i want food,snack,afternoon,hospital
be safet,be safety,safety,midday,school
there is an ant,there is an ant,ant,evening,restaurant
i am thirsty,i am thirsty,water,afternoon,hospital
i likecheese,i cheese,cheese,night,community
i wan to eat,i wan to eat,tiffin,evening,restaurant
take me tobathroom,take me bathroom,bathroom,midday,school
happy dwl,happy dwl,diwali,midday,school
shall we go in ship,shall we go in ship,ship,evening,restaurant
i want brownie,i want brownie,brownie,night,community
i need medicine,i need medicine,capsule,afternoon,hospital
there's the pengiun,there's the penguin,penguin,midday,school
lets go to grocery sho,lets go to grocery show,grocery shop,midday,school
take me to hospital,take me to hospital,hospital,night,community
give m banana,give m banana,banana,afternoon,hospital
my stomach aches,my stomach aches,stomach,night,community
can you mk me poached eggs,can you mk me poached eggs,poached eggs,evening,restaurant
i am thirsty,i am thirsty,water bottle,midday,school
i wantpudding,i pudding,pudding,morning,home
giv me a granola bar,give me a granola bar,granola bar,afternoon,hospital
i amconfused,i confused,confused,evening,restaurant
i want a drink,i want a drink,soda,night,community
i likesoftball,i softball,softball,night,community
there is my frock,there is my frock,frock,night,community
my mouth,my mouth,mouth,night,community
its a str,its a star,star,night,community
where is my plat,where is my plate,plate,afternoon,hospital
i need medicin,i need medicin,syrup,evening,restaurant
i want a drink,i want a drink,coca-cola,evening,restaurant
can you change to previous channel,can you change to previous channel,previous channel,morning,home
where is my raincoat,where is my raincoat,raincoat,night,community
i am thirsty,i am thirsty,juice,evening,restaurant
happy eid,happy eid,eid,night,community
tis pink,this pink,pink,afternoon,hospital
shall we g in ship,shall we g in ship,ship,afternoon,hospital
take me to gymnastics,take me to gymnastics,gymnastics,night,community
give me sm biscuit,give me sm biscuit,biscuits,night,community
put bndg,put bndg,bandage,morning,home
 need cold drinks,need cold drinks,cold drinks,afternoon,hospital
i wnat my jacket,i what my jacket,jacket,evening,restaurant
i wan to sleep,i wan to sleep,rest,evening,restaurant
get mynecklace,get necklace,necklace,morning,home
i am happy,i am happy,happy,evening,restaurant
i need medicin,i need medicin,syrup,evening,restaurant
i wan food,i wan food,lunch,midday,school
i feel pain,i feel pain,sit,evening,restaurant
thi is brown,this is brown,brown,evening,restaurant
i am hungry,i am hungry,lunch,midday,school
i need some chikoo,i need some chikoo,chikoo,midday,school
happ birthday,happy birthday,grandpa's birthday,morning,home
i wan food,i wan food,lunch,midday,school
pls,pls,please,afternoon,hospital
pleaseshare,please share,please share,evening,restaurant
can you sl it,can you sl it,seal,evening,restaurant
switch on the lght,switch on the light,light,night,community
i want to eat,i want to eat,dinner,night,community
its in my cupboard,its in my cupboard,cupboard,morning,home
no picking nose pleas,no picking nose please,no picking nose please,midday,school
thr is a mouse,there is a mouse,mouse,midday,school
i want some snacks,i want some snacks,snacks,midday,school
no kicking pleas,no kicking please,no kicking please,morning,home
lets go in escalator,lets go in escalator,escalator,afternoon,hospital
 want pork,want pork,pork,midday,school
by,bye,bye,evening,restaurant
ths is my sister,this is my sister,sister,night,community
i want to see my  school,i want to see my school,school,midday,school
i want to request you,i want to request you,requests,midday,school
i want my scarf,i want my scarf,scarf,night,community
i wan roast lamb,i want roast lamb,roast lamb,night,community
go to the meetshop,go to the meat shop,meat shop,afternoon,hospital
i want pi,i want pit,pie,evening,restaurant
where is th scale,where is the scale,scale,afternoon,hospital
take me tocanteen,take me canteen,canteen,evening,restaurant
i am amazed,i am amazed,amazed,night,community
i like cake,i like cake,cake,night,community
thisis my caregiver,this my caregiver,caregiver,evening,restaurant
iam done eating,am done eating,eating,afternoon,hospital
i am done eating,i am done eating,eating,evening,restaurant
its a sparrow,its a sparrow,sparrow,morning,home
i am thirsty,i am thirsty,water bottle,midday,school
i want to sleap,i want to sleap,sleep,night,community
happydussehra,dussehra,dussehra,night,community
i wan ginger ale,i want ginger ale,ginger ale,midday,school
give me enregy drink,give me energy drink,energy drink,midday,school
mynose,nose,nose,midday,school
can w go to ice hockey,can w go to ice hockey,ice hockey,afternoon,hospital
i want to eat,i want to eat,dinner,night,community
i am getting ready,i am getting ready,getting ready,morning,home
i am thirsty,i am thirsty,water,afternoon,hospital
there is thedove,there is thedove,dove,afternoon,hospital
i want to eat,i want to eat,dinner,night,community
gv me pen,gve me pen,pen,morning,home
i am thirsty,i am thirsty,water bottle,midday,school
nice to mee you,nice to meet you,nice to meet you,midday,school
i want to eat,i want to eat,lunch,midday,school
give mesome dips,give some dips,dips,midday,school
shall we lpay cards,shall we play cards,playing cards,morning,home
takea blank paper,take blank paper,blank paper,morning,home
no kicking pleas,no kicking please,no kicking please,midday,school
its a cbue,its a cube,cube,evening,restaurant
can you help put on clothe,can you help put on clothes,help put on clothes,afternoon,hospital
i wan cold coffee,i want cold coffee,cold coffee,midday,school
gv me salad,gve me salad,fruit salad,midday,school
take me to staffroom,take me to staffroom,staffroom,evening,restaurant
its a rainy dy,its a rainy day,rainy,night,community
i want a drnk,i want a drnk,water,afternoon,hospital
i want to eat with small bts,i want to eat with small bites,eat with small bites,night,community
i want to eat,i want to eat,tiffin,evening,restaurant
i want to eat,i want to eat,snack,afternoon,hospital
i like sports,i like sports,sports,midday,school
hppy birthday mom,happy birthday mom,mom's birthday,night,community
i wan food,i wan food,tiffin,evening,restaurant
giveme some dips,give some dips,dips,evening,restaurant
i am hungry,i am hungry,tiffin,evening,restaurant
i wan a drink,i wan a drink,soda,night,community
i want cuppa ndls,i want cuppa ndls,cuppa noodles,morning,home
i want to sleep,i want to sleep,sleep,night,community
i lovekhichidi,i khichidi,khichdi,afternoon,hospital
bey,be,bye,evening,restaurant
ist in red light please stop,it in red light please stop,red light- wait,evening,restaurant
makesome music,awesome music,make music,afternoon,hospital
take me to museum,take me to museum,museum,midday,school
this ismy brother,this ismy brother,brother,midday,school
i want to sleep,i want to sleep,nap,midday,school
i want pav bhaji,i want pav bhaji,pav bhaji,morning,home
giev me some jam,give me some jam,jam,night,community
i want food,i want food,tiffin,evening,restaurant
giv me museli,give me museli,muesli,afternoon,hospital
give me a granola bar,give me a granola bar,granola bar,morning,home
taek my bag,take my bag,bag,night,community
can you make a sandwich for me,can you make a sandwich for me,sandwich,afternoon,hospital
itsgray,itsgray,gray,night,community
i feel pain,i feel pain,rest,morning,home
i want t watch football,i want t watch football,football,midday,school
can you sl it,can you sl it,seal,midday,school
where is my plate,where is my plate,plate,night,community
its th elephant,its the elephant,elephant,midday,school
there is a duck,there is a duck,duck,night,community
i am disappointed,i am disappointed,disappointed,midday,school
i feel cold,i feel cold,coat,night,community
happy birthday,happy birthday,friend's birthday,night,community
i want to sleep,i want to sleep,sleep,night,community
i want a drink,i want a drink,coca-cola,evening,restaurant
hi grandpa,hi grandpa,grandfather,night,community
i want food,i want food,snack,afternoon,hospital
thi is my chappals,this is my chappals,chappals,morning,home
i wantmedu wada,i wantmedu wada,medu wada,morning,home
can yo play with me,can you play with me,play with me,midday,school
my stomahc aches,my stomach aches,stomach,midday,school
go to the meet shop,go to the meet shop,meat shop,morning,home
i need medicine,i need medicine,syrup,night,community
i want to sleep,i want to sleep,nap,afternoon,hospital
three is the pig,these is the pig,pig,afternoon,hospital
there ispanda,there panda,panda,evening,restaurant
i want a drink,i want a drink,water,afternoon,hospital
give me flavoured milk,give me flavoured milk,flavoured milk,morning,home
hi grndp,hi grandpa,grandfather,night,community
where is my raincoat,where is my raincoat,raincoat,evening,restaurant
i awnt some snacks,i ant some snacks,snacks,midday,school
lets go t the mall,lets go t the mall,mall,midday,school
i wan cold coffee,i want cold coffee,cold coffee,morning,home
i love dragonfruit,i love dragonfruit,dragonfruit,evening,restaurant
i want a drink,i want a drink,water,morning,home
give me somefood,give me somefood,food,morning,home
i want a drnk,i want a drnk,soda,night,community
i feel pain,i feel pain,nurse,midday,school
i want roast chicken,i want roast chicken,roast chicken,afternoon,hospital
how are oyu,how are oyu,how are you,midday,school
i want a drink,i want a drink,water,afternoon,hospital
no spittign please,no spitting please,no spitting please,morning,home
tis cloudy,this cloudy,cloudy,evening,restaurant
iwant mashed potatoes,want mashed potatoes,mashed potatoes,evening,restaurant
where i my pants,where i my pants,pants,afternoon,hospital
i want fud,i want fud,dinner,night,community
i need medicine,i need medicine,tablet,midday,school
i feel cold,i feel cold,coat,night,community
i like chicken wings,i like chicken wings,chicken wings,midday,school
give memaaza,give maaza,maaza,morning,home
my ys,my ys,eyes,night,community
its the school bus,its the school bus,school bus,evening,restaurant
i want orange juice,i want orange juice,orange juice,afternoon,hospital
i want food,i want food,breakfast,morning,home
microwave it,microwave it,microwave,afternoon,hospital
i amsorry,i sorry,i am sorry,afternoon,hospital
i need medicine,i need medicine,tablet,midday,school
i want otameal,i want oatmeal,oatmeal,midday,school
i want to eat,i want to eat,tiffin,evening,restaurant
give e milskhake,give e milkshake,milkshake,afternoon,hospital
i wantto change my pants,i want change my pants,change pants,midday,school
there is the hippopotamu,there is the hippopotamus,hippopotamus,afternoon,hospital
give  milkshake,give milkshake,milkshake,midday,school
give me som berries,give me some berries,berries,midday,school
addsome maple syrup,addsome maple syrup,maple syrup,morning,home
ther is a lion,there is a lion,lion,afternoon,hospital
i need medicine,i need medicine,capsule,afternoon,hospital
happy birthday,happy birthday,father's birthday,night,community
catch-cathc,catch-catch,catch-catch,evening,restaurant
stranger,stranger,stranger,midday,school
where is my pants,where is my pants,pants,night,community
its a diamond,its a diamond,diamond,night,community
i liek cake,i line cake,cake,evening,restaurant
i want food,i want food,dinner,night,community
i want manog milkshake,i want mango milkshake,mango milkshake,afternoon,hospital
there s my frock,there s my frock,frock,afternoon,hospital
i want fis,i want fish,fish,midday,school
i want dal khichidi,i want dal khichidi,dal khichdi,afternoon,hospital
take that bowl,take that bowl,bowl,morning,home
my r,my r,ears,midday,school
happy bitrhday,happy birthday,birthdays,evening,restaurant
i want to sleap,i want to sleap,sleep,night,community
i wan a drink,i wan a drink,water,morning,home
i want sm pear,i want sm pear,pear,afternoon,hospital
i am confused,i am confused,confused,midday,school
take me to bedroo,take me to bedroom,bedroom,evening,restaurant
i need medicine,i need medicine,syrup,night,community
i want a drnk,i want a drnk,juice,midday,school
i want to sleep,i want to sleep,nap,midday,school
can you hepl me do this,can you hepl me do this,help me do this,morning,home
i am hungry,i am hungry,tiffin,evening,restaurant
i am hungry,i am hungry,lunch,midday,school
can you hepl medo this,can you hepl medu this,help me do this,midday,school
i hv my mourning routine,i hv my mourning routine,morning routine,afternoon,hospital
it is my school notebook,it is my school notebook,school notebook,afternoon,hospital
i love rcqt sports,i love rcqt sports,racquet sports,afternoon,hospital
give me a spoon,give me a spoon,spoon,evening,restaurant
 want to dance,want to dance,dance,evening,restaurant
ts so hot,its so hot,hot,evening,restaurant
itsin kitchen,its kitchen,kitchen,evening,restaurant
its a diamond,its a diamond,diamond,afternoon,hospital
its the peac,its the peach,peach,evening,restaurant
lets go to the mall,lets go to the mall,mall,evening,restaurant
i love glb jamun,i love gulab jamun,gulab jamun,evening,restaurant
salad is nic,salad is nice,salad,midday,school
giveme papaya,give papaya,papaya,midday,school
i want t play ipad games,i want t play ipad games,ipad games,morning,home
please tell me agai,please tell me again,please tell me again,midday,school
i need hel,i need hepl,i need help,night,community
i am hungry,i am hungry,lunch,midday,school
no inappropriate touch pleas,no inappropriate touch please,no inappropriate touch please,night,community
i want to change my pants,i want to change my pants,change pants,afternoon,hospital
can you keep distance while talking,can you keep distance while talking,keep distance while talking,evening,restaurant
i needa break,i need break,i need a break,morning,home
its green,its green,green,morning,home
 want some grapes,want some grapes,grapes,afternoon,hospital
good ftrnn,good ftrnn,good afternoon,afternoon,hospital
blow my ns,blow my ns,blow nose,afternoon,hospital
i am thirsty,i am thirsty,water,morning,home
i feel cold,i feel cold,jacket,midday,school
there is the horse,there is the horse,horse,afternoon,hospital
there is the skipin rope,there is the skiping rope,skipping rope,midday,school
there s the lamp,there s the lamp,lamp,evening,restaurant
give me brd,give me bread,bread,afternoon,hospital
i am thirsty,i am thirsty,water,morning,home
i feel tired,i feel tired,i feel tired,evening,restaurant
mltt pls,mltt pls,omelette,midday,school
add some salt,add some salt,salt,evening,restaurant
i want to eat,i want to eat,dinner,night,community
i want mango milkshake,i want mango milkshake,mango milkshake,afternoon,hospital
take me torelatives house,take me relatives house,relative's house,midday,school
do som salad dressing,do some salad dressing,salad dressing,midday,school
i want pudding,i want pudding,pudding,night,community
give some piclke,give some pickle,pickle,night,community
ther is some money,there is some money,money,evening,restaurant
i need medicine,i need medicine,capsule,afternoon,hospital
welocme,welcome,greetings,evening,restaurant
i like cheees,i like cheese,cheese,evening,restaurant
i have a bde time routine,i have a be time routine,bed time routine,morning,home
i want fud,i want fud,snack,afternoon,hospital
takea blank paper,take blank paper,blank paper,night,community
i want a drnk,i want a drnk,soda,night,community
dosome salad dressing,some salad dressing,salad dressing,morning,home
i want a drink,i want a drink,water,morning,home
i was pushed,i was pushed,i was pushed,evening,restaurant
i want food,i want food,breakfast,morning,home
i need saniatry napkins,i need sanitary napkins,sanitary napkins,night,community
i need medicine,i need medicine,capsule,afternoon,hospital
i like softball,i like softball,softball,morning,home
i want to eat,i want to eat,dinner,night,community
can we g ice skating,can we g ice skating,iceskating,night,community
i like kabaddi,i like kabaddi,kabaddi,night,community
i want food,i want food,tiffin,evening,restaurant
i ws made fun of,i was made fun of,i was made fun of,night,community
gv me salad,gve me salad,fruit salad,afternoon,hospital
give m fish and chips,give m fish and chips,fish and chips,midday,school
where is the scissors,where is the scissors,scissors,afternoon,hospital
can you hepl me do this,can you hepl me do this,help me do this,morning,home
i want to ply seesasw,i want to play seesasw,see-saw,night,community
i lk chicken wings,i lk chicken wings,chicken wings,afternoon,hospital
i am hungry,i am hungry,lunch,midday,school
i love sausage,i love sausage,sausage,morning,home
i want to sleep,i want to sleep,nap,midday,school
i feel cold,i feel cold,blanket,morning,home
i want to wash my face,i want to wash my face,face wash,afternoon,hospital
btfl colors,btfl colors,colors,night,community
takeme to hospital,take to hospital,hospital,night,community
 like bracelet,like bracelet,bracelet,afternoon,hospital
can you bring my medicin,can you bring my medicine,medicine,evening,restaurant
i want breakfast,i want breakfast,breakfast,morning,home
give me peanu butter,give me peanut butter,peanut butter,morning,home
i want a raost pork,i want a roast pork,roast pork,morning,home
my head,my head,head,night,community
i se birds,i use birds,birds,afternoon,hospital
i like cheese,i like cheese,cheese,morning,home
give some ktchp,give some ketchup,ketchup,midday,school
i wnat some rice,i what some rice,rice,midday,school
take the bat and ball,take the bat and ball,bat and ball,night,community
i need medicin,i need medicin,tablet,midday,school
i wan food,i wan food,snack,afternoon,hospital
i want some beans on toast,i want some beans on toast,beans on toast,midday,school
go to medical shop,go to medical shop,medical shop-chemist's shop-pharmacy,afternoon,hospital
there is the giraffe,there is the giraffe,giraffe,afternoon,hospital
take my ocat,take my cat,coat,evening,restaurant
happy eid,happy eid,eid,evening,restaurant
i feel cold,i feel cold,coat,night,community
i want a drnk,i want a drnk,coca-cola,evening,restaurant
its a star,its a star,star,midday,school
shall w play board game,shall w play board game,board game,afternoon,hospital
i wan to go to church,i want to go to church,church,night,community
i need medicine,i need medicine,tablet,midday,school
give me a crayon,give me a crayon,crayon,evening,restaurant
microwave it,microwave it,microwave,morning,home
i want a drink,i want a drink,juice,midday,school
can you make a sandwich for me,can you make a sandwich for me,sandwich,midday,school
there isthe skunk,there the skunk,skunk,evening,restaurant
happydussehra,dussehra,dussehra,morning,home
i want brnvt,i want brnvt,bournvita,morning,home
i want to sleep,i want to sleep,rest,evening,restaurant
i wan stapler,i want stapler,stapler,morning,home
happy birthday,happy birthday,friend's birthday,morning,home
i need some avacado,i need some avacado,avacado,afternoon,hospital
i want to eat,i want to eat,snack,afternoon,hospital
hi grndp,hi grandpa,grandfather,afternoon,hospital
this is my caregiver,this is my caregiver,caregiver,afternoon,hospital
hppy dussehra,happy dussehra,dussehra,evening,restaurant
i want to change myt-shirt,i want to change t-shirt,change t-shirt,midday,school
i want a drnk,i want a drnk,coca-cola,evening,restaurant
this ismy house,this ismy house,my house,night,community
i feel pain,i feel pain,nurse,midday,school
i want toplay with friend,i want play with friend,play with friend,afternoon,hospital
i feel pain,i feel pain,rest,morning,home
giv me some milk,give me some milk,milk,afternoon,hospital
hi-fiv,hi-five,hi-five,midday,school
i need medicine,i need medicine,tablet,morning,home
give me muesli,give me muesli,muesli,morning,home
i like lych,i like lychee,lychee,evening,restaurant
i lk sports,i lk sports,sports,evening,restaurant
i want food,i want food,breakfast,morning,home
its a rainy dy,its a rainy day,rainy,afternoon,hospital
there is the lock and key,there is the lock and key,lock and key,midday,school
pls,pls,please,morning,home
i need medicine,i need medicine,capsule,afternoon,hospital
give me a granolabar,give me a granola bar,granola bar,morning,home
gve me sm idli,gve me sm idli,idli,morning,home
i am thirsty,i am thirsty,juice,evening,restaurant
shall we go in ship,shall we go in ship,ship,afternoon,hospital
mk some porridge,mk some porridge,porridge,morning,home
i is 100 rupees,i is 100 rupees,inr 100,morning,home
please tell me agai,please tell me again,please tell me again,evening,restaurant
put bandag,put bandage,bandage,midday,school
lets go to the mall,lets go to the mall,mall,night,community
i like bracelet,i like bracelet,bracelet,afternoon,hospital
three is the pig,these is the pig,pig,evening,restaurant
i want my scarf,i want my scarf,scarf,morning,home
i need medicine,i need medicine,capsule,afternoon,hospital
these aremy favourites,these are favourites,favourites,morning,home
i feel pain,i feel pain,nurse,midday,school
i love racquet sports,i love racquet sports,racquet sports,afternoon,hospital
i want opha,i want poha,poha,morning,home
this is brow,this is brown,brown,evening,restaurant
sit in chair,sit in chair,chair,midday,school
iwant cold coffee,want cold coffee,cold coffee,midday,school
i want to sleap,i want to sleap,nap,afternoon,hospital
i wan to sleep,i wan to sleep,sleep,night,community
put bandag,put bandage,bandage,evening,restaurant
i want fud,i want fud,lunch,midday,school
i am hungry,i am hungry,dinner,night,community
itis 100 rupees,its 100 rupees,inr 100,evening,restaurant
i want a drnk,i want a drnk,soda,night,community
give me some biscuit,give me some biscuit,biscuits,afternoon,hospital
add some peppe,add some pepper,pepper,evening,restaurant
i ws made fun of,i was made fun of,i was made fun of,evening,restaurant
i want cold coffee,i want cold coffee,cold coffee,morning,home
i want to sleep,i want to sleep,nap,afternoon,hospital
i want a drink,i want a drink,coca-cola,evening,restaurant
i want to sleep,i want to sleep,nap,midday,school
i wan food,i wan food,lunch,midday,school
i need medicine,i need medicine,tablet,morning,home
i feel cold,i feel cold,shawl,afternoon,hospital
its in rctngl in shape,its in rectangle in shape,rectangle,midday,school
i want ppl,i want apple,apple,midday,school
i am hungry,i am hungry,tiffin,evening,restaurant
taek my coat,take my coat,coat,night,community
noodlespls,noodles,noodles,night,community
draw a slanting line,draw a slanting line,slanting line,afternoon,hospital
i want a drink,i want a drink,water,morning,home
i want fud,i want fud,tiffin,evening,restaurant
i am hungry,i am hungry,dinner,night,community
no btng please,no biting please,no biting please,midday,school
i want to sleep,i want to sleep,nap,morning,home
i need medicine,i need medicine,tablet,midday,school
i want to eat,i want to eat,snack,afternoon,hospital
its tln,its tln,italian,afternoon,hospital
make me banana milkshake,make me banana milkshake,banana milkshake,morning,home
take me to museum,take me to museum,museum,afternoon,hospital
take the bat and ball,take the bat and ball,bat and ball,morning,home
i feel cold,i feel cold,shawl,afternoon,hospital
tis my habit,this my habit,habits,morning,home
i want to sleep,i want to sleep,nap,midday,school
i want to sleep,i want to sleep,rest,evening,restaurant
i want to buy some stationary,i want to buy some stationary,stationery,evening,restaurant
i am hungry,i am hungry,lunch,midday,school
its bat,its bat,bat,night,community
put my body vest,put my body vest,body vests,afternoon,hospital
i want to sleep,i want to sleep,nap,midday,school
i wantto play ipad games,i want play ipad games,ipad games,night,community
i want to sleep,i want to sleep,nap,midday,school
i want t play with friend,i want t play with friend,play with friend,afternoon,hospital
i like popcorrn,i like popcorrn,popcorn,afternoon,hospital
shall w play board game,shall w play board game,board game,evening,restaurant
where is my raincoa,where is my raincoat,raincoat,midday,school
can w go ice skating,can w go ice skating,iceskating,night,community
goodevening,good evening,good evening,afternoon,hospital
i want fud,i want fud,tiffin,evening,restaurant
where is the blal pit,where is the ball pit,ball pit,morning,home
it is 200 rupees,it is 200 rupees,inr 200,midday,school
i want food,i want food,breakfast,morning,home
i am getting ready,i am getting ready,getting ready,night,community
it is 50 rupees,it is 50 rupees,inr 50,afternoon,hospital
open the doo,open the door,door,morning,home
buy me a mountai dew,buy me a mountain dew,mountain dew,night,community
"""please give me a dosa.""","""please give me a dosa.""",dosa,evening,restaurant
can we play hide and seek,can we play hide and seek,hide and seek,evening,restaurant
i want to sleap,i want to sleap,rest,evening,restaurant
i am hungry,i am hungry,snack,afternoon,hospital
i want to sleep,i want to sleep,nap,morning,home
please comehere,please comehere,please come here,afternoon,hospital
give mypillows,give pillows,pillows,afternoon,hospital
mymouth,mouth,mouth,morning,home
i feel cold,i feel cold,coat,night,community
i want miranda,i want miranda,mirinda,morning,home
ist in red light please stop,it in red light please stop,red light- wait,midday,school
excuse me pls,excuse me pls,excuse me,evening,restaurant
shall we go to a restaurant,shall we go to a restaurant,restaurant,afternoon,hospital
i want ice cream,i want ice cream,icecream,afternoon,hospital
its in kithcen,its in kitchen,kitchen,afternoon,hospital
i wan food,i wan food,tiffin,evening,restaurant
take me to ply room,take me to play room,play room,afternoon,hospital
gvie me fork,gve me fork,fork,evening,restaurant
give me some biscuit,give me some biscuit,biscuits,morning,home
its th elephant,its the elephant,elephant,night,community
i want jalebi,i want jalebi,jalebi,night,community
it is 10 rupees,it is 10 rupees,inr 10,afternoon,hospital
its tln,its tln,italian,midday,school
stranger,stranger,stranger,night,community
my heart,my heart,heart,morning,home
give m fork,give m fork,fork,morning,home
i want fud,i want fud,lunch,midday,school
i am done eating,i am done eating,eating,morning,home
lets go t the mall,lets go t the mall,mall,evening,restaurant
there is a parrot,there is a parrot,parrot,afternoon,hospital
i wnt to wear watch,i want to wear watch,watch,evening,restaurant
where is my pnts,where is my pants,pants,night,community
thereis an ant,there's an ant,ant,afternoon,hospital
i want a drink,i want a drink,soda,night,community
get me a glass,get me a glass,glass,midday,school
this is my fvrt book,this is my fvrt book,favorite book,morning,home
i want to chang my t-shirt,i want to change my t-shirt,change t-shirt,afternoon,hospital
i want jackfruit,i want jackfruit,jackfruit,morning,home
i wan a drink,i wan a drink,water,morning,home
i feel cold,i feel cold,sweater,evening,restaurant
add osme chilli,add some chilli,chilli,afternoon,hospital
nobiting please,biting please,no biting please,afternoon,hospital
i want to sleep,i want to sleep,nap,afternoon,hospital
i feel cold,i feel cold,blanket,morning,home
i want apple,i want apple,apple,midday,school
i watn strawberry milkshake,i what strawberry milkshake,strawberry milkshake,afternoon,hospital
i wan a drink,i wan a drink,coca-cola,evening,restaurant
add som salt,add some salt,salt,night,community
add more sause,add more sause,sauce,morning,home
its very hazards,its very hazards,hazards,morning,home
hwo many,hwo many,how many,night,community
i need medicine,i need medicine,tablet,midday,school
i need achalk,i need chalk,chalk,morning,home
i' irritated,i'm irritated,irritated,midday,school
give m some food,give m some food,food,morning,home
i want a drink,i want a drink,water,afternoon,hospital
i like guava,i like guava,guava,evening,restaurant
give me papaya,give me papaya,papaya,afternoon,hospital
my ns,my ns,nose,evening,restaurant
this ismy father,this ismy father,father,afternoon,hospital
happy ganesh chtrth,happy ganesh chaturthi,ganesh chaturthi,afternoon,hospital
i want my jacket,i want my jacket,jacket,midday,school
it is20 rupees,it is20 rupees,inr 20,midday,school
giv me pencil,give me pencil,pencil,morning,home
take that bowl,take that bowl,bowl,night,community
i feel pain,i feel pain,clinic,night,community
hpapy holi,happy holi,holi,night,community
i am doing lg exercise,i am doing leg exercise,leg exercises,afternoon,hospital
is this th standing line,is this the standing line,standing line,midday,school
i want fud,i want fud,tiffin,evening,restaurant
i like soccer,i like soccer,soccer,morning,home
i want odsa,i want soda,dosa,afternoon,hospital
happyeaster,happyeaster,easter,afternoon,hospital
i feel cold,i feel cold,sweater,evening,restaurant
its th donkey,its the donkey,donkey,evening,restaurant
i need medicin,i need medicin,syrup,night,community
i wan a drink,i wan a drink,water,morning,home
i need medicine,i need medicine,capsule,afternoon,hospital
i am feeling ashmed,i am feeling ashmed,ashamed,night,community
happy birthady,happy birthday,friend's birthday,night,community
i need medicine,i need medicine,tablet,morning,home
i am thirsty,i am thirsty,juice,evening,restaurant
this ismy brother,this ismy brother,brother,night,community
i need saniatry napkins,i need sanitary napkins,sanitary napkins,midday,school
iwant some laddoo,want some laddoo,laddoo,evening,restaurant
i feel isck,i feel sick,i feel sick,afternoon,hospital
i want my gloves,i want my gloves,gloves,afternoon,hospital
add somechilli,add chilli,chilli,morning,home
i wan food,i wan food,snack,afternoon,hospital
tak me to hospital,take me to hospital,hospital,midday,school
where is the sellotape,where is the sellotape,sellotape,midday,school
it s 2000 rupees,it s 2000 rupees,inr 2000,afternoon,hospital
give m muskmelon,give m muskmelon,muskmelon,evening,restaurant
i want a drnk,i want a drnk,water,morning,home
getme a glass,get a glass,glass,midday,school
i want a drink,i want a drink,coca-cola,evening,restaurant
there is the bus,there is the bus,bus,midday,school
can you make a sandwich for me,can you make a sandwich for me,sandwich,afternoon,hospital
i am feeling warm,i am feeling warm,feeling warm,midday,school
i want a drink,i want a drink,coca-cola,evening,restaurant
i am thirsty,i am thirsty,juice,evening,restaurant
i feel pain,i feel pain,doctor,afternoon,hospital
i need medicine,i need medicine,tablet,morning,home
i need medicine,i need medicine,capsule,afternoon,hospital
its my legos,its my legos,legos,morning,home
i don't understand,i don't understand,i don't understand,night,community
its snowy,its snowy,snowy,night,community
there's the pengiun,there's the penguin,penguin,afternoon,hospital
give me muskmelon,give me muskmelon,muskmelon,midday,school
i want dnout,i want donut,donut,morning,home
give some piclke,give some pickle,pickle,afternoon,hospital
i wan food,i wan food,dinner,night,community
i feel cold,i feel cold,sweater,evening,restaurant
itsso golden,its golden,golden,evening,restaurant
i feel sick,i feel sick,i feel sick,midday,school
give me a cu,give me a cut,cup,evening,restaurant
i want to wear belt,i want to wear belt,belt,evening,restaurant
i wanthard boiled eggs,i wanthard boiled eggs,hard boiled eggs,night,community
itsgray,itsgray,gray,evening,restaurant
give me some curd,give me some curd,curd,afternoon,hospital
its inside hte fridge,its inside white fridge,fridge,morning,home
i want a drink,i want a drink,juice,midday,school
tkae me to canteen,take me to canteen,canteen,afternoon,hospital
this is my caregiver,this is my caregiver,caregiver,morning,home
i need medicine,i need medicine,capsule,afternoon,hospital
i am feeling warm,i am feeling warm,feeling warm,morning,home
"""give me water.","""give me water.""",water,evening,restaurant
i wan to sleep,i wan to sleep,nap,afternoon,hospital
i feel pain,i feel pain,doctor,afternoon,hospital
add mr sause,add mr sause,sauce,afternoon,hospital
pls,pls,please,midday,school
can yo make me some scrambled eggs,can you make me some scrambled eggs,scrambled eggs,afternoon,hospital
its a bffl,its a bffl,buffalo,midday,school
its a buffal,its a buffalo,buffalo,night,community
there is the skipin rope,there is the skiping rope,skipping rope,evening,restaurant
i wantto watch cricket,i want watch cricket,cricket,night,community
these are my favouritse,these are my favourites,favourites,afternoon,hospital
i want to buy some stationary,i want to buy some stationary,stationery,afternoon,hospital
i am hungry,i am hungry,lunch,midday,school
beautiful colors,beautiful colors,colors,evening,restaurant
i want oatmeal,i want oatmeal,oatmeal,afternoon,hospital
i want chikoo milkshake,i want chikoo milkshake,chikoo milkshake,morning,home
happy birthday,happy birthday,friend's birthday,midday,school
give me some nuts,give me some nuts,nuts,evening,restaurant
give memuskmelon,give muskmelon,muskmelon,night,community
i want blueberry,i want blueberry,blueberry,night,community
there ispanda,there panda,panda,afternoon,hospital
giveme an eraser,give an eraser,eraser,evening,restaurant
give me sm fruit,give me sm fruit,fruit,night,community
i want to sleap,i want to sleap,nap,afternoon,hospital
godo night,good night,good night,evening,restaurant
i wnt pork,i want pork,pork,morning,home
thereis a bee,there's a bee,bee,evening,restaurant
i feel cold,i feel cold,coat,night,community
i want a drnk,i want a drnk,water,afternoon,hospital
give me some dips,give me some dips,dips,evening,restaurant
give me som eggs,give me some eggs,eggs,evening,restaurant
give me some unts,give me some nuts,nuts,night,community
i feel cold,i feel cold,blanket,morning,home
shall we go i car,shall we go i car,car,evening,restaurant
canyou repeat that question,canyou repeat that question,questions,evening,restaurant
quiet please,quiet please,quiet please!,morning,home
i feel pain,i feel pain,doctor,afternoon,hospital
there is the horse,there is the horse,horse,midday,school
i love mango,i love mango,mango,morning,home
i am thirsty,i am thirsty,water,morning,home
draw a slanting line,draw a slanting line,slanting line,night,community
i want a drnk,i want a drnk,soda,night,community
i want to eat,i want to eat,snack,afternoon,hospital
they are my friend,they are my friend,friends,night,community
this is brow,this is brown,brown,morning,home
i want to sleap,i want to sleap,nap,afternoon,hospital
its in kithcen,its in kitchen,kitchen,midday,school
i wan a drink,i wan a drink,soda,night,community
i need medicine,i need medicine,syrup,night,community
can you ctu my nails,can you ctu my nails,cut nails,morning,home
take me to th shop,take me to the shop,shop,afternoon,hospital
ilike soccer,like soccer,soccer,night,community
i want food,i want food,lunch,midday,school
give me papay,give me papaya,papaya,evening,restaurant
its spring itme,its spring time,spring,evening,restaurant
t is 50 rupees,t is 50 rupees,inr 50,morning,home
i need medicine,i need medicine,syrup,night,community
great job,great job,great job!!!,night,community
add some peppe,add some pepper,pepper,afternoon,hospital
i want ice crm,i want ice cream,icecream,midday,school
it is 050 rupees,it is 50 rupees,inr 500,midday,school
i want to see nurse,i want to see nurse,nurse,morning,home
i am sorry,i am sorry,i am sorry,midday,school
i want to sleep,i want to sleep,nap,morning,home
microwave it,microwave it,microwave,morning,home
happybirthday,birthday,cousin's birthday,morning,home
ge my necklace,gve my necklace,necklace,midday,school
i am thirsty,i am thirsty,water,morning,home
make me somefrench toast,make me french toast,french toast,night,community
can y comb my hair,can y comb my hair,comb hair,afternoon,hospital
dosome salad dressing,some salad dressing,salad dressing,afternoon,hospital
sabzi is nc,sabzi is nc,sabzi,night,community
no hitting please,no hitting please,no hitting please,morning,home
give me sm biscuit,give me sm biscuit,biscuits,morning,home
give me some food,give me some food,food,night,community
give me somefanta,give me somefanta,fanta,morning,home
can you cmb my hair,can you comb my hair,comb hair,evening,restaurant
pleaseshare,please share,please share,midday,school
i am hungry,i am hungry,tiffin,evening,restaurant
i see the cwo,i see the cwo,cow,morning,home
iwant croissant,want croissant,croissant,evening,restaurant
i wan to eat,i wan to eat,breakfast,morning,home
i need medicine,i need medicine,capsule,afternoon,hospital
"""please give me a dosa.""","""please give me a dosa.""",dosa,night,community
its sohot,its hot,hot,night,community
i am feelingcold,i am feeling cold,feeling cold,morning,home
shall we go to an restaurant,shall we go to an restaurant,restaurant,afternoon,hospital
there isthe skiping rope,there the skiping rope,skipping rope,morning,home
give me bread,give me bread,bread,afternoon,hospital
ineed mutton,need mutton,mutton,night,community
letsgo to grocery shop,lets to grocery shop,grocery shop,morning,home
how many,how many,how many,morning,home
i have a bde time routine,i have a be time routine,bed time routine,evening,restaurant
i am hungry,i am hungry,dinner,night,community
can weplay hide and seek,can play hide and seek,hide and seek,evening,restaurant
i want some lemon juice,i want some lemon juice,lemon juice,evening,restaurant
happy birthday,happy birthday,birthdays,afternoon,hospital
i wan to eat,i wan to eat,lunch,midday,school
lts go to fruit shop,lets go to fruit shop,fruit shop,midday,school
my clothesare loose,my clothes loose,my clothes are loose,morning,home
ths is my chappals,this is my chappals,chappals,evening,restaurant
can you hepl me remove clothes,can you hepl me remove clothes,help remove clothes,evening,restaurant
i need medicine,i need medicine,syrup,evening,restaurant
there is th skunk,there is the skunk,skunk,evening,restaurant
i see birds,i see birds,birds,night,community
i want a drnk,i want a drnk,coca-cola,evening,restaurant
beautifu colors,beautiful colors,colors,night,community
crumble it,crumble it,crumble,night,community
i feel pain,i feel pain,sit,evening,restaurant
i want medu wada,i want medu wada,medu wada,afternoon,hospital
giv me something to drink,give me something to drink,drinks,morning,home
dd some masala,add some masala,masala,evening,restaurant
i need cmptr,i need computer,computer,midday,school
tis awesome,this awesome,awesome!,afternoon,hospital
use pape clip,use paper clip,paper clip,evening,restaurant
i want a drink,i want a drink,soda,night,community
i want fud,i want fud,dinner,night,community
thereis a dog,there's a dog,dog,midday,school
i feel pain,i feel pain,rest,morning,home
there is the gaot,there is the goat,goat,afternoon,hospital
i want jalebi,i want jalebi,jalebi,evening,restaurant
give  milkshake,give milkshake,milkshake,afternoon,hospital
no picking nose pleas,no picking nose please,no picking nose please,night,community
go to medical shop,go to medical shop,medical shop-chemist's shop-pharmacy,night,community
acn you change to previous channel,an you change to previous channel,previous channel,night,community
whatis the current season,what the current season,current season,morning,home
i want a drnk,i want a drnk,water,afternoon,hospital
i want to wear salwarkameez,i want to wear salwar kameez,salwar kameez,midday,school
give me some curd,give me some curd,curd,morning,home
i need medicine,i need medicine,tablet,morning,home
switch on the lght,switch on the light,light,midday,school
there is some mone,there is some money,money,afternoon,hospital
i am thirsty,i am thirsty,juice,evening,restaurant
i feel cold,i feel cold,sweater,evening,restaurant
i am amazed,i am amazed,amazed,afternoon,hospital
i??ts a circle,its a circle,circle,night,community
i need medicin,i need medicin,tablet,morning,home
i need medicine,i need medicine,tablet,midday,school
its a sprrw,its a sparrow,sparrow,night,community
my legs,my legs,legs,night,community
itis 100 rupees,its 100 rupees,inr 100,midday,school
m hat,m hat,hat,midday,school
i want to change theslacks,i want to change slacks,change slacks,morning,home
i want food,i want food,snack,afternoon,hospital
tk me to hospital,tk me to hospital,hospital,afternoon,hospital
i wan a drink,i wan a drink,juice,midday,school
it is my school notebook,it is my school notebook,school notebook,evening,restaurant
i want to sleep,i want to sleep,rest,evening,restaurant
"""please give me a dosa.""","""please give me a dosa.""",dosa,midday,school
i wan to eat,i wan to eat,tiffin,evening,restaurant
ptu my body vest,ptu my body vest,body vests,evening,restaurant
i wnt pav bhaji,i want pav bhaji,pav bhaji,night,community
i wan to sleep,i wan to sleep,nap,afternoon,hospital
i wan to sleep,i wan to sleep,nap,midday,school
i am happ,i am happy,happy,midday,school
there is a dg,there is a dog,dog,night,community
i want to see nurse,i want to see nurse,nurse,midday,school
i am hungry,i am hungry,tiffin,evening,restaurant
my ys,my ys,eyes,evening,restaurant
i need some vcd,i need some vcd,avacado,night,community
give me muskmelon,give me muskmelon,muskmelon,evening,restaurant
i want food,i want food,snack,afternoon,hospital
 need mutton,need mutton,mutton,morning,home
i wnat mac and cheese,i what mac and cheese,mac and cheese,morning,home
give m a spoon,give m a spoon,spoon,evening,restaurant
i want fud,i want fud,snack,afternoon,hospital
its a cucko,its a cuckoo,cuckoo,night,community
i want to eat,i want to eat,breakfast,morning,home
gv me paint,gve me paint,paint,afternoon,hospital
i lv sausage,i lv sausage,sausage,morning,home
i wantpineapple,i pineapple,pineapple,midday,school
switch to next channel,switch to next channel,next channel,morning,home
i am thirsty,i am thirsty,soda,night,community
i want to go to church,i want to go to church,church,midday,school
i am hungry,i am hungry,lunch,midday,school
giv me a granola bar,give me a granola bar,granola bar,night,community
hi mo,hi mom,mother,evening,restaurant
i lv sausage,i lv sausage,sausage,night,community
i want to buy some stationary,i want to buy some stationary,stationery,night,community
i am stressed out,i am stressed out,stressed,afternoon,hospital
take my drawin book,take my drawing book,drawing book,midday,school
giv me something to drink,give me something to drink,drinks,night,community
switch to enxt channel,switch to next channel,next channel,night,community
i want food,i want food,lunch,midday,school
i want to go to clinic,i want to go to clinic,clinic,evening,restaurant
i need medicine,i need medicine,syrup,night,community
i am hungry,i am hungry,dinner,night,community
help me with myshoes,help me with shoes,shoes,midday,school
there i a monkey,there i a monkey,monkey,morning,home
shall we play board game,shall we play board game,board game,evening,restaurant
no inappropriatetouch please,no inappropriate please,no inappropriate touch please,evening,restaurant
ihave allergy,have allergy,allergy,afternoon,hospital
i am hungry,i am hungry,snack,afternoon,hospital
i like towatch rollerskating,i like watch rollerskating,rollerskating,morning,home
no pinching please,no pinching please,no pinching please,morning,home
shall we play board gm,shall we play board gm,board game,evening,restaurant
there isa mouse,there is mouse,mouse,night,community
i want to sleep,i want to sleep,nap,morning,home
hi grndp,hi grandpa,grandfather,morning,home
i want jaleb,i want jalebi,jalebi,midday,school
i feel cold,i feel cold,shawl,afternoon,hospital
i want a drink,i want a drink,soda,night,community
where is the scissors,where is the scissors,scissors,evening,restaurant
i want ginger l,i want ginger l,ginger ale,morning,home
i hv my mourning routine,i hv my mourning routine,morning routine,night,community
happy birthday,happy birthday,grandpa's birthday,afternoon,hospital
i am doing leg exercise,i am doing leg exercise,leg exercises,evening,restaurant
it?? a cockroach,its a cockroach,cockroach,midday,school
there s the picture book,there s the picture book,picture book,midday,school
i want to eat,i want to eat,tiffin,evening,restaurant
i want to sleep,i want to sleep,rest,evening,restaurant
 like softball,like softball,softball,morning,home
itsthe donkey,itsthe donkey,donkey,evening,restaurant
i love dragonfrui,i love dragonfruit,dragonfruit,night,community
give me something to drink,give me something to drink,drinks,midday,school
its the green light,its the green light,green light- go,afternoon,hospital
i need medicine,i need medicine,tablet,midday,school
gv me some chutney,gve me some chutney,chutney,morning,home
it is blu,it is blue,blue,night,community
com lets dance,come lets dance,lets dance,midday,school
i wan food,i wan food,snack,afternoon,hospital
hlp me pls,help me pls,help,morning,home
take that bowl,take that bowl,bowl,midday,school
i want brownie,i want brownie,brownie,afternoon,hospital
i want a drnk,i want a drnk,water,morning,home
take all the books,take all the books,books,afternoon,hospital
i wantcold coffee,i wantcold coffee,cold coffee,midday,school
have a good day,have a good day,day,evening,restaurant
i wan to sleep,i wan to sleep,rest,evening,restaurant
make som pasta,make some pasta,pasta,midday,school
iwas hit,was hit,i was hit,morning,home
i am thirsty,i am thirsty,water bottle,midday,school
i am hungry,i am hungry,lunch,midday,school
microwave it,microwave it,microwave,night,community
i want some beans o toast,i want some beans o toast,beans on toast,night,community
give me coloured ppr,give me coloured paper,coloured paper,afternoon,hospital
its the dnokey,its the donkey,donkey,night,community
where is my spectacles,where is my spectacles,spectacles,night,community
where is the muffi,where is the muffin,muffin,night,community
ge my necklace,gve my necklace,necklace,night,community
where is the pencil lead,where is the pencil lead,pencil lead,midday,school
lets go in escalator,lets go in escalator,escalator,midday,school
please show me,please show me,please show me,night,community
i have flngs,i have feelings,feelings,afternoon,hospital
ti??s bat,this bat,bat,evening,restaurant
i want to eat,i want to eat,lunch,midday,school
there is the mu,there is the mug,mug,morning,home
add osme chilli flakes,add some chilli flakes,chilli flakes,afternoon,hospital
i am feelin warm,i am feeling warm,feeling warm,night,community
this ismy caregiver,this ismy caregiver,caregiver,night,community
can you rst beef,can you roast beef,roast beef,morning,home
can you seal it,can you seal it,seal,midday,school
good morning,good morning,good morning,evening,restaurant
tak me to hospital,take me to hospital,hospital,afternoon,hospital
there is a biosn,there is a bison,bison,afternoon,hospital
i want to go to clinic,i want to go to clinic,clinic,midday,school
i am hungry,i am hungry,snack,afternoon,hospital
giev me energy drink,give me energy drink,energy drink,night,community
take me to bathorom,take me to bathroom,bathroom,afternoon,hospital
i want to play frisbee,i want to play frisbee,frisbee,midday,school
i want brownie,i want brownie,brownie,morning,home
give me some biscuit,give me some biscuit,biscuits,night,community
i want t watch handball,i want t watch handball,handball,afternoon,hospital
can you change to previous channel,can you change to previous channel,previous channel,evening,restaurant
i am thirsty,i am thirsty,water,afternoon,hospital
i want to sleep,i want to sleep,nap,afternoon,hospital
i wantto change my pants,i want change my pants,change pants,night,community
i am thirsty,i am thirsty,soda,night,community
lets go to fun zone,lets go to fun zone,fun zone,morning,home
my heart,my heart,heart,midday,school
i wan to sleep,i wan to sleep,nap,midday,school
switch onthe heater,switch month heater,heater,night,community
is this the standing line,is this the standing line,standing line,night,community
its inside hte fridge,its inside white fridge,fridge,night,community
i feel cold,i feel cold,sweater,evening,restaurant
giveme an eraser,give an eraser,eraser,night,community
hello aunt,hello aunt,aunt,afternoon,hospital
how do you do,how do you do,how do you do,evening,restaurant
ihave feelings,have feelings,feelings,afternoon,hospital
itsa snake,its snake,snake,night,community
i want food,i want food,breakfast,morning,home
ths hurts,this hurts,hurt,evening,restaurant
take me to bedroom,take me to bedroom,bedroom,midday,school
i am happy,i am happy,happy,afternoon,hospital
i am confused,i am confused,confused,afternoon,hospital
its my birthday,its my birthday,my birthday,afternoon,hospital
i want food,i want food,lunch,midday,school
its a cta,its a cta,cat,morning,home
happy easter,happy easter,easter,evening,restaurant
i wan food,i wan food,dinner,night,community
hlelo,hello,hello,afternoon,hospital
i feel pain,i feel pain,sit,evening,restaurant
i am thirsty,i am thirsty,water,afternoon,hospital
i want to eat,i want to eat,breakfast,morning,home
buy me a mountai dew,buy me a mountain dew,mountain dew,evening,restaurant
salsa taste good,salsa taste good,salsa,afternoon,hospital
its  circle,its circle,circle,evening,restaurant
plaese,please,please,evening,restaurant
hi-five,hi-five,hi-five,midday,school
i want to eat,i want to eat,lunch,midday,school
no inappropriate touch pleas,no inappropriate touch please,no inappropriate touch please,evening,restaurant
its the peach,its the peach,peach,morning,home
